user,hour,resource_request_cpu,resource_request_memory,average_usage_cpu,average_usage_memory,maximum_usage_cpu,maximum_usage_memory
ly4HE4d+6E8BqXgm6E1eGNKu8OiiZE+Gj/D4YUMRFDU=,1970-01-05 13:00:00,0.00566864013671875,0.00262451171875,0.00547027587890625,0.0011119842529296875,0.0128936767578125,0.00131988525390625
ly4HE4d+6E8BqXgm6E1eGNKu8OiiZE+Gj/D4YUMRFDU=,1970-01-06 08:00:00,0.0081024169921875,0.00403594970703125,0.0019321441650390625,5.53131103515625e-05,0.0030517578125,0.00013065338134765625
ly4HE4d+6E8BqXgm6E1eGNKu8OiiZE+Gj/D4YUMRFDU=,1970-01-06 09:00:00,0.0081024169921875,0.00403594970703125,0.0019321441650390625,5.53131103515625e-05,0.0030517578125,0.00013065338134765625
ly4HE4d+6E8BqXgm6E1eGNKu8OiiZE+Gj/D4YUMRFDU=,1970-01-06 11:00:00,0.0081024169921875,0.00403594970703125,0.0019321441650390625,5.53131103515625e-05,0.0030517578125,0.00013065338134765625
ly4HE4d+6E8BqXgm6E1eGNKu8OiiZE+Gj/D4YUMRFDU=,1970-01-06 12:00:00,0.0081024169921875,0.00403594970703125,0.0019321441650390625,5.53131103515625e-05,0.0030517578125,0.00013065338134765625
ly4HE4d+6E8BqXgm6E1eGNKu8OiiZE+Gj/D4YUMRFDU=,1970-01-06 13:00:00,0.0081024169921875,0.00403594970703125,0.0019321441650390625,5.53131103515625e-05,0.0030517578125,0.00013065338134765625
ly4HE4d+6E8BqXgm6E1eGNKu8OiiZE+Gj/D4YUMRFDU=,1970-01-06 14:00:00,0.0081024169921875,0.00403594970703125,0.0019321441650390625,5.53131103515625e-05,0.0030517578125,0.00013065338134765625
ly4HE4d+6E8BqXgm6E1eGNKu8OiiZE+Gj/D4YUMRFDU=,1970-01-06 15:00:00,0.0081024169921875,0.00403594970703125,0.0019321441650390625,5.53131103515625e-05,0.0030517578125,0.00013065338134765625
ly4HE4d+6E8BqXgm6E1eGNKu8OiiZE+Gj/D4YUMRFDU=,1970-01-06 16:00:00,0.0081024169921875,0.00403594970703125,0.0019321441650390625,5.53131103515625e-05,0.0030517578125,0.00013065338134765625
ly4HE4d+6E8BqXgm6E1eGNKu8OiiZE+Gj/D4YUMRFDU=,1970-01-06 17:00:00,0.0081024169921875,0.00403594970703125,0.0019321441650390625,5.53131103515625e-05,0.0030517578125,0.00013065338134765625
ly4HE4d+6E8BqXgm6E1eGNKu8OiiZE+Gj/D4YUMRFDU=,1970-01-06 18:00:00,0.0081024169921875,0.00403594970703125,0.0019321441650390625,5.53131103515625e-05,0.0030517578125,0.00013065338134765625
ly4HE4d+6E8BqXgm6E1eGNKu8OiiZE+Gj/D4YUMRFDU=,1970-01-06 19:00:00,0.0081024169921875,0.00403594970703125,0.0019321441650390625,5.53131103515625e-05,0.0030517578125,0.00013065338134765625
ly4HE4d+6E8BqXgm6E1eGNKu8OiiZE+Gj/D4YUMRFDU=,1970-01-06 21:00:00,0.0081024169921875,0.00403594970703125,0.0019321441650390625,5.53131103515625e-05,0.0030517578125,0.00013065338134765625
ly4HE4d+6E8BqXgm6E1eGNKu8OiiZE+Gj/D4YUMRFDU=,1970-01-06 22:00:00,0.0081024169921875,0.00403594970703125,0.0019321441650390625,5.53131103515625e-05,0.0030517578125,0.00013065338134765625
ly4HE4d+6E8BqXgm6E1eGNKu8OiiZE+Gj/D4YUMRFDU=,1970-01-06 23:00:00,0.0081024169921875,0.00403594970703125,0.0019321441650390625,5.53131103515625e-05,0.0030517578125,0.00013065338134765625
ly4HE4d+6E8BqXgm6E1eGNKu8OiiZE+Gj/D4YUMRFDU=,1970-01-07 00:00:00,0.0081024169921875,0.00403594970703125,0.0019321441650390625,5.53131103515625e-05,0.0030517578125,0.00013065338134765625
ly4HE4d+6E8BqXgm6E1eGNKu8OiiZE+Gj/D4YUMRFDU=,1970-01-07 01:00:00,0.0081024169921875,0.00403594970703125,0.0019321441650390625,5.53131103515625e-05,0.0030517578125,0.00013065338134765625
ly4HE4d+6E8BqXgm6E1eGNKu8OiiZE+Gj/D4YUMRFDU=,1970-01-07 02:00:00,0.0081024169921875,0.00403594970703125,0.0019321441650390625,5.53131103515625e-05,0.0030517578125,0.00013065338134765625
ly4HE4d+6E8BqXgm6E1eGNKu8OiiZE+Gj/D4YUMRFDU=,1970-01-07 04:00:00,0.0081024169921875,0.00403594970703125,0.0019321441650390625,5.53131103515625e-05,0.0030517578125,0.00013065338134765625
ly4HE4d+6E8BqXgm6E1eGNKu8OiiZE+Gj/D4YUMRFDU=,1970-01-07 05:00:00,0.0081024169921875,0.00403594970703125,0.0019321441650390625,5.53131103515625e-05,0.0030517578125,0.00013065338134765625
ly4HE4d+6E8BqXgm6E1eGNKu8OiiZE+Gj/D4YUMRFDU=,1970-01-07 06:00:00,0.0081024169921875,0.00403594970703125,0.0019321441650390625,5.53131103515625e-05,0.0030517578125,0.00013065338134765625
ly4HE4d+6E8BqXgm6E1eGNKu8OiiZE+Gj/D4YUMRFDU=,1970-01-07 08:00:00,0.0081024169921875,0.00403594970703125,0.0019321441650390625,5.53131103515625e-05,0.0030517578125,0.00013065338134765625
ly4HE4d+6E8BqXgm6E1eGNKu8OiiZE+Gj/D4YUMRFDU=,1970-01-07 12:00:00,0.0081024169921875,0.00403594970703125,0.0019321441650390625,5.53131103515625e-05,0.0030517578125,0.00013065338134765625
ly4HE4d+6E8BqXgm6E1eGNKu8OiiZE+Gj/D4YUMRFDU=,1970-01-07 13:00:00,0.0081024169921875,0.00403594970703125,0.0019321441650390625,5.53131103515625e-05,0.0030517578125,0.00013065338134765625
ly4HE4d+6E8BqXgm6E1eGNKu8OiiZE+Gj/D4YUMRFDU=,1970-01-07 14:00:00,0.0081024169921875,0.00403594970703125,0.0019321441650390625,5.53131103515625e-05,0.0030517578125,0.00013065338134765625
ly4HE4d+6E8BqXgm6E1eGNKu8OiiZE+Gj/D4YUMRFDU=,1970-01-07 15:00:00,0.0081024169921875,0.00403594970703125,0.0019321441650390625,5.53131103515625e-05,0.0030517578125,0.00013065338134765625
ly4HE4d+6E8BqXgm6E1eGNKu8OiiZE+Gj/D4YUMRFDU=,1970-01-07 16:00:00,0.0081024169921875,0.00403594970703125,0.0019321441650390625,5.53131103515625e-05,0.0030517578125,0.00013065338134765625
ly4HE4d+6E8BqXgm6E1eGNKu8OiiZE+Gj/D4YUMRFDU=,1970-01-07 17:00:00,0.0081024169921875,0.00403594970703125,0.0019321441650390625,5.53131103515625e-05,0.0030517578125,0.00013065338134765625
ly4HE4d+6E8BqXgm6E1eGNKu8OiiZE+Gj/D4YUMRFDU=,1970-01-07 18:00:00,0.0081024169921875,0.00403594970703125,0.0019321441650390625,5.53131103515625e-05,0.0030517578125,0.00013065338134765625
ly4HE4d+6E8BqXgm6E1eGNKu8OiiZE+Gj/D4YUMRFDU=,1970-01-07 20:00:00,0.0081024169921875,0.00403594970703125,0.0019321441650390625,5.53131103515625e-05,0.0030517578125,0.00013065338134765625
ly4HE4d+6E8BqXgm6E1eGNKu8OiiZE+Gj/D4YUMRFDU=,1970-01-07 21:00:00,0.0081024169921875,0.00403594970703125,0.0019321441650390625,5.53131103515625e-05,0.0030517578125,0.00013065338134765625
ly4HE4d+6E8BqXgm6E1eGNKu8OiiZE+Gj/D4YUMRFDU=,1970-01-07 23:00:00,0.0081024169921875,0.00403594970703125,0.0019321441650390625,5.53131103515625e-05,0.0030517578125,0.00013065338134765625
ly4HE4d+6E8BqXgm6E1eGNKu8OiiZE+Gj/D4YUMRFDU=,1970-01-08 00:00:00,0.0081024169921875,0.00403594970703125,0.0019321441650390625,5.53131103515625e-05,0.0030517578125,0.00013065338134765625
ly4HE4d+6E8BqXgm6E1eGNKu8OiiZE+Gj/D4YUMRFDU=,1970-01-08 01:00:00,0.0081024169921875,0.00403594970703125,0.0019321441650390625,5.53131103515625e-05,0.0030517578125,0.00013065338134765625
ly4HE4d+6E8BqXgm6E1eGNKu8OiiZE+Gj/D4YUMRFDU=,1970-01-08 02:00:00,0.0081024169921875,0.00403594970703125,0.0019321441650390625,5.53131103515625e-05,0.0030517578125,0.00013065338134765625
ly4HE4d+6E8BqXgm6E1eGNKu8OiiZE+Gj/D4YUMRFDU=,1970-01-08 03:00:00,0.0081024169921875,0.00403594970703125,0.0019321441650390625,5.53131103515625e-05,0.0030517578125,0.00013065338134765625
ly4HE4d+6E8BqXgm6E1eGNKu8OiiZE+Gj/D4YUMRFDU=,1970-01-08 04:00:00,0.0081024169921875,0.00403594970703125,0.0019321441650390625,5.53131103515625e-05,0.0030517578125,0.00013065338134765625
ly4HE4d+6E8BqXgm6E1eGNKu8OiiZE+Gj/D4YUMRFDU=,1970-01-08 05:00:00,0.0081024169921875,0.00403594970703125,0.0019321441650390625,5.53131103515625e-05,0.0030517578125,0.00013065338134765625
ly4HE4d+6E8BqXgm6E1eGNKu8OiiZE+Gj/D4YUMRFDU=,1970-01-08 07:00:00,0.0081024169921875,0.00403594970703125,0.0019321441650390625,5.53131103515625e-05,0.0030517578125,0.00013065338134765625
ly4HE4d+6E8BqXgm6E1eGNKu8OiiZE+Gj/D4YUMRFDU=,1970-01-08 08:00:00,0.0081024169921875,0.00403594970703125,0.0019321441650390625,5.53131103515625e-05,0.0030517578125,0.00013065338134765625
ly4HE4d+6E8BqXgm6E1eGNKu8OiiZE+Gj/D4YUMRFDU=,1970-01-08 09:00:00,0.0081024169921875,0.00403594970703125,0.0019321441650390625,5.53131103515625e-05,0.0030517578125,0.00013065338134765625
ly4HE4d+6E8BqXgm6E1eGNKu8OiiZE+Gj/D4YUMRFDU=,1970-01-08 10:00:00,0.0081024169921875,0.00403594970703125,0.0019321441650390625,5.53131103515625e-05,0.0030517578125,0.00013065338134765625
ly4HE4d+6E8BqXgm6E1eGNKu8OiiZE+Gj/D4YUMRFDU=,1970-01-08 11:00:00,0.0081024169921875,0.00403594970703125,0.0019321441650390625,5.53131103515625e-05,0.0030517578125,0.00013065338134765625
ly4HE4d+6E8BqXgm6E1eGNKu8OiiZE+Gj/D4YUMRFDU=,1970-01-08 12:00:00,0.0081024169921875,0.00403594970703125,0.0019321441650390625,5.53131103515625e-05,0.0030517578125,0.00013065338134765625
ly4HE4d+6E8BqXgm6E1eGNKu8OiiZE+Gj/D4YUMRFDU=,1970-01-08 13:00:00,0.0081024169921875,0.00403594970703125,0.0019321441650390625,5.53131103515625e-05,0.0030517578125,0.00013065338134765625
ly4HE4d+6E8BqXgm6E1eGNKu8OiiZE+Gj/D4YUMRFDU=,1970-01-09 03:00:00,0.0081024169921875,0.00403594970703125,0.0019321441650390625,5.53131103515625e-05,0.0030517578125,0.00013065338134765625
ly4HE4d+6E8BqXgm6E1eGNKu8OiiZE+Gj/D4YUMRFDU=,1970-01-09 11:00:00,0.0153961181640625,0.0056915283203125,0.0,0.0005979537963867188,0.0,0.0005979537963867188
ly4HE4d+6E8BqXgm6E1eGNKu8OiiZE+Gj/D4YUMRFDU=,1970-01-09 12:00:00,0.0153961181640625,0.0056915283203125,0.0,0.0005979537963867188,0.0,0.0005979537963867188
ly4HE4d+6E8BqXgm6E1eGNKu8OiiZE+Gj/D4YUMRFDU=,1970-01-09 13:00:00,0.0153961181640625,0.0056915283203125,0.0,0.0005979537963867188,0.0,0.0005979537963867188
ly4HE4d+6E8BqXgm6E1eGNKu8OiiZE+Gj/D4YUMRFDU=,1970-01-09 14:00:00,0.0081024169921875,0.002475738525390625,0.00525665283203125,0.0018100738525390625,0.0088653564453125,0.002475738525390625
ly4HE4d+6E8BqXgm6E1eGNKu8OiiZE+Gj/D4YUMRFDU=,1970-01-09 15:00:00,0.0081024169921875,0.002475738525390625,0.00525665283203125,0.0018100738525390625,0.0088653564453125,0.002475738525390625
ly4HE4d+6E8BqXgm6E1eGNKu8OiiZE+Gj/D4YUMRFDU=,1970-01-09 16:00:00,0.0153961181640625,0.0056915283203125,0.0,0.0005979537963867188,0.0,0.0005979537963867188
ly4HE4d+6E8BqXgm6E1eGNKu8OiiZE+Gj/D4YUMRFDU=,1970-01-09 17:00:00,0.0141754150390625,0.00390625,0.018096923828125,0.0009222030639648438,0.0584716796875,0.00133514404296875
ly4HE4d+6E8BqXgm6E1eGNKu8OiiZE+Gj/D4YUMRFDU=,1970-01-09 20:00:00,0.0081024169921875,0.002475738525390625,0.00525665283203125,0.0018100738525390625,0.0088653564453125,0.002475738525390625
ly4HE4d+6E8BqXgm6E1eGNKu8OiiZE+Gj/D4YUMRFDU=,1970-01-09 21:00:00,0.0153961181640625,0.0056915283203125,0.0,0.0005979537963867188,0.0,0.0005979537963867188
ly4HE4d+6E8BqXgm6E1eGNKu8OiiZE+Gj/D4YUMRFDU=,1970-01-09 23:00:00,0.0153961181640625,0.0056915283203125,0.0,0.0005979537963867188,0.0,0.0005979537963867188
ly4HE4d+6E8BqXgm6E1eGNKu8OiiZE+Gj/D4YUMRFDU=,1970-01-10 00:00:00,0.0153961181640625,0.0056915283203125,0.0,0.0005979537963867188,0.0,0.0005979537963867188
ly4HE4d+6E8BqXgm6E1eGNKu8OiiZE+Gj/D4YUMRFDU=,1970-01-10 01:00:00,0.0153961181640625,0.0056915283203125,0.0,0.0005979537963867188,0.0,0.0005979537963867188
ly4HE4d+6E8BqXgm6E1eGNKu8OiiZE+Gj/D4YUMRFDU=,1970-01-10 02:00:00,0.0081024169921875,0.002475738525390625,0.00525665283203125,0.0018100738525390625,0.0088653564453125,0.002475738525390625
ly4HE4d+6E8BqXgm6E1eGNKu8OiiZE+Gj/D4YUMRFDU=,1970-01-10 03:00:00,0.0153961181640625,0.0056915283203125,0.0,0.0005979537963867188,0.0,0.0005979537963867188
ly4HE4d+6E8BqXgm6E1eGNKu8OiiZE+Gj/D4YUMRFDU=,1970-01-10 04:00:00,0.0081024169921875,0.002475738525390625,0.00525665283203125,0.0018100738525390625,0.0088653564453125,0.002475738525390625
ly4HE4d+6E8BqXgm6E1eGNKu8OiiZE+Gj/D4YUMRFDU=,1970-01-10 05:00:00,0.0081024169921875,0.002475738525390625,0.00525665283203125,0.0018100738525390625,0.0088653564453125,0.002475738525390625
ly4HE4d+6E8BqXgm6E1eGNKu8OiiZE+Gj/D4YUMRFDU=,1970-01-10 07:00:00,0.0153961181640625,0.0056915283203125,0.0,0.0005979537963867188,0.0,0.0005979537963867188
ly4HE4d+6E8BqXgm6E1eGNKu8OiiZE+Gj/D4YUMRFDU=,1970-01-10 09:00:00,0.0153961181640625,0.0056915283203125,0.0,0.0005979537963867188,0.0,0.0005979537963867188
ly4HE4d+6E8BqXgm6E1eGNKu8OiiZE+Gj/D4YUMRFDU=,1970-01-10 10:00:00,0.0081024169921875,0.002475738525390625,0.00525665283203125,0.0018100738525390625,0.0088653564453125,0.002475738525390625
ly4HE4d+6E8BqXgm6E1eGNKu8OiiZE+Gj/D4YUMRFDU=,1970-01-10 11:00:00,0.0081024169921875,0.002475738525390625,0.00525665283203125,0.0018100738525390625,0.0088653564453125,0.002475738525390625
ly4HE4d+6E8BqXgm6E1eGNKu8OiiZE+Gj/D4YUMRFDU=,1970-01-10 12:00:00,0.0081024169921875,0.002475738525390625,0.00525665283203125,0.0018100738525390625,0.0088653564453125,0.002475738525390625
ly4HE4d+6E8BqXgm6E1eGNKu8OiiZE+Gj/D4YUMRFDU=,1970-01-10 13:00:00,0.0081024169921875,0.002475738525390625,0.00525665283203125,0.0018100738525390625,0.0088653564453125,0.002475738525390625
ly4HE4d+6E8BqXgm6E1eGNKu8OiiZE+Gj/D4YUMRFDU=,1970-01-10 14:00:00,0.0008096694946289062,0.000762939453125,0.0005273818969726562,0.00047779083251953125,0.0012359619140625,0.00048732757568359375
ly4HE4d+6E8BqXgm6E1eGNKu8OiiZE+Gj/D4YUMRFDU=,1970-01-10 15:00:00,0.0081024169921875,0.002475738525390625,0.00525665283203125,0.0018100738525390625,0.0088653564453125,0.002475738525390625
ly4HE4d+6E8BqXgm6E1eGNKu8OiiZE+Gj/D4YUMRFDU=,1970-01-10 16:00:00,0.0141754150390625,0.00390625,0.018096923828125,0.0009222030639648438,0.0584716796875,0.00133514404296875
ly4HE4d+6E8BqXgm6E1eGNKu8OiiZE+Gj/D4YUMRFDU=,1970-01-10 17:00:00,0.0081024169921875,0.002475738525390625,0.00525665283203125,0.0018100738525390625,0.0088653564453125,0.002475738525390625
ly4HE4d+6E8BqXgm6E1eGNKu8OiiZE+Gj/D4YUMRFDU=,1970-01-10 18:00:00,0.0081024169921875,0.002475738525390625,0.00525665283203125,0.0018100738525390625,0.0088653564453125,0.002475738525390625
ly4HE4d+6E8BqXgm6E1eGNKu8OiiZE+Gj/D4YUMRFDU=,1970-01-10 19:00:00,0.0153961181640625,0.0056915283203125,0.0,0.0005979537963867188,0.0,0.0005979537963867188
ly4HE4d+6E8BqXgm6E1eGNKu8OiiZE+Gj/D4YUMRFDU=,1970-01-10 20:00:00,0.0081024169921875,0.002475738525390625,0.00525665283203125,0.0018100738525390625,0.0088653564453125,0.002475738525390625
ly4HE4d+6E8BqXgm6E1eGNKu8OiiZE+Gj/D4YUMRFDU=,1970-01-10 21:00:00,0.0081024169921875,0.002475738525390625,0.00525665283203125,0.0018100738525390625,0.0088653564453125,0.002475738525390625
ly4HE4d+6E8BqXgm6E1eGNKu8OiiZE+Gj/D4YUMRFDU=,1970-01-10 22:00:00,0.0081024169921875,0.002475738525390625,0.00525665283203125,0.0018100738525390625,0.0088653564453125,0.002475738525390625
ly4HE4d+6E8BqXgm6E1eGNKu8OiiZE+Gj/D4YUMRFDU=,1970-01-10 23:00:00,0.00566864013671875,0.001888275146484375,0.00656890869140625,0.001033782958984375,0.017974853515625,0.001247406005859375
ly4HE4d+6E8BqXgm6E1eGNKu8OiiZE+Gj/D4YUMRFDU=,1970-01-11 02:00:00,0.0153961181640625,0.0056915283203125,0.0,0.0005979537963867188,0.0,0.0005979537963867188
ly4HE4d+6E8BqXgm6E1eGNKu8OiiZE+Gj/D4YUMRFDU=,1970-01-11 04:00:00,0.0081024169921875,0.002475738525390625,0.00525665283203125,0.0018100738525390625,0.0088653564453125,0.002475738525390625
ly4HE4d+6E8BqXgm6E1eGNKu8OiiZE+Gj/D4YUMRFDU=,1970-01-11 06:00:00,0.0153961181640625,0.0056915283203125,0.0,0.0005979537963867188,0.0,0.0005979537963867188
ly4HE4d+6E8BqXgm6E1eGNKu8OiiZE+Gj/D4YUMRFDU=,1970-01-11 08:00:00,0.0081024169921875,0.002475738525390625,0.00525665283203125,0.0018100738525390625,0.0088653564453125,0.002475738525390625
ly4HE4d+6E8BqXgm6E1eGNKu8OiiZE+Gj/D4YUMRFDU=,1970-01-11 09:00:00,0.0081024169921875,0.002475738525390625,0.00525665283203125,0.0018100738525390625,0.0088653564453125,0.002475738525390625
ly4HE4d+6E8BqXgm6E1eGNKu8OiiZE+Gj/D4YUMRFDU=,1970-01-11 10:00:00,0.0081024169921875,0.002475738525390625,0.00525665283203125,0.0018100738525390625,0.0088653564453125,0.002475738525390625
ly4HE4d+6E8BqXgm6E1eGNKu8OiiZE+Gj/D4YUMRFDU=,1970-01-11 11:00:00,0.0081024169921875,0.002475738525390625,0.00525665283203125,0.0018100738525390625,0.0088653564453125,0.002475738525390625
ly4HE4d+6E8BqXgm6E1eGNKu8OiiZE+Gj/D4YUMRFDU=,1970-01-11 12:00:00,0.0081024169921875,0.002475738525390625,0.00525665283203125,0.0018100738525390625,0.0088653564453125,0.002475738525390625
ly4HE4d+6E8BqXgm6E1eGNKu8OiiZE+Gj/D4YUMRFDU=,1970-01-11 13:00:00,0.0081024169921875,0.002475738525390625,0.00525665283203125,0.0018100738525390625,0.0088653564453125,0.002475738525390625
ly4HE4d+6E8BqXgm6E1eGNKu8OiiZE+Gj/D4YUMRFDU=,1970-01-11 14:00:00,0.0081024169921875,0.002475738525390625,0.00525665283203125,0.0018100738525390625,0.0088653564453125,0.002475738525390625
ly4HE4d+6E8BqXgm6E1eGNKu8OiiZE+Gj/D4YUMRFDU=,1970-01-11 15:00:00,0.0081024169921875,0.002475738525390625,0.00525665283203125,0.0018100738525390625,0.0088653564453125,0.002475738525390625
ly4HE4d+6E8BqXgm6E1eGNKu8OiiZE+Gj/D4YUMRFDU=,1970-01-11 16:00:00,0.0081024169921875,0.002475738525390625,0.00525665283203125,0.0018100738525390625,0.0088653564453125,0.002475738525390625
ly4HE4d+6E8BqXgm6E1eGNKu8OiiZE+Gj/D4YUMRFDU=,1970-01-11 18:00:00,0.0153961181640625,0.0056915283203125,0.0,0.0005979537963867188,0.0,0.0005979537963867188
ly4HE4d+6E8BqXgm6E1eGNKu8OiiZE+Gj/D4YUMRFDU=,1970-01-11 19:00:00,0.0153961181640625,0.0056915283203125,0.0,0.0005979537963867188,0.0,0.0005979537963867188
ly4HE4d+6E8BqXgm6E1eGNKu8OiiZE+Gj/D4YUMRFDU=,1970-01-12 03:00:00,0.0097198486328125,0.0022125244140625,0.0,1.239776611328125e-05,0.0,1.430511474609375e-05
ly4HE4d+6E8BqXgm6E1eGNKu8OiiZE+Gj/D4YUMRFDU=,1970-01-12 06:00:00,0.0081024169921875,0.002475738525390625,0.00525665283203125,0.0018100738525390625,0.0088653564453125,0.002475738525390625
ly4HE4d+6E8BqXgm6E1eGNKu8OiiZE+Gj/D4YUMRFDU=,1970-01-12 07:00:00,0.0081024169921875,0.002475738525390625,0.00525665283203125,0.0018100738525390625,0.0088653564453125,0.002475738525390625
ly4HE4d+6E8BqXgm6E1eGNKu8OiiZE+Gj/D4YUMRFDU=,1970-01-12 08:00:00,0.0081024169921875,0.002475738525390625,0.00525665283203125,0.0018100738525390625,0.0088653564453125,0.002475738525390625
ly4HE4d+6E8BqXgm6E1eGNKu8OiiZE+Gj/D4YUMRFDU=,1970-01-12 09:00:00,0.0081024169921875,0.002475738525390625,0.00525665283203125,0.0018100738525390625,0.0088653564453125,0.002475738525390625
ly4HE4d+6E8BqXgm6E1eGNKu8OiiZE+Gj/D4YUMRFDU=,1970-01-12 10:00:00,0.0081024169921875,0.002475738525390625,0.00525665283203125,0.0018100738525390625,0.0088653564453125,0.002475738525390625
ly4HE4d+6E8BqXgm6E1eGNKu8OiiZE+Gj/D4YUMRFDU=,1970-01-12 11:00:00,0.0081024169921875,0.002475738525390625,0.00525665283203125,0.0018100738525390625,0.0088653564453125,0.002475738525390625
ly4HE4d+6E8BqXgm6E1eGNKu8OiiZE+Gj/D4YUMRFDU=,1970-01-12 12:00:00,0.0153961181640625,0.0056915283203125,0.0,0.0005979537963867188,0.0,0.0005979537963867188
ly4HE4d+6E8BqXgm6E1eGNKu8OiiZE+Gj/D4YUMRFDU=,1970-01-12 13:00:00,0.0081024169921875,0.002475738525390625,0.00525665283203125,0.0018100738525390625,0.0088653564453125,0.002475738525390625
ly4HE4d+6E8BqXgm6E1eGNKu8OiiZE+Gj/D4YUMRFDU=,1970-01-12 14:00:00,0.0081024169921875,0.002475738525390625,0.00525665283203125,0.0018100738525390625,0.0088653564453125,0.002475738525390625
ly4HE4d+6E8BqXgm6E1eGNKu8OiiZE+Gj/D4YUMRFDU=,1970-01-12 15:00:00,0.0081024169921875,0.002475738525390625,0.00525665283203125,0.0018100738525390625,0.0088653564453125,0.002475738525390625
ly4HE4d+6E8BqXgm6E1eGNKu8OiiZE+Gj/D4YUMRFDU=,1970-01-12 16:00:00,0.0081024169921875,0.002475738525390625,0.00525665283203125,0.0018100738525390625,0.0088653564453125,0.002475738525390625
ly4HE4d+6E8BqXgm6E1eGNKu8OiiZE+Gj/D4YUMRFDU=,1970-01-12 17:00:00,0.0081024169921875,0.002475738525390625,0.00525665283203125,0.0018100738525390625,0.0088653564453125,0.002475738525390625
ly4HE4d+6E8BqXgm6E1eGNKu8OiiZE+Gj/D4YUMRFDU=,1970-01-12 18:00:00,0.0081024169921875,0.002475738525390625,0.00525665283203125,0.0018100738525390625,0.0088653564453125,0.002475738525390625
ly4HE4d+6E8BqXgm6E1eGNKu8OiiZE+Gj/D4YUMRFDU=,1970-01-12 19:00:00,0.0081024169921875,0.002475738525390625,0.00525665283203125,0.0018100738525390625,0.0088653564453125,0.002475738525390625
ly4HE4d+6E8BqXgm6E1eGNKu8OiiZE+Gj/D4YUMRFDU=,1970-01-12 20:00:00,0.0081024169921875,0.002475738525390625,0.00525665283203125,0.0018100738525390625,0.0088653564453125,0.002475738525390625
ly4HE4d+6E8BqXgm6E1eGNKu8OiiZE+Gj/D4YUMRFDU=,1970-01-13 00:00:00,0.0081024169921875,0.002475738525390625,0.00525665283203125,0.0018100738525390625,0.0088653564453125,0.002475738525390625
ly4HE4d+6E8BqXgm6E1eGNKu8OiiZE+Gj/D4YUMRFDU=,1970-01-13 01:00:00,0.0081024169921875,0.002475738525390625,0.00525665283203125,0.0018100738525390625,0.0088653564453125,0.002475738525390625
ly4HE4d+6E8BqXgm6E1eGNKu8OiiZE+Gj/D4YUMRFDU=,1970-01-13 02:00:00,0.0081024169921875,0.002475738525390625,0.00525665283203125,0.0018100738525390625,0.0088653564453125,0.002475738525390625
ly4HE4d+6E8BqXgm6E1eGNKu8OiiZE+Gj/D4YUMRFDU=,1970-01-13 04:00:00,0.0081024169921875,0.002475738525390625,0.00525665283203125,0.0018100738525390625,0.0088653564453125,0.002475738525390625
ly4HE4d+6E8BqXgm6E1eGNKu8OiiZE+Gj/D4YUMRFDU=,1970-01-13 05:00:00,0.0081024169921875,0.002475738525390625,0.00525665283203125,0.0018100738525390625,0.0088653564453125,0.002475738525390625
ly4HE4d+6E8BqXgm6E1eGNKu8OiiZE+Gj/D4YUMRFDU=,1970-01-13 06:00:00,0.0153961181640625,0.0056915283203125,0.0,0.0005979537963867188,0.0,0.0005979537963867188
ly4HE4d+6E8BqXgm6E1eGNKu8OiiZE+Gj/D4YUMRFDU=,1970-01-13 07:00:00,0.0153961181640625,0.0056915283203125,0.0,0.0005979537963867188,0.0,0.0005979537963867188
ly4HE4d+6E8BqXgm6E1eGNKu8OiiZE+Gj/D4YUMRFDU=,1970-01-13 08:00:00,0.0153961181640625,0.0056915283203125,0.0,0.0005979537963867188,0.0,0.0005979537963867188
ly4HE4d+6E8BqXgm6E1eGNKu8OiiZE+Gj/D4YUMRFDU=,1970-01-13 09:00:00,0.0081024169921875,0.002475738525390625,0.00525665283203125,0.0018100738525390625,0.0088653564453125,0.002475738525390625
ly4HE4d+6E8BqXgm6E1eGNKu8OiiZE+Gj/D4YUMRFDU=,1970-01-13 10:00:00,0.0081024169921875,0.002475738525390625,0.00525665283203125,0.0018100738525390625,0.0088653564453125,0.002475738525390625
ly4HE4d+6E8BqXgm6E1eGNKu8OiiZE+Gj/D4YUMRFDU=,1970-01-13 11:00:00,0.0153961181640625,0.0056915283203125,0.0,0.0005979537963867188,0.0,0.0005979537963867188
ly4HE4d+6E8BqXgm6E1eGNKu8OiiZE+Gj/D4YUMRFDU=,1970-01-13 12:00:00,0.0153961181640625,0.0056915283203125,0.0,0.0005979537963867188,0.0,0.0005979537963867188
ly4HE4d+6E8BqXgm6E1eGNKu8OiiZE+Gj/D4YUMRFDU=,1970-01-13 13:00:00,0.0153961181640625,0.0056915283203125,0.0,0.0005979537963867188,0.0,0.0005979537963867188
ly4HE4d+6E8BqXgm6E1eGNKu8OiiZE+Gj/D4YUMRFDU=,1970-01-13 17:00:00,0.0153961181640625,0.0056915283203125,0.0,0.0005979537963867188,0.0,0.0005979537963867188
ly4HE4d+6E8BqXgm6E1eGNKu8OiiZE+Gj/D4YUMRFDU=,1970-01-13 21:00:00,0.0081024169921875,0.00182342529296875,0.000644683837890625,0.0009641647338867188,0.00673675537109375,0.0011348724365234375
ly4HE4d+6E8BqXgm6E1eGNKu8OiiZE+Gj/D4YUMRFDU=,1970-01-14 02:00:00,0.0141754150390625,0.00390625,0.0279541015625,0.001148223876953125,0.0682373046875,0.00185394287109375
ly4HE4d+6E8BqXgm6E1eGNKu8OiiZE+Gj/D4YUMRFDU=,1970-01-14 03:00:00,0.0081024169921875,0.00182342529296875,0.000644683837890625,0.0009641647338867188,0.00673675537109375,0.0011348724365234375
ly4HE4d+6E8BqXgm6E1eGNKu8OiiZE+Gj/D4YUMRFDU=,1970-01-14 05:00:00,0.00566864013671875,0.00262451171875,0.00620269775390625,0.001293182373046875,0.012054443359375,0.001514434814453125
ly4HE4d+6E8BqXgm6E1eGNKu8OiiZE+Gj/D4YUMRFDU=,1970-01-14 13:00:00,0.0081024169921875,0.00182342529296875,0.000644683837890625,0.0009641647338867188,0.00673675537109375,0.0011348724365234375
ly4HE4d+6E8BqXgm6E1eGNKu8OiiZE+Gj/D4YUMRFDU=,1970-01-14 14:00:00,0.0081024169921875,0.00182342529296875,0.000644683837890625,0.0009641647338867188,0.00673675537109375,0.0011348724365234375
ly4HE4d+6E8BqXgm6E1eGNKu8OiiZE+Gj/D4YUMRFDU=,1970-01-14 19:00:00,0.0141754150390625,0.00390625,0.0279541015625,0.001148223876953125,0.0682373046875,0.00185394287109375
ly4HE4d+6E8BqXgm6E1eGNKu8OiiZE+Gj/D4YUMRFDU=,1970-01-14 20:00:00,0.0081024169921875,0.00182342529296875,0.000644683837890625,0.0009641647338867188,0.00673675537109375,0.0011348724365234375
ly4HE4d+6E8BqXgm6E1eGNKu8OiiZE+Gj/D4YUMRFDU=,1970-01-15 01:00:00,0.0081024169921875,0.00182342529296875,0.000644683837890625,0.0009641647338867188,0.00673675537109375,0.0011348724365234375
ly4HE4d+6E8BqXgm6E1eGNKu8OiiZE+Gj/D4YUMRFDU=,1970-01-15 08:00:00,0.0081024169921875,0.00182342529296875,0.000644683837890625,0.0009641647338867188,0.00673675537109375,0.0011348724365234375
ly4HE4d+6E8BqXgm6E1eGNKu8OiiZE+Gj/D4YUMRFDU=,1970-01-16 05:00:00,0.0081024169921875,0.003612518310546875,0.0003566741943359375,0.0006761550903320312,0.00041675567626953125,0.0006761550903320312
ly4HE4d+6E8BqXgm6E1eGNKu8OiiZE+Gj/D4YUMRFDU=,1970-01-16 09:00:00,0.0081024169921875,0.003612518310546875,0.0003566741943359375,0.0006761550903320312,0.00041675567626953125,0.0006761550903320312
ly4HE4d+6E8BqXgm6E1eGNKu8OiiZE+Gj/D4YUMRFDU=,1970-01-16 10:00:00,0.0081024169921875,0.002475738525390625,0.0005779266357421875,0.0004367828369140625,0.00279998779296875,0.00051116943359375
ly4HE4d+6E8BqXgm6E1eGNKu8OiiZE+Gj/D4YUMRFDU=,1970-01-16 11:00:00,0.0153961181640625,0.0056915283203125,0.00023174285888671875,0.000659942626953125,0.001003265380859375,0.0006618499755859375
ly4HE4d+6E8BqXgm6E1eGNKu8OiiZE+Gj/D4YUMRFDU=,1970-01-16 12:00:00,0.0153961181640625,0.0056915283203125,0.00023174285888671875,0.000659942626953125,0.001003265380859375,0.0006618499755859375
ly4HE4d+6E8BqXgm6E1eGNKu8OiiZE+Gj/D4YUMRFDU=,1970-01-16 13:00:00,0.0081024169921875,0.002475738525390625,0.0005779266357421875,0.0004367828369140625,0.00279998779296875,0.00051116943359375
ly4HE4d+6E8BqXgm6E1eGNKu8OiiZE+Gj/D4YUMRFDU=,1970-01-16 14:00:00,0.0153961181640625,0.0056915283203125,0.00023174285888671875,0.000659942626953125,0.001003265380859375,0.0006618499755859375
ly4HE4d+6E8BqXgm6E1eGNKu8OiiZE+Gj/D4YUMRFDU=,1970-01-16 15:00:00,0.0153961181640625,0.0056915283203125,0.00023174285888671875,0.000659942626953125,0.001003265380859375,0.0006618499755859375
ly4HE4d+6E8BqXgm6E1eGNKu8OiiZE+Gj/D4YUMRFDU=,1970-01-16 16:00:00,0.0081024169921875,0.002475738525390625,0.0005779266357421875,0.0004367828369140625,0.00279998779296875,0.00051116943359375
ly4HE4d+6E8BqXgm6E1eGNKu8OiiZE+Gj/D4YUMRFDU=,1970-01-16 17:00:00,0.0153961181640625,0.0056915283203125,0.00023174285888671875,0.000659942626953125,0.001003265380859375,0.0006618499755859375
ly4HE4d+6E8BqXgm6E1eGNKu8OiiZE+Gj/D4YUMRFDU=,1970-01-16 18:00:00,0.0081024169921875,0.002475738525390625,0.0005779266357421875,0.0004367828369140625,0.00279998779296875,0.00051116943359375
ly4HE4d+6E8BqXgm6E1eGNKu8OiiZE+Gj/D4YUMRFDU=,1970-01-16 19:00:00,0.0153961181640625,0.0056915283203125,0.00023174285888671875,0.000659942626953125,0.001003265380859375,0.0006618499755859375
ly4HE4d+6E8BqXgm6E1eGNKu8OiiZE+Gj/D4YUMRFDU=,1970-01-16 21:00:00,0.0153961181640625,0.0056915283203125,0.00023174285888671875,0.000659942626953125,0.001003265380859375,0.0006618499755859375
ly4HE4d+6E8BqXgm6E1eGNKu8OiiZE+Gj/D4YUMRFDU=,1970-01-16 22:00:00,0.0081024169921875,0.002475738525390625,0.0005779266357421875,0.0004367828369140625,0.00279998779296875,0.00051116943359375
ly4HE4d+6E8BqXgm6E1eGNKu8OiiZE+Gj/D4YUMRFDU=,1970-01-16 23:00:00,0.0153961181640625,0.0056915283203125,0.00023174285888671875,0.000659942626953125,0.001003265380859375,0.0006618499755859375
ly4HE4d+6E8BqXgm6E1eGNKu8OiiZE+Gj/D4YUMRFDU=,1970-01-17 01:00:00,0.0081024169921875,0.002475738525390625,0.0005779266357421875,0.0004367828369140625,0.00279998779296875,0.00051116943359375
ly4HE4d+6E8BqXgm6E1eGNKu8OiiZE+Gj/D4YUMRFDU=,1970-01-17 05:00:00,0.0081024169921875,0.002475738525390625,0.0005779266357421875,0.0004367828369140625,0.00279998779296875,0.00051116943359375
ly4HE4d+6E8BqXgm6E1eGNKu8OiiZE+Gj/D4YUMRFDU=,1970-01-17 06:00:00,0.0081024169921875,0.002475738525390625,0.0005779266357421875,0.0004367828369140625,0.00279998779296875,0.00051116943359375
ly4HE4d+6E8BqXgm6E1eGNKu8OiiZE+Gj/D4YUMRFDU=,1970-01-17 08:00:00,0.0081024169921875,0.002475738525390625,0.0005779266357421875,0.0004367828369140625,0.00279998779296875,0.00051116943359375
ly4HE4d+6E8BqXgm6E1eGNKu8OiiZE+Gj/D4YUMRFDU=,1970-01-17 09:00:00,0.0081024169921875,0.002475738525390625,0.0005779266357421875,0.0004367828369140625,0.00279998779296875,0.00051116943359375
ly4HE4d+6E8BqXgm6E1eGNKu8OiiZE+Gj/D4YUMRFDU=,1970-01-17 10:00:00,0.0081024169921875,0.002475738525390625,0.0005779266357421875,0.0004367828369140625,0.00279998779296875,0.00051116943359375
ly4HE4d+6E8BqXgm6E1eGNKu8OiiZE+Gj/D4YUMRFDU=,1970-01-17 11:00:00,0.0153961181640625,0.0056915283203125,0.00023174285888671875,0.000659942626953125,0.001003265380859375,0.0006618499755859375
ly4HE4d+6E8BqXgm6E1eGNKu8OiiZE+Gj/D4YUMRFDU=,1970-01-17 12:00:00,0.0153961181640625,0.0056915283203125,0.00023174285888671875,0.000659942626953125,0.001003265380859375,0.0006618499755859375
ly4HE4d+6E8BqXgm6E1eGNKu8OiiZE+Gj/D4YUMRFDU=,1970-01-17 13:00:00,0.0081024169921875,0.002475738525390625,0.0005779266357421875,0.0004367828369140625,0.00279998779296875,0.00051116943359375
ly4HE4d+6E8BqXgm6E1eGNKu8OiiZE+Gj/D4YUMRFDU=,1970-01-17 14:00:00,0.0153961181640625,0.0056915283203125,0.00023174285888671875,0.000659942626953125,0.001003265380859375,0.0006618499755859375
ly4HE4d+6E8BqXgm6E1eGNKu8OiiZE+Gj/D4YUMRFDU=,1970-01-17 16:00:00,0.0081024169921875,0.002475738525390625,0.0005779266357421875,0.0004367828369140625,0.00279998779296875,0.00051116943359375
ly4HE4d+6E8BqXgm6E1eGNKu8OiiZE+Gj/D4YUMRFDU=,1970-01-17 17:00:00,0.0153961181640625,0.0056915283203125,0.00023174285888671875,0.000659942626953125,0.001003265380859375,0.0006618499755859375
ly4HE4d+6E8BqXgm6E1eGNKu8OiiZE+Gj/D4YUMRFDU=,1970-01-17 18:00:00,0.0153961181640625,0.0056915283203125,0.00023174285888671875,0.000659942626953125,0.001003265380859375,0.0006618499755859375
ly4HE4d+6E8BqXgm6E1eGNKu8OiiZE+Gj/D4YUMRFDU=,1970-01-17 19:00:00,0.0081024169921875,0.002475738525390625,0.0005779266357421875,0.0004367828369140625,0.00279998779296875,0.00051116943359375
ly4HE4d+6E8BqXgm6E1eGNKu8OiiZE+Gj/D4YUMRFDU=,1970-01-17 20:00:00,0.0153961181640625,0.0056915283203125,0.00023174285888671875,0.000659942626953125,0.001003265380859375,0.0006618499755859375
ly4HE4d+6E8BqXgm6E1eGNKu8OiiZE+Gj/D4YUMRFDU=,1970-01-17 21:00:00,0.0153961181640625,0.0056915283203125,0.00023174285888671875,0.000659942626953125,0.001003265380859375,0.0006618499755859375
ly4HE4d+6E8BqXgm6E1eGNKu8OiiZE+Gj/D4YUMRFDU=,1970-01-17 22:00:00,0.0081024169921875,0.002475738525390625,0.0005779266357421875,0.0004367828369140625,0.00279998779296875,0.00051116943359375
ly4HE4d+6E8BqXgm6E1eGNKu8OiiZE+Gj/D4YUMRFDU=,1970-01-18 00:00:00,0.0081024169921875,0.002475738525390625,0.0005779266357421875,0.0004367828369140625,0.00279998779296875,0.00051116943359375
ly4HE4d+6E8BqXgm6E1eGNKu8OiiZE+Gj/D4YUMRFDU=,1970-01-18 01:00:00,0.0141754150390625,0.00390625,0.005523681640625,0.0007524490356445312,0.0548095703125,0.0012149810791015625
ly4HE4d+6E8BqXgm6E1eGNKu8OiiZE+Gj/D4YUMRFDU=,1970-01-18 05:00:00,0.0081024169921875,0.002475738525390625,0.0005779266357421875,0.0004367828369140625,0.00279998779296875,0.00051116943359375
ly4HE4d+6E8BqXgm6E1eGNKu8OiiZE+Gj/D4YUMRFDU=,1970-01-18 06:00:00,0.0153961181640625,0.0056915283203125,0.00023174285888671875,0.000659942626953125,0.001003265380859375,0.0006618499755859375
ly4HE4d+6E8BqXgm6E1eGNKu8OiiZE+Gj/D4YUMRFDU=,1970-01-18 07:00:00,0.0081024169921875,0.002475738525390625,0.0005779266357421875,0.0004367828369140625,0.00279998779296875,0.00051116943359375
ly4HE4d+6E8BqXgm6E1eGNKu8OiiZE+Gj/D4YUMRFDU=,1970-01-18 08:00:00,0.0081024169921875,0.002475738525390625,0.0005779266357421875,0.0004367828369140625,0.00279998779296875,0.00051116943359375
ly4HE4d+6E8BqXgm6E1eGNKu8OiiZE+Gj/D4YUMRFDU=,1970-01-18 09:00:00,0.0081024169921875,0.002475738525390625,0.0005779266357421875,0.0004367828369140625,0.00279998779296875,0.00051116943359375
ly4HE4d+6E8BqXgm6E1eGNKu8OiiZE+Gj/D4YUMRFDU=,1970-01-18 11:00:00,0.0081024169921875,0.00182342529296875,0.0,0.0005702972412109375,0.0,0.0005702972412109375
ly4HE4d+6E8BqXgm6E1eGNKu8OiiZE+Gj/D4YUMRFDU=,1970-01-18 12:00:00,0.0081024169921875,0.002475738525390625,0.0005779266357421875,0.0004367828369140625,0.00279998779296875,0.00051116943359375
ly4HE4d+6E8BqXgm6E1eGNKu8OiiZE+Gj/D4YUMRFDU=,1970-01-18 13:00:00,0.0081024169921875,0.002475738525390625,0.0005779266357421875,0.0004367828369140625,0.00279998779296875,0.00051116943359375
ly4HE4d+6E8BqXgm6E1eGNKu8OiiZE+Gj/D4YUMRFDU=,1970-01-18 15:00:00,0.0153961181640625,0.0056915283203125,0.00023174285888671875,0.000659942626953125,0.001003265380859375,0.0006618499755859375
ly4HE4d+6E8BqXgm6E1eGNKu8OiiZE+Gj/D4YUMRFDU=,1970-01-18 16:00:00,0.0081024169921875,0.002475738525390625,0.0005779266357421875,0.0004367828369140625,0.00279998779296875,0.00051116943359375
ly4HE4d+6E8BqXgm6E1eGNKu8OiiZE+Gj/D4YUMRFDU=,1970-01-18 19:00:00,0.0081024169921875,0.00182342529296875,0.0,0.0005702972412109375,0.0,0.0005702972412109375
ly4HE4d+6E8BqXgm6E1eGNKu8OiiZE+Gj/D4YUMRFDU=,1970-01-18 20:00:00,0.0081024169921875,0.00182342529296875,0.0,0.0005702972412109375,0.0,0.0005702972412109375
ly4HE4d+6E8BqXgm6E1eGNKu8OiiZE+Gj/D4YUMRFDU=,1970-01-18 23:00:00,0.0081024169921875,0.00182342529296875,0.0,0.0005702972412109375,0.0,0.0005702972412109375
ly4HE4d+6E8BqXgm6E1eGNKu8OiiZE+Gj/D4YUMRFDU=,1970-01-19 06:00:00,0.0081024169921875,0.002475738525390625,0.0005779266357421875,0.0004367828369140625,0.00279998779296875,0.00051116943359375
ly4HE4d+6E8BqXgm6E1eGNKu8OiiZE+Gj/D4YUMRFDU=,1970-01-19 07:00:00,0.0081024169921875,0.002475738525390625,0.0005779266357421875,0.0004367828369140625,0.00279998779296875,0.00051116943359375
ly4HE4d+6E8BqXgm6E1eGNKu8OiiZE+Gj/D4YUMRFDU=,1970-01-19 09:00:00,0.0153961181640625,0.0056915283203125,0.00023174285888671875,0.000659942626953125,0.001003265380859375,0.0006618499755859375
ly4HE4d+6E8BqXgm6E1eGNKu8OiiZE+Gj/D4YUMRFDU=,1970-01-19 11:00:00,0.0153961181640625,0.0056915283203125,0.00023174285888671875,0.000659942626953125,0.001003265380859375,0.0006618499755859375
ly4HE4d+6E8BqXgm6E1eGNKu8OiiZE+Gj/D4YUMRFDU=,1970-01-19 12:00:00,0.0081024169921875,0.002475738525390625,0.0005779266357421875,0.0004367828369140625,0.00279998779296875,0.00051116943359375
ly4HE4d+6E8BqXgm6E1eGNKu8OiiZE+Gj/D4YUMRFDU=,1970-01-19 13:00:00,0.0153961181640625,0.0056915283203125,0.00023174285888671875,0.000659942626953125,0.001003265380859375,0.0006618499755859375
ly4HE4d+6E8BqXgm6E1eGNKu8OiiZE+Gj/D4YUMRFDU=,1970-01-19 14:00:00,0.0081024169921875,0.002475738525390625,0.0005779266357421875,0.0004367828369140625,0.00279998779296875,0.00051116943359375
ly4HE4d+6E8BqXgm6E1eGNKu8OiiZE+Gj/D4YUMRFDU=,1970-01-19 15:00:00,0.0097198486328125,0.0022125244140625,0.00530242919921875,0.0010623931884765625,0.023406982421875,0.0015544891357421875
ly4HE4d+6E8BqXgm6E1eGNKu8OiiZE+Gj/D4YUMRFDU=,1970-01-19 18:00:00,0.0153961181640625,0.0056915283203125,0.00023174285888671875,0.000659942626953125,0.001003265380859375,0.0006618499755859375
ly4HE4d+6E8BqXgm6E1eGNKu8OiiZE+Gj/D4YUMRFDU=,1970-01-19 21:00:00,0.0153961181640625,0.0056915283203125,0.00023174285888671875,0.000659942626953125,0.001003265380859375,0.0006618499755859375
ly4HE4d+6E8BqXgm6E1eGNKu8OiiZE+Gj/D4YUMRFDU=,1970-01-19 23:00:00,0.0081024169921875,0.00182342529296875,0.0,0.0005702972412109375,0.0,0.0005702972412109375
ly4HE4d+6E8BqXgm6E1eGNKu8OiiZE+Gj/D4YUMRFDU=,1970-01-20 06:00:00,0.0081024169921875,0.002475738525390625,0.0005779266357421875,0.0004367828369140625,0.00279998779296875,0.00051116943359375
ly4HE4d+6E8BqXgm6E1eGNKu8OiiZE+Gj/D4YUMRFDU=,1970-01-20 07:00:00,0.0153961181640625,0.0056915283203125,0.00023174285888671875,0.000659942626953125,0.001003265380859375,0.0006618499755859375
ly4HE4d+6E8BqXgm6E1eGNKu8OiiZE+Gj/D4YUMRFDU=,1970-01-20 08:00:00,0.0081024169921875,0.002475738525390625,0.0005779266357421875,0.0004367828369140625,0.00279998779296875,0.00051116943359375
ly4HE4d+6E8BqXgm6E1eGNKu8OiiZE+Gj/D4YUMRFDU=,1970-01-20 09:00:00,0.0153961181640625,0.0056915283203125,0.00023174285888671875,0.000659942626953125,0.001003265380859375,0.0006618499755859375
ly4HE4d+6E8BqXgm6E1eGNKu8OiiZE+Gj/D4YUMRFDU=,1970-01-20 10:00:00,0.0081024169921875,0.002475738525390625,0.0005779266357421875,0.0004367828369140625,0.00279998779296875,0.00051116943359375
ly4HE4d+6E8BqXgm6E1eGNKu8OiiZE+Gj/D4YUMRFDU=,1970-01-20 11:00:00,0.0081024169921875,0.002475738525390625,0.0005779266357421875,0.0004367828369140625,0.00279998779296875,0.00051116943359375
ly4HE4d+6E8BqXgm6E1eGNKu8OiiZE+Gj/D4YUMRFDU=,1970-01-20 12:00:00,0.0081024169921875,0.002475738525390625,0.0005779266357421875,0.0004367828369140625,0.00279998779296875,0.00051116943359375
ly4HE4d+6E8BqXgm6E1eGNKu8OiiZE+Gj/D4YUMRFDU=,1970-01-20 13:00:00,0.0097198486328125,0.0022125244140625,0.00530242919921875,0.0010623931884765625,0.023406982421875,0.0015544891357421875
ly4HE4d+6E8BqXgm6E1eGNKu8OiiZE+Gj/D4YUMRFDU=,1970-01-20 14:00:00,0.0153961181640625,0.0056915283203125,0.00023174285888671875,0.000659942626953125,0.001003265380859375,0.0006618499755859375
ly4HE4d+6E8BqXgm6E1eGNKu8OiiZE+Gj/D4YUMRFDU=,1970-01-20 15:00:00,0.0153961181640625,0.0056915283203125,0.00023174285888671875,0.000659942626953125,0.001003265380859375,0.0006618499755859375
ly4HE4d+6E8BqXgm6E1eGNKu8OiiZE+Gj/D4YUMRFDU=,1970-01-20 16:00:00,0.0081024169921875,0.002475738525390625,0.0005779266357421875,0.0004367828369140625,0.00279998779296875,0.00051116943359375
ly4HE4d+6E8BqXgm6E1eGNKu8OiiZE+Gj/D4YUMRFDU=,1970-01-20 17:00:00,0.0153961181640625,0.0056915283203125,0.00023174285888671875,0.000659942626953125,0.001003265380859375,0.0006618499755859375
ly4HE4d+6E8BqXgm6E1eGNKu8OiiZE+Gj/D4YUMRFDU=,1970-01-20 18:00:00,0.0081024169921875,0.002475738525390625,0.0005779266357421875,0.0004367828369140625,0.00279998779296875,0.00051116943359375
ly4HE4d+6E8BqXgm6E1eGNKu8OiiZE+Gj/D4YUMRFDU=,1970-01-20 19:00:00,0.0153961181640625,0.0056915283203125,0.00023174285888671875,0.000659942626953125,0.001003265380859375,0.0006618499755859375
ly4HE4d+6E8BqXgm6E1eGNKu8OiiZE+Gj/D4YUMRFDU=,1970-01-20 20:00:00,0.0081024169921875,0.002475738525390625,0.0005779266357421875,0.0004367828369140625,0.00279998779296875,0.00051116943359375
ly4HE4d+6E8BqXgm6E1eGNKu8OiiZE+Gj/D4YUMRFDU=,1970-01-20 22:00:00,0.0153961181640625,0.0056915283203125,0.00023174285888671875,0.000659942626953125,0.001003265380859375,0.0006618499755859375
ly4HE4d+6E8BqXgm6E1eGNKu8OiiZE+Gj/D4YUMRFDU=,1970-01-20 23:00:00,0.0081024169921875,0.00182342529296875,0.0,0.0005702972412109375,0.0,0.0005702972412109375
ly4HE4d+6E8BqXgm6E1eGNKu8OiiZE+Gj/D4YUMRFDU=,1970-01-21 01:00:00,0.0153961181640625,0.0056915283203125,0.00023174285888671875,0.000659942626953125,0.001003265380859375,0.0006618499755859375
ly4HE4d+6E8BqXgm6E1eGNKu8OiiZE+Gj/D4YUMRFDU=,1970-01-21 02:00:00,0.00566864013671875,0.00262451171875,0.0070953369140625,0.0016040802001953125,0.016387939453125,0.001728057861328125
ly4HE4d+6E8BqXgm6E1eGNKu8OiiZE+Gj/D4YUMRFDU=,1970-01-21 04:00:00,0.0081024169921875,0.002475738525390625,0.0005779266357421875,0.0004367828369140625,0.00279998779296875,0.00051116943359375
ly4HE4d+6E8BqXgm6E1eGNKu8OiiZE+Gj/D4YUMRFDU=,1970-01-21 05:00:00,0.0081024169921875,0.002475738525390625,0.0005779266357421875,0.0004367828369140625,0.00279998779296875,0.00051116943359375
ly4HE4d+6E8BqXgm6E1eGNKu8OiiZE+Gj/D4YUMRFDU=,1970-01-21 06:00:00,0.0153961181640625,0.0056915283203125,0.00023174285888671875,0.000659942626953125,0.001003265380859375,0.0006618499755859375
ly4HE4d+6E8BqXgm6E1eGNKu8OiiZE+Gj/D4YUMRFDU=,1970-01-21 08:00:00,0.0081024169921875,0.002475738525390625,0.0005779266357421875,0.0004367828369140625,0.00279998779296875,0.00051116943359375
ly4HE4d+6E8BqXgm6E1eGNKu8OiiZE+Gj/D4YUMRFDU=,1970-01-21 09:00:00,0.0153961181640625,0.0056915283203125,0.00023174285888671875,0.000659942626953125,0.001003265380859375,0.0006618499755859375
ly4HE4d+6E8BqXgm6E1eGNKu8OiiZE+Gj/D4YUMRFDU=,1970-01-21 10:00:00,0.0081024169921875,0.002475738525390625,0.0005779266357421875,0.0004367828369140625,0.00279998779296875,0.00051116943359375
ly4HE4d+6E8BqXgm6E1eGNKu8OiiZE+Gj/D4YUMRFDU=,1970-01-21 11:00:00,0.0081024169921875,0.002475738525390625,0.0005779266357421875,0.0004367828369140625,0.00279998779296875,0.00051116943359375
ly4HE4d+6E8BqXgm6E1eGNKu8OiiZE+Gj/D4YUMRFDU=,1970-01-21 12:00:00,0.0081024169921875,0.00182342529296875,0.0,0.0005702972412109375,0.0,0.0005702972412109375
ly4HE4d+6E8BqXgm6E1eGNKu8OiiZE+Gj/D4YUMRFDU=,1970-01-21 13:00:00,0.0081024169921875,0.002475738525390625,0.0005779266357421875,0.0004367828369140625,0.00279998779296875,0.00051116943359375
ly4HE4d+6E8BqXgm6E1eGNKu8OiiZE+Gj/D4YUMRFDU=,1970-01-21 14:00:00,0.0153961181640625,0.0056915283203125,0.00023174285888671875,0.000659942626953125,0.001003265380859375,0.0006618499755859375
ly4HE4d+6E8BqXgm6E1eGNKu8OiiZE+Gj/D4YUMRFDU=,1970-01-21 15:00:00,0.0081024169921875,0.00182342529296875,0.0,0.0005702972412109375,0.0,0.0005702972412109375
ly4HE4d+6E8BqXgm6E1eGNKu8OiiZE+Gj/D4YUMRFDU=,1970-01-21 16:00:00,0.0081024169921875,0.002475738525390625,0.0005779266357421875,0.0004367828369140625,0.00279998779296875,0.00051116943359375
ly4HE4d+6E8BqXgm6E1eGNKu8OiiZE+Gj/D4YUMRFDU=,1970-01-21 17:00:00,0.0081024169921875,0.002475738525390625,0.0005779266357421875,0.0004367828369140625,0.00279998779296875,0.00051116943359375
ly4HE4d+6E8BqXgm6E1eGNKu8OiiZE+Gj/D4YUMRFDU=,1970-01-21 18:00:00,0.0081024169921875,0.002475738525390625,0.0005779266357421875,0.0004367828369140625,0.00279998779296875,0.00051116943359375
ly4HE4d+6E8BqXgm6E1eGNKu8OiiZE+Gj/D4YUMRFDU=,1970-01-21 19:00:00,0.0081024169921875,0.002475738525390625,0.0005779266357421875,0.0004367828369140625,0.00279998779296875,0.00051116943359375
ly4HE4d+6E8BqXgm6E1eGNKu8OiiZE+Gj/D4YUMRFDU=,1970-01-21 20:00:00,0.00566864013671875,0.00262451171875,0.00730133056640625,0.0013675689697265625,0.016448974609375,0.0014705657958984375
ly4HE4d+6E8BqXgm6E1eGNKu8OiiZE+Gj/D4YUMRFDU=,1970-01-21 21:00:00,0.0081024169921875,0.00182342529296875,0.0,0.0005702972412109375,0.0,0.0005702972412109375
ly4HE4d+6E8BqXgm6E1eGNKu8OiiZE+Gj/D4YUMRFDU=,1970-01-22 00:00:00,0.0081024169921875,0.00182342529296875,0.0,0.0005702972412109375,0.0,0.0005702972412109375
ly4HE4d+6E8BqXgm6E1eGNKu8OiiZE+Gj/D4YUMRFDU=,1970-01-22 01:00:00,0.0081024169921875,0.002475738525390625,0.0005779266357421875,0.0004367828369140625,0.00279998779296875,0.00051116943359375
ly4HE4d+6E8BqXgm6E1eGNKu8OiiZE+Gj/D4YUMRFDU=,1970-01-22 02:00:00,0.0081024169921875,0.002475738525390625,0.0005779266357421875,0.0004367828369140625,0.00279998779296875,0.00051116943359375
ly4HE4d+6E8BqXgm6E1eGNKu8OiiZE+Gj/D4YUMRFDU=,1970-01-22 05:00:00,0.0081024169921875,0.002475738525390625,0.0005779266357421875,0.0004367828369140625,0.00279998779296875,0.00051116943359375
ly4HE4d+6E8BqXgm6E1eGNKu8OiiZE+Gj/D4YUMRFDU=,1970-01-22 06:00:00,0.0081024169921875,0.00182342529296875,0.0,0.0005702972412109375,0.0,0.0005702972412109375
ly4HE4d+6E8BqXgm6E1eGNKu8OiiZE+Gj/D4YUMRFDU=,1970-01-22 07:00:00,0.0081024169921875,0.002475738525390625,0.0005779266357421875,0.0004367828369140625,0.00279998779296875,0.00051116943359375
ly4HE4d+6E8BqXgm6E1eGNKu8OiiZE+Gj/D4YUMRFDU=,1970-01-22 10:00:00,0.0081024169921875,0.00403594970703125,6.389617919921875e-05,9.5367431640625e-06,0.00025653839111328125,9.5367431640625e-06
ly4HE4d+6E8BqXgm6E1eGNKu8OiiZE+Gj/D4YUMRFDU=,1970-01-22 11:00:00,0.0153961181640625,0.0056915283203125,0.00023174285888671875,0.000659942626953125,0.001003265380859375,0.0006618499755859375
ly4HE4d+6E8BqXgm6E1eGNKu8OiiZE+Gj/D4YUMRFDU=,1970-01-22 12:00:00,0.0153961181640625,0.0056915283203125,0.00023174285888671875,0.000659942626953125,0.001003265380859375,0.0006618499755859375
ly4HE4d+6E8BqXgm6E1eGNKu8OiiZE+Gj/D4YUMRFDU=,1970-01-22 13:00:00,0.0153961181640625,0.0056915283203125,0.00023174285888671875,0.000659942626953125,0.001003265380859375,0.0006618499755859375
ly4HE4d+6E8BqXgm6E1eGNKu8OiiZE+Gj/D4YUMRFDU=,1970-01-22 14:00:00,0.0081024169921875,0.002475738525390625,0.0005779266357421875,0.0004367828369140625,0.00279998779296875,0.00051116943359375
ly4HE4d+6E8BqXgm6E1eGNKu8OiiZE+Gj/D4YUMRFDU=,1970-01-22 15:00:00,0.0153961181640625,0.0056915283203125,0.00023174285888671875,0.000659942626953125,0.001003265380859375,0.0006618499755859375
ly4HE4d+6E8BqXgm6E1eGNKu8OiiZE+Gj/D4YUMRFDU=,1970-01-22 16:00:00,0.0153961181640625,0.0056915283203125,0.00023174285888671875,0.000659942626953125,0.001003265380859375,0.0006618499755859375
ly4HE4d+6E8BqXgm6E1eGNKu8OiiZE+Gj/D4YUMRFDU=,1970-01-22 17:00:00,0.0081024169921875,0.00403594970703125,6.389617919921875e-05,9.5367431640625e-06,0.00025653839111328125,9.5367431640625e-06
ly4HE4d+6E8BqXgm6E1eGNKu8OiiZE+Gj/D4YUMRFDU=,1970-01-22 18:00:00,0.0153961181640625,0.0056915283203125,0.00023174285888671875,0.000659942626953125,0.001003265380859375,0.0006618499755859375
ly4HE4d+6E8BqXgm6E1eGNKu8OiiZE+Gj/D4YUMRFDU=,1970-01-22 19:00:00,0.0081024169921875,0.00403594970703125,6.389617919921875e-05,9.5367431640625e-06,0.00025653839111328125,9.5367431640625e-06
ly4HE4d+6E8BqXgm6E1eGNKu8OiiZE+Gj/D4YUMRFDU=,1970-01-22 20:00:00,0.0081024169921875,0.00403594970703125,6.389617919921875e-05,9.5367431640625e-06,0.00025653839111328125,9.5367431640625e-06
ly4HE4d+6E8BqXgm6E1eGNKu8OiiZE+Gj/D4YUMRFDU=,1970-01-22 21:00:00,0.0081024169921875,0.00403594970703125,6.389617919921875e-05,9.5367431640625e-06,0.00025653839111328125,9.5367431640625e-06
ly4HE4d+6E8BqXgm6E1eGNKu8OiiZE+Gj/D4YUMRFDU=,1970-01-22 22:00:00,0.0081024169921875,0.00182342529296875,0.00630950927734375,0.00131988525390625,0.0106201171875,0.0016307830810546875
ly4HE4d+6E8BqXgm6E1eGNKu8OiiZE+Gj/D4YUMRFDU=,1970-01-22 23:00:00,0.0081024169921875,0.00403594970703125,6.389617919921875e-05,9.5367431640625e-06,0.00025653839111328125,9.5367431640625e-06
ly4HE4d+6E8BqXgm6E1eGNKu8OiiZE+Gj/D4YUMRFDU=,1970-01-23 00:00:00,0.0081024169921875,0.00403594970703125,6.389617919921875e-05,9.5367431640625e-06,0.00025653839111328125,9.5367431640625e-06
ly4HE4d+6E8BqXgm6E1eGNKu8OiiZE+Gj/D4YUMRFDU=,1970-01-23 02:00:00,0.0081024169921875,0.00182342529296875,0.00630950927734375,0.00131988525390625,0.0106201171875,0.0016307830810546875
ly4HE4d+6E8BqXgm6E1eGNKu8OiiZE+Gj/D4YUMRFDU=,1970-01-23 03:00:00,0.0081024169921875,0.00403594970703125,6.389617919921875e-05,9.5367431640625e-06,0.00025653839111328125,9.5367431640625e-06
ly4HE4d+6E8BqXgm6E1eGNKu8OiiZE+Gj/D4YUMRFDU=,1970-01-23 04:00:00,0.0081024169921875,0.00403594970703125,6.389617919921875e-05,9.5367431640625e-06,0.00025653839111328125,9.5367431640625e-06
ly4HE4d+6E8BqXgm6E1eGNKu8OiiZE+Gj/D4YUMRFDU=,1970-01-23 05:00:00,0.0081024169921875,0.00403594970703125,6.389617919921875e-05,9.5367431640625e-06,0.00025653839111328125,9.5367431640625e-06
ly4HE4d+6E8BqXgm6E1eGNKu8OiiZE+Gj/D4YUMRFDU=,1970-01-23 06:00:00,0.0081024169921875,0.00403594970703125,6.389617919921875e-05,9.5367431640625e-06,0.00025653839111328125,9.5367431640625e-06
ly4HE4d+6E8BqXgm6E1eGNKu8OiiZE+Gj/D4YUMRFDU=,1970-01-23 07:00:00,0.0081024169921875,0.00403594970703125,6.389617919921875e-05,9.5367431640625e-06,0.00025653839111328125,9.5367431640625e-06
ly4HE4d+6E8BqXgm6E1eGNKu8OiiZE+Gj/D4YUMRFDU=,1970-01-23 08:00:00,0.0081024169921875,0.00182342529296875,0.00630950927734375,0.00131988525390625,0.0106201171875,0.0016307830810546875
ly4HE4d+6E8BqXgm6E1eGNKu8OiiZE+Gj/D4YUMRFDU=,1970-01-23 09:00:00,0.0081024169921875,0.00403594970703125,6.389617919921875e-05,9.5367431640625e-06,0.00025653839111328125,9.5367431640625e-06
ly4HE4d+6E8BqXgm6E1eGNKu8OiiZE+Gj/D4YUMRFDU=,1970-01-23 10:00:00,0.0081024169921875,0.00403594970703125,6.389617919921875e-05,9.5367431640625e-06,0.00025653839111328125,9.5367431640625e-06
ly4HE4d+6E8BqXgm6E1eGNKu8OiiZE+Gj/D4YUMRFDU=,1970-01-23 11:00:00,0.0081024169921875,0.00403594970703125,6.389617919921875e-05,9.5367431640625e-06,0.00025653839111328125,9.5367431640625e-06
ly4HE4d+6E8BqXgm6E1eGNKu8OiiZE+Gj/D4YUMRFDU=,1970-01-23 12:00:00,0.0081024169921875,0.00403594970703125,6.389617919921875e-05,9.5367431640625e-06,0.00025653839111328125,9.5367431640625e-06
ly4HE4d+6E8BqXgm6E1eGNKu8OiiZE+Gj/D4YUMRFDU=,1970-01-23 13:00:00,0.0081024169921875,0.00403594970703125,6.389617919921875e-05,9.5367431640625e-06,0.00025653839111328125,9.5367431640625e-06
ly4HE4d+6E8BqXgm6E1eGNKu8OiiZE+Gj/D4YUMRFDU=,1970-01-23 14:00:00,0.0081024169921875,0.00403594970703125,6.389617919921875e-05,9.5367431640625e-06,0.00025653839111328125,9.5367431640625e-06
ly4HE4d+6E8BqXgm6E1eGNKu8OiiZE+Gj/D4YUMRFDU=,1970-01-23 15:00:00,0.0081024169921875,0.00403594970703125,6.389617919921875e-05,9.5367431640625e-06,0.00025653839111328125,9.5367431640625e-06
ly4HE4d+6E8BqXgm6E1eGNKu8OiiZE+Gj/D4YUMRFDU=,1970-01-23 16:00:00,0.0081024169921875,0.00403594970703125,6.389617919921875e-05,9.5367431640625e-06,0.00025653839111328125,9.5367431640625e-06
ly4HE4d+6E8BqXgm6E1eGNKu8OiiZE+Gj/D4YUMRFDU=,1970-01-23 17:00:00,0.0081024169921875,0.00403594970703125,6.389617919921875e-05,9.5367431640625e-06,0.00025653839111328125,9.5367431640625e-06
ly4HE4d+6E8BqXgm6E1eGNKu8OiiZE+Gj/D4YUMRFDU=,1970-01-23 18:00:00,0.0081024169921875,0.00403594970703125,6.389617919921875e-05,9.5367431640625e-06,0.00025653839111328125,9.5367431640625e-06
ly4HE4d+6E8BqXgm6E1eGNKu8OiiZE+Gj/D4YUMRFDU=,1970-01-23 19:00:00,0.0081024169921875,0.00403594970703125,6.389617919921875e-05,9.5367431640625e-06,0.00025653839111328125,9.5367431640625e-06
ly4HE4d+6E8BqXgm6E1eGNKu8OiiZE+Gj/D4YUMRFDU=,1970-01-23 20:00:00,0.0081024169921875,0.003612518310546875,0.0081787109375,0.0017337799072265625,0.0153045654296875,0.002086639404296875
ly4HE4d+6E8BqXgm6E1eGNKu8OiiZE+Gj/D4YUMRFDU=,1970-01-23 21:00:00,0.0081024169921875,0.003612518310546875,0.00022029876708984375,0.0006456375122070312,0.0051116943359375,0.0006847381591796875
ly4HE4d+6E8BqXgm6E1eGNKu8OiiZE+Gj/D4YUMRFDU=,1970-01-23 22:00:00,0.0081024169921875,0.003612518310546875,0.00022029876708984375,0.0006456375122070312,0.0051116943359375,0.0006847381591796875
ly4HE4d+6E8BqXgm6E1eGNKu8OiiZE+Gj/D4YUMRFDU=,1970-01-23 23:00:00,0.0081024169921875,0.003612518310546875,0.00022029876708984375,0.0006456375122070312,0.0051116943359375,0.0006847381591796875
ly4HE4d+6E8BqXgm6E1eGNKu8OiiZE+Gj/D4YUMRFDU=,1970-01-24 00:00:00,0.0081024169921875,0.003612518310546875,0.00022029876708984375,0.0006456375122070312,0.0051116943359375,0.0006847381591796875
ly4HE4d+6E8BqXgm6E1eGNKu8OiiZE+Gj/D4YUMRFDU=,1970-01-24 01:00:00,0.0081024169921875,0.003612518310546875,0.00022029876708984375,0.0006456375122070312,0.0051116943359375,0.0006847381591796875
ly4HE4d+6E8BqXgm6E1eGNKu8OiiZE+Gj/D4YUMRFDU=,1970-01-24 02:00:00,0.0081024169921875,0.003612518310546875,0.0081787109375,0.0017337799072265625,0.0153045654296875,0.002086639404296875
ly4HE4d+6E8BqXgm6E1eGNKu8OiiZE+Gj/D4YUMRFDU=,1970-01-24 03:00:00,0.0081024169921875,0.003612518310546875,0.0081787109375,0.0017337799072265625,0.0153045654296875,0.002086639404296875
ly4HE4d+6E8BqXgm6E1eGNKu8OiiZE+Gj/D4YUMRFDU=,1970-01-24 04:00:00,0.0081024169921875,0.003612518310546875,0.00022029876708984375,0.0006456375122070312,0.0051116943359375,0.0006847381591796875
ly4HE4d+6E8BqXgm6E1eGNKu8OiiZE+Gj/D4YUMRFDU=,1970-01-24 05:00:00,0.0081024169921875,0.003612518310546875,0.00022029876708984375,0.0006456375122070312,0.0051116943359375,0.0006847381591796875
ly4HE4d+6E8BqXgm6E1eGNKu8OiiZE+Gj/D4YUMRFDU=,1970-01-24 06:00:00,0.0081024169921875,0.003612518310546875,0.0081787109375,0.0017337799072265625,0.0153045654296875,0.002086639404296875
ly4HE4d+6E8BqXgm6E1eGNKu8OiiZE+Gj/D4YUMRFDU=,1970-01-24 07:00:00,0.0081024169921875,0.003612518310546875,0.00022029876708984375,0.0006456375122070312,0.0051116943359375,0.0006847381591796875
ly4HE4d+6E8BqXgm6E1eGNKu8OiiZE+Gj/D4YUMRFDU=,1970-01-24 08:00:00,0.0081024169921875,0.00403594970703125,6.389617919921875e-05,9.5367431640625e-06,0.00025653839111328125,9.5367431640625e-06
ly4HE4d+6E8BqXgm6E1eGNKu8OiiZE+Gj/D4YUMRFDU=,1970-01-24 09:00:00,0.0081024169921875,0.00403594970703125,6.389617919921875e-05,9.5367431640625e-06,0.00025653839111328125,9.5367431640625e-06
ly4HE4d+6E8BqXgm6E1eGNKu8OiiZE+Gj/D4YUMRFDU=,1970-01-24 10:00:00,0.0081024169921875,0.003612518310546875,0.0081787109375,0.0017337799072265625,0.0153045654296875,0.002086639404296875
ly4HE4d+6E8BqXgm6E1eGNKu8OiiZE+Gj/D4YUMRFDU=,1970-01-24 11:00:00,0.0081024169921875,0.00403594970703125,6.389617919921875e-05,9.5367431640625e-06,0.00025653839111328125,9.5367431640625e-06
ly4HE4d+6E8BqXgm6E1eGNKu8OiiZE+Gj/D4YUMRFDU=,1970-01-24 12:00:00,0.0081024169921875,0.00403594970703125,6.389617919921875e-05,9.5367431640625e-06,0.00025653839111328125,9.5367431640625e-06
ly4HE4d+6E8BqXgm6E1eGNKu8OiiZE+Gj/D4YUMRFDU=,1970-01-24 13:00:00,0.0081024169921875,0.003612518310546875,0.00022029876708984375,0.0006456375122070312,0.0051116943359375,0.0006847381591796875
ly4HE4d+6E8BqXgm6E1eGNKu8OiiZE+Gj/D4YUMRFDU=,1970-01-24 14:00:00,0.0081024169921875,0.003612518310546875,0.00022029876708984375,0.0006456375122070312,0.0051116943359375,0.0006847381591796875
ly4HE4d+6E8BqXgm6E1eGNKu8OiiZE+Gj/D4YUMRFDU=,1970-01-24 15:00:00,0.0081024169921875,0.00403594970703125,6.389617919921875e-05,9.5367431640625e-06,0.00025653839111328125,9.5367431640625e-06
ly4HE4d+6E8BqXgm6E1eGNKu8OiiZE+Gj/D4YUMRFDU=,1970-01-24 16:00:00,0.0081024169921875,0.003612518310546875,0.00022029876708984375,0.0006456375122070312,0.0051116943359375,0.0006847381591796875
ly4HE4d+6E8BqXgm6E1eGNKu8OiiZE+Gj/D4YUMRFDU=,1970-01-24 17:00:00,0.0081024169921875,0.00403594970703125,6.389617919921875e-05,9.5367431640625e-06,0.00025653839111328125,9.5367431640625e-06
ly4HE4d+6E8BqXgm6E1eGNKu8OiiZE+Gj/D4YUMRFDU=,1970-01-24 18:00:00,0.0081024169921875,0.00403594970703125,6.389617919921875e-05,9.5367431640625e-06,0.00025653839111328125,9.5367431640625e-06
ly4HE4d+6E8BqXgm6E1eGNKu8OiiZE+Gj/D4YUMRFDU=,1970-01-24 19:00:00,0.0081024169921875,0.003612518310546875,0.00022029876708984375,0.0006456375122070312,0.0051116943359375,0.0006847381591796875
ly4HE4d+6E8BqXgm6E1eGNKu8OiiZE+Gj/D4YUMRFDU=,1970-01-24 20:00:00,0.0081024169921875,0.003612518310546875,0.00022029876708984375,0.0006456375122070312,0.0051116943359375,0.0006847381591796875
ly4HE4d+6E8BqXgm6E1eGNKu8OiiZE+Gj/D4YUMRFDU=,1970-01-24 21:00:00,0.0081024169921875,0.00403594970703125,6.389617919921875e-05,9.5367431640625e-06,0.00025653839111328125,9.5367431640625e-06
ly4HE4d+6E8BqXgm6E1eGNKu8OiiZE+Gj/D4YUMRFDU=,1970-01-24 22:00:00,0.0081024169921875,0.003612518310546875,0.0081787109375,0.0017337799072265625,0.0153045654296875,0.002086639404296875
ly4HE4d+6E8BqXgm6E1eGNKu8OiiZE+Gj/D4YUMRFDU=,1970-01-24 23:00:00,0.0081024169921875,0.00403594970703125,6.389617919921875e-05,9.5367431640625e-06,0.00025653839111328125,9.5367431640625e-06
ly4HE4d+6E8BqXgm6E1eGNKu8OiiZE+Gj/D4YUMRFDU=,1970-01-25 00:00:00,0.0081024169921875,0.00403594970703125,6.389617919921875e-05,9.5367431640625e-06,0.00025653839111328125,9.5367431640625e-06
ly4HE4d+6E8BqXgm6E1eGNKu8OiiZE+Gj/D4YUMRFDU=,1970-01-25 01:00:00,0.0081024169921875,0.00403594970703125,6.389617919921875e-05,9.5367431640625e-06,0.00025653839111328125,9.5367431640625e-06
ly4HE4d+6E8BqXgm6E1eGNKu8OiiZE+Gj/D4YUMRFDU=,1970-01-25 02:00:00,0.0081024169921875,0.00403594970703125,6.389617919921875e-05,9.5367431640625e-06,0.00025653839111328125,9.5367431640625e-06
ly4HE4d+6E8BqXgm6E1eGNKu8OiiZE+Gj/D4YUMRFDU=,1970-01-25 03:00:00,0.0081024169921875,0.00403594970703125,6.389617919921875e-05,9.5367431640625e-06,0.00025653839111328125,9.5367431640625e-06
ly4HE4d+6E8BqXgm6E1eGNKu8OiiZE+Gj/D4YUMRFDU=,1970-01-25 04:00:00,0.0081024169921875,0.003612518310546875,0.00022029876708984375,0.0006456375122070312,0.0051116943359375,0.0006847381591796875
ly4HE4d+6E8BqXgm6E1eGNKu8OiiZE+Gj/D4YUMRFDU=,1970-01-25 05:00:00,0.0081024169921875,0.00403594970703125,6.389617919921875e-05,9.5367431640625e-06,0.00025653839111328125,9.5367431640625e-06
ly4HE4d+6E8BqXgm6E1eGNKu8OiiZE+Gj/D4YUMRFDU=,1970-01-25 06:00:00,0.0081024169921875,0.00403594970703125,6.389617919921875e-05,9.5367431640625e-06,0.00025653839111328125,9.5367431640625e-06
ly4HE4d+6E8BqXgm6E1eGNKu8OiiZE+Gj/D4YUMRFDU=,1970-01-25 07:00:00,0.0081024169921875,0.00403594970703125,6.389617919921875e-05,9.5367431640625e-06,0.00025653839111328125,9.5367431640625e-06
ly4HE4d+6E8BqXgm6E1eGNKu8OiiZE+Gj/D4YUMRFDU=,1970-01-25 08:00:00,0.0081024169921875,0.00403594970703125,6.389617919921875e-05,9.5367431640625e-06,0.00025653839111328125,9.5367431640625e-06
ly4HE4d+6E8BqXgm6E1eGNKu8OiiZE+Gj/D4YUMRFDU=,1970-01-25 09:00:00,0.0081024169921875,0.00403594970703125,6.389617919921875e-05,9.5367431640625e-06,0.00025653839111328125,9.5367431640625e-06
ly4HE4d+6E8BqXgm6E1eGNKu8OiiZE+Gj/D4YUMRFDU=,1970-01-25 10:00:00,0.0081024169921875,0.00403594970703125,6.389617919921875e-05,9.5367431640625e-06,0.00025653839111328125,9.5367431640625e-06
ly4HE4d+6E8BqXgm6E1eGNKu8OiiZE+Gj/D4YUMRFDU=,1970-01-25 11:00:00,0.0081024169921875,0.00403594970703125,6.389617919921875e-05,9.5367431640625e-06,0.00025653839111328125,9.5367431640625e-06
ly4HE4d+6E8BqXgm6E1eGNKu8OiiZE+Gj/D4YUMRFDU=,1970-01-25 12:00:00,0.0081024169921875,0.00403594970703125,6.389617919921875e-05,9.5367431640625e-06,0.00025653839111328125,9.5367431640625e-06
ly4HE4d+6E8BqXgm6E1eGNKu8OiiZE+Gj/D4YUMRFDU=,1970-01-25 14:00:00,0.0081024169921875,0.00403594970703125,6.389617919921875e-05,9.5367431640625e-06,0.00025653839111328125,9.5367431640625e-06
ly4HE4d+6E8BqXgm6E1eGNKu8OiiZE+Gj/D4YUMRFDU=,1970-01-25 15:00:00,0.0081024169921875,0.00403594970703125,6.389617919921875e-05,9.5367431640625e-06,0.00025653839111328125,9.5367431640625e-06
ly4HE4d+6E8BqXgm6E1eGNKu8OiiZE+Gj/D4YUMRFDU=,1970-01-25 16:00:00,0.0081024169921875,0.003612518310546875,0.00022029876708984375,0.0006456375122070312,0.0051116943359375,0.0006847381591796875
ly4HE4d+6E8BqXgm6E1eGNKu8OiiZE+Gj/D4YUMRFDU=,1970-01-25 17:00:00,0.0081024169921875,0.003612518310546875,0.00022029876708984375,0.0006456375122070312,0.0051116943359375,0.0006847381591796875
ly4HE4d+6E8BqXgm6E1eGNKu8OiiZE+Gj/D4YUMRFDU=,1970-01-25 18:00:00,0.0081024169921875,0.00403594970703125,6.389617919921875e-05,9.5367431640625e-06,0.00025653839111328125,9.5367431640625e-06
ly4HE4d+6E8BqXgm6E1eGNKu8OiiZE+Gj/D4YUMRFDU=,1970-01-25 19:00:00,0.00566864013671875,0.00262451171875,0.0,8.96453857421875e-05,0.0,8.96453857421875e-05
ly4HE4d+6E8BqXgm6E1eGNKu8OiiZE+Gj/D4YUMRFDU=,1970-01-25 20:00:00,0.0081024169921875,0.00403594970703125,6.389617919921875e-05,9.5367431640625e-06,0.00025653839111328125,9.5367431640625e-06
ly4HE4d+6E8BqXgm6E1eGNKu8OiiZE+Gj/D4YUMRFDU=,1970-01-25 21:00:00,0.0081024169921875,0.00403594970703125,6.389617919921875e-05,9.5367431640625e-06,0.00025653839111328125,9.5367431640625e-06
ly4HE4d+6E8BqXgm6E1eGNKu8OiiZE+Gj/D4YUMRFDU=,1970-01-25 22:00:00,0.0081024169921875,0.00403594970703125,6.389617919921875e-05,9.5367431640625e-06,0.00025653839111328125,9.5367431640625e-06
ly4HE4d+6E8BqXgm6E1eGNKu8OiiZE+Gj/D4YUMRFDU=,1970-01-25 23:00:00,0.0081024169921875,0.00403594970703125,6.389617919921875e-05,9.5367431640625e-06,0.00025653839111328125,9.5367431640625e-06
ly4HE4d+6E8BqXgm6E1eGNKu8OiiZE+Gj/D4YUMRFDU=,1970-01-26 02:00:00,0.0081024169921875,0.00403594970703125,6.389617919921875e-05,9.5367431640625e-06,0.00025653839111328125,9.5367431640625e-06
ly4HE4d+6E8BqXgm6E1eGNKu8OiiZE+Gj/D4YUMRFDU=,1970-01-26 04:00:00,0.0081024169921875,0.00403594970703125,6.389617919921875e-05,9.5367431640625e-06,0.00025653839111328125,9.5367431640625e-06
ly4HE4d+6E8BqXgm6E1eGNKu8OiiZE+Gj/D4YUMRFDU=,1970-01-26 06:00:00,0.0081024169921875,0.00403594970703125,6.389617919921875e-05,9.5367431640625e-06,0.00025653839111328125,9.5367431640625e-06
ly4HE4d+6E8BqXgm6E1eGNKu8OiiZE+Gj/D4YUMRFDU=,1970-01-26 07:00:00,0.0081024169921875,0.00403594970703125,6.389617919921875e-05,9.5367431640625e-06,0.00025653839111328125,9.5367431640625e-06
ly4HE4d+6E8BqXgm6E1eGNKu8OiiZE+Gj/D4YUMRFDU=,1970-01-26 08:00:00,0.0081024169921875,0.00403594970703125,6.389617919921875e-05,9.5367431640625e-06,0.00025653839111328125,9.5367431640625e-06
ly4HE4d+6E8BqXgm6E1eGNKu8OiiZE+Gj/D4YUMRFDU=,1970-01-26 09:00:00,0.0081024169921875,0.00403594970703125,6.389617919921875e-05,9.5367431640625e-06,0.00025653839111328125,9.5367431640625e-06
ly4HE4d+6E8BqXgm6E1eGNKu8OiiZE+Gj/D4YUMRFDU=,1970-01-26 10:00:00,0.0081024169921875,0.003612518310546875,0.00022029876708984375,0.0006456375122070312,0.0051116943359375,0.0006847381591796875
ly4HE4d+6E8BqXgm6E1eGNKu8OiiZE+Gj/D4YUMRFDU=,1970-01-26 11:00:00,0.0081024169921875,0.00403594970703125,6.389617919921875e-05,9.5367431640625e-06,0.00025653839111328125,9.5367431640625e-06
ly4HE4d+6E8BqXgm6E1eGNKu8OiiZE+Gj/D4YUMRFDU=,1970-01-26 12:00:00,0.0081024169921875,0.003612518310546875,0.0081787109375,0.0017337799072265625,0.0153045654296875,0.002086639404296875
ly4HE4d+6E8BqXgm6E1eGNKu8OiiZE+Gj/D4YUMRFDU=,1970-01-26 13:00:00,0.0081024169921875,0.00403594970703125,6.389617919921875e-05,9.5367431640625e-06,0.00025653839111328125,9.5367431640625e-06
ly4HE4d+6E8BqXgm6E1eGNKu8OiiZE+Gj/D4YUMRFDU=,1970-01-26 14:00:00,0.0081024169921875,0.00403594970703125,6.389617919921875e-05,9.5367431640625e-06,0.00025653839111328125,9.5367431640625e-06
ly4HE4d+6E8BqXgm6E1eGNKu8OiiZE+Gj/D4YUMRFDU=,1970-01-26 16:00:00,0.0081024169921875,0.00403594970703125,6.389617919921875e-05,9.5367431640625e-06,0.00025653839111328125,9.5367431640625e-06
ly4HE4d+6E8BqXgm6E1eGNKu8OiiZE+Gj/D4YUMRFDU=,1970-01-26 17:00:00,0.0081024169921875,0.00403594970703125,6.389617919921875e-05,9.5367431640625e-06,0.00025653839111328125,9.5367431640625e-06
ly4HE4d+6E8BqXgm6E1eGNKu8OiiZE+Gj/D4YUMRFDU=,1970-01-26 18:00:00,0.0081024169921875,0.00182342529296875,0.00630950927734375,0.00131988525390625,0.0106201171875,0.0016307830810546875
ly4HE4d+6E8BqXgm6E1eGNKu8OiiZE+Gj/D4YUMRFDU=,1970-01-26 19:00:00,0.0081024169921875,0.00403594970703125,6.389617919921875e-05,9.5367431640625e-06,0.00025653839111328125,9.5367431640625e-06
ly4HE4d+6E8BqXgm6E1eGNKu8OiiZE+Gj/D4YUMRFDU=,1970-01-26 20:00:00,0.0081024169921875,0.003612518310546875,0.00022029876708984375,0.0006456375122070312,0.0051116943359375,0.0006847381591796875
ly4HE4d+6E8BqXgm6E1eGNKu8OiiZE+Gj/D4YUMRFDU=,1970-01-26 21:00:00,0.0081024169921875,0.00403594970703125,6.389617919921875e-05,9.5367431640625e-06,0.00025653839111328125,9.5367431640625e-06
ly4HE4d+6E8BqXgm6E1eGNKu8OiiZE+Gj/D4YUMRFDU=,1970-01-26 22:00:00,0.0081024169921875,0.00182342529296875,0.0,1.1444091796875e-05,0.0,1.1444091796875e-05
ly4HE4d+6E8BqXgm6E1eGNKu8OiiZE+Gj/D4YUMRFDU=,1970-01-26 23:00:00,0.0081024169921875,0.00403594970703125,6.389617919921875e-05,9.5367431640625e-06,0.00025653839111328125,9.5367431640625e-06
ly4HE4d+6E8BqXgm6E1eGNKu8OiiZE+Gj/D4YUMRFDU=,1970-01-27 00:00:00,0.0081024169921875,0.003612518310546875,0.00022029876708984375,0.0006456375122070312,0.0051116943359375,0.0006847381591796875
ly4HE4d+6E8BqXgm6E1eGNKu8OiiZE+Gj/D4YUMRFDU=,1970-01-27 01:00:00,0.0081024169921875,0.00403594970703125,6.389617919921875e-05,9.5367431640625e-06,0.00025653839111328125,9.5367431640625e-06
ly4HE4d+6E8BqXgm6E1eGNKu8OiiZE+Gj/D4YUMRFDU=,1970-01-27 02:00:00,0.0081024169921875,0.00403594970703125,6.389617919921875e-05,9.5367431640625e-06,0.00025653839111328125,9.5367431640625e-06
ly4HE4d+6E8BqXgm6E1eGNKu8OiiZE+Gj/D4YUMRFDU=,1970-01-27 03:00:00,0.0081024169921875,0.00403594970703125,6.389617919921875e-05,9.5367431640625e-06,0.00025653839111328125,9.5367431640625e-06
ly4HE4d+6E8BqXgm6E1eGNKu8OiiZE+Gj/D4YUMRFDU=,1970-01-27 04:00:00,0.0081024169921875,0.00182342529296875,0.00630950927734375,0.00131988525390625,0.0106201171875,0.0016307830810546875
ly4HE4d+6E8BqXgm6E1eGNKu8OiiZE+Gj/D4YUMRFDU=,1970-01-27 05:00:00,0.0081024169921875,0.00403594970703125,6.389617919921875e-05,9.5367431640625e-06,0.00025653839111328125,9.5367431640625e-06
ly4HE4d+6E8BqXgm6E1eGNKu8OiiZE+Gj/D4YUMRFDU=,1970-01-27 06:00:00,0.0081024169921875,0.00403594970703125,6.389617919921875e-05,9.5367431640625e-06,0.00025653839111328125,9.5367431640625e-06
ly4HE4d+6E8BqXgm6E1eGNKu8OiiZE+Gj/D4YUMRFDU=,1970-01-27 07:00:00,0.0081024169921875,0.00403594970703125,6.389617919921875e-05,9.5367431640625e-06,0.00025653839111328125,9.5367431640625e-06
ly4HE4d+6E8BqXgm6E1eGNKu8OiiZE+Gj/D4YUMRFDU=,1970-01-27 08:00:00,0.0081024169921875,0.00403594970703125,6.389617919921875e-05,9.5367431640625e-06,0.00025653839111328125,9.5367431640625e-06
ly4HE4d+6E8BqXgm6E1eGNKu8OiiZE+Gj/D4YUMRFDU=,1970-01-27 09:00:00,0.0081024169921875,0.00403594970703125,6.389617919921875e-05,9.5367431640625e-06,0.00025653839111328125,9.5367431640625e-06
ly4HE4d+6E8BqXgm6E1eGNKu8OiiZE+Gj/D4YUMRFDU=,1970-01-27 10:00:00,0.0081024169921875,0.00403594970703125,6.389617919921875e-05,9.5367431640625e-06,0.00025653839111328125,9.5367431640625e-06
ly4HE4d+6E8BqXgm6E1eGNKu8OiiZE+Gj/D4YUMRFDU=,1970-01-27 13:00:00,0.0081024169921875,0.00403594970703125,6.389617919921875e-05,9.5367431640625e-06,0.00025653839111328125,9.5367431640625e-06
ly4HE4d+6E8BqXgm6E1eGNKu8OiiZE+Gj/D4YUMRFDU=,1970-01-27 14:00:00,0.0081024169921875,0.00403594970703125,6.389617919921875e-05,9.5367431640625e-06,0.00025653839111328125,9.5367431640625e-06
ly4HE4d+6E8BqXgm6E1eGNKu8OiiZE+Gj/D4YUMRFDU=,1970-01-27 15:00:00,0.0081024169921875,0.00403594970703125,6.389617919921875e-05,9.5367431640625e-06,0.00025653839111328125,9.5367431640625e-06
ly4HE4d+6E8BqXgm6E1eGNKu8OiiZE+Gj/D4YUMRFDU=,1970-01-27 19:00:00,0.0081024169921875,0.00403594970703125,6.389617919921875e-05,9.5367431640625e-06,0.00025653839111328125,9.5367431640625e-06
ly4HE4d+6E8BqXgm6E1eGNKu8OiiZE+Gj/D4YUMRFDU=,1970-01-27 21:00:00,0.0081024169921875,0.00403594970703125,6.389617919921875e-05,9.5367431640625e-06,0.00025653839111328125,9.5367431640625e-06
ly4HE4d+6E8BqXgm6E1eGNKu8OiiZE+Gj/D4YUMRFDU=,1970-01-27 22:00:00,0.0081024169921875,0.00403594970703125,6.389617919921875e-05,9.5367431640625e-06,0.00025653839111328125,9.5367431640625e-06
ly4HE4d+6E8BqXgm6E1eGNKu8OiiZE+Gj/D4YUMRFDU=,1970-01-28 01:00:00,0.0081024169921875,0.00403594970703125,6.389617919921875e-05,9.5367431640625e-06,0.00025653839111328125,9.5367431640625e-06
ly4HE4d+6E8BqXgm6E1eGNKu8OiiZE+Gj/D4YUMRFDU=,1970-01-28 03:00:00,0.0081024169921875,0.00403594970703125,6.389617919921875e-05,9.5367431640625e-06,0.00025653839111328125,9.5367431640625e-06
ly4HE4d+6E8BqXgm6E1eGNKu8OiiZE+Gj/D4YUMRFDU=,1970-01-28 11:00:00,0.0081024169921875,0.00182342529296875,0.00958251953125,0.00182342529296875,0.021820068359375,0.00182342529296875
ly4HE4d+6E8BqXgm6E1eGNKu8OiiZE+Gj/D4YUMRFDU=,1970-01-28 18:00:00,0.0081024169921875,0.00182342529296875,0.00958251953125,0.00182342529296875,0.021820068359375,0.00182342529296875
ly4HE4d+6E8BqXgm6E1eGNKu8OiiZE+Gj/D4YUMRFDU=,1970-01-29 01:00:00,0.00566864013671875,0.00262451171875,0.0,8.7738037109375e-05,0.0,8.7738037109375e-05
