time_dt,hour_of_day,day_of_week,day_of_month,month,is_weekend,day_part_morning,day_part_afternoon,day_part_evening,day_part_night,hour_sin,hour_cos,day_sin,day_cos,user,average_usage_memory
1970-02-01 00:06:32.196402487,0,6,1,2,1,0,0,0,1,0.0,1.0,-0.7818314824680299,0.6234898018587334,DrrEIEWkWuW7RrZwpHLCN0k0A2J0usJeyt3wtqzZ7Kk=,0.00824829084155064
1970-02-01 00:08:22.217438974,0,6,1,2,1,0,0,0,1,0.0,1.0,-0.7818314824680299,0.6234898018587334,DrrEIEWkWuW7RrZwpHLCN0k0A2J0usJeyt3wtqzZ7Kk=,0.006885580044216751
1970-02-01 00:10:12.238475461,0,6,1,2,1,0,0,0,1,0.0,1.0,-0.7818314824680299,0.6234898018587334,DrrEIEWkWuW7RrZwpHLCN0k0A2J0usJeyt3wtqzZ7Kk=,0.0
1970-02-01 00:12:02.259511948,0,6,1,2,1,0,0,0,1,0.0,1.0,-0.7818314824680299,0.6234898018587334,DrrEIEWkWuW7RrZwpHLCN0k0A2J0usJeyt3wtqzZ7Kk=,0.0023152638325896245
1970-02-01 00:13:52.280548435,0,6,1,2,1,0,0,0,1,0.0,1.0,-0.7818314824680299,0.6234898018587334,DrrEIEWkWuW7RrZwpHLCN0k0A2J0usJeyt3wtqzZ7Kk=,0.0
1970-02-01 00:15:42.301584922,0,6,1,2,1,0,0,0,1,0.0,1.0,-0.7818314824680299,0.6234898018587334,DrrEIEWkWuW7RrZwpHLCN0k0A2J0usJeyt3wtqzZ7Kk=,0.0
1970-02-01 00:17:32.322621409,0,6,1,2,1,0,0,0,1,0.0,1.0,-0.7818314824680299,0.6234898018587334,DrrEIEWkWuW7RrZwpHLCN0k0A2J0usJeyt3wtqzZ7Kk=,0.010423551645975073
1970-02-01 00:19:22.343657896,0,6,1,2,1,0,0,0,1,0.0,1.0,-0.7818314824680299,0.6234898018587334,DrrEIEWkWuW7RrZwpHLCN0k0A2J0usJeyt3wtqzZ7Kk=,0.01027239910442646
1970-02-01 00:21:12.364694383,0,6,1,2,1,0,0,0,1,0.0,1.0,-0.7818314824680299,0.6234898018587334,DrrEIEWkWuW7RrZwpHLCN0k0A2J0usJeyt3wtqzZ7Kk=,0.004637334334564902
1970-02-01 00:23:02.385730870,0,6,1,2,1,0,0,0,1,0.0,1.0,-0.7818314824680299,0.6234898018587334,DrrEIEWkWuW7RrZwpHLCN0k0A2J0usJeyt3wtqzZ7Kk=,0.012743871634712372
1970-02-01 00:24:52.406767357,0,6,1,2,1,0,0,0,1,0.0,1.0,-0.7818314824680299,0.6234898018587334,DrrEIEWkWuW7RrZwpHLCN0k0A2J0usJeyt3wtqzZ7Kk=,0.010106285257087991
1970-02-01 00:26:42.427803844,0,6,1,2,1,0,0,0,1,0.0,1.0,-0.7818314824680299,0.6234898018587334,DrrEIEWkWuW7RrZwpHLCN0k0A2J0usJeyt3wtqzZ7Kk=,0.0
1970-02-01 00:28:32.448840331,0,6,1,2,1,0,0,0,1,0.0,1.0,-0.7818314824680299,0.6234898018587334,DrrEIEWkWuW7RrZwpHLCN0k0A2J0usJeyt3wtqzZ7Kk=,0.0050872089813551674
1970-02-01 00:30:22.469876818,0,6,1,2,1,0,0,0,1,0.0,1.0,-0.7818314824680299,0.6234898018587334,DrrEIEWkWuW7RrZwpHLCN0k0A2J0usJeyt3wtqzZ7Kk=,0.017970018436484624
1970-02-01 00:32:12.490913305,0,6,1,2,1,0,0,0,1,0.0,1.0,-0.7818314824680299,0.6234898018587334,DrrEIEWkWuW7RrZwpHLCN0k0A2J0usJeyt3wtqzZ7Kk=,0.004002236035677642
1970-02-01 00:34:02.511949792,0,6,1,2,1,0,0,0,1,0.0,1.0,-0.7818314824680299,0.6234898018587334,DrrEIEWkWuW7RrZwpHLCN0k0A2J0usJeyt3wtqzZ7Kk=,0.010142828518704409
1970-02-01 00:35:52.532986279,0,6,1,2,1,0,0,0,1,0.0,1.0,-0.7818314824680299,0.6234898018587334,DrrEIEWkWuW7RrZwpHLCN0k0A2J0usJeyt3wtqzZ7Kk=,0.0014756293626215292
1970-02-01 00:37:42.554022766,0,6,1,2,1,0,0,0,1,0.0,1.0,-0.7818314824680299,0.6234898018587334,DrrEIEWkWuW7RrZwpHLCN0k0A2J0usJeyt3wtqzZ7Kk=,0.01023199598455912
1970-02-01 00:39:32.575059253,0,6,1,2,1,0,0,0,1,0.0,1.0,-0.7818314824680299,0.6234898018587334,DrrEIEWkWuW7RrZwpHLCN0k0A2J0usJeyt3wtqzZ7Kk=,0.001647726963658478
1970-02-01 00:41:22.596095740,0,6,1,2,1,0,0,0,1,0.0,1.0,-0.7818314824680299,0.6234898018587334,DrrEIEWkWuW7RrZwpHLCN0k0A2J0usJeyt3wtqzZ7Kk=,0.012607426591210882
1970-02-01 00:43:12.617132227,0,6,1,2,1,0,0,0,1,0.0,1.0,-0.7818314824680299,0.6234898018587334,DrrEIEWkWuW7RrZwpHLCN0k0A2J0usJeyt3wtqzZ7Kk=,0.0
1970-02-01 00:45:02.638168714,0,6,1,2,1,0,0,0,1,0.0,1.0,-0.7818314824680299,0.6234898018587334,DrrEIEWkWuW7RrZwpHLCN0k0A2J0usJeyt3wtqzZ7Kk=,0.0
1970-02-01 00:46:52.659205201,0,6,1,2,1,0,0,0,1,0.0,1.0,-0.7818314824680299,0.6234898018587334,DrrEIEWkWuW7RrZwpHLCN0k0A2J0usJeyt3wtqzZ7Kk=,0.003791677837692676
1970-02-01 00:48:42.680241688,0,6,1,2,1,0,0,0,1,0.0,1.0,-0.7818314824680299,0.6234898018587334,DrrEIEWkWuW7RrZwpHLCN0k0A2J0usJeyt3wtqzZ7Kk=,0.0040548777020763
1970-02-01 00:50:32.701278175,0,6,1,2,1,0,0,0,1,0.0,1.0,-0.7818314824680299,0.6234898018587334,DrrEIEWkWuW7RrZwpHLCN0k0A2J0usJeyt3wtqzZ7Kk=,0.0053366511694477895
1970-02-01 00:52:22.722314662,0,6,1,2,1,0,0,0,1,0.0,1.0,-0.7818314824680299,0.6234898018587334,DrrEIEWkWuW7RrZwpHLCN0k0A2J0usJeyt3wtqzZ7Kk=,0.005066519191225137
1970-02-01 00:54:12.743351149,0,6,1,2,1,0,0,0,1,0.0,1.0,-0.7818314824680299,0.6234898018587334,DrrEIEWkWuW7RrZwpHLCN0k0A2J0usJeyt3wtqzZ7Kk=,0.0067602646431991955
1970-02-01 00:56:02.764387636,0,6,1,2,1,0,0,0,1,0.0,1.0,-0.7818314824680299,0.6234898018587334,DrrEIEWkWuW7RrZwpHLCN0k0A2J0usJeyt3wtqzZ7Kk=,0.0
1970-02-01 00:57:52.785424123,0,6,1,2,1,0,0,0,1,0.0,1.0,-0.7818314824680299,0.6234898018587334,DrrEIEWkWuW7RrZwpHLCN0k0A2J0usJeyt3wtqzZ7Kk=,0.007465078094419556
1970-02-01 00:59:42.806460610,0,6,1,2,1,0,0,0,1,0.0,1.0,-0.7818314824680299,0.6234898018587334,DrrEIEWkWuW7RrZwpHLCN0k0A2J0usJeyt3wtqzZ7Kk=,0.0025177611196103592
1970-02-01 01:01:32.827497097,1,6,1,2,1,0,0,0,1,0.25881904510252074,0.9659258262890683,-0.7818314824680299,0.6234898018587334,DrrEIEWkWuW7RrZwpHLCN0k0A2J0usJeyt3wtqzZ7Kk=,0.0076922465883736985
1970-02-01 01:03:22.848533584,1,6,1,2,1,0,0,0,1,0.25881904510252074,0.9659258262890683,-0.7818314824680299,0.6234898018587334,DrrEIEWkWuW7RrZwpHLCN0k0A2J0usJeyt3wtqzZ7Kk=,0.007191698381180954
1970-02-01 01:05:12.869570071,1,6,1,2,1,0,0,0,1,0.25881904510252074,0.9659258262890683,-0.7818314824680299,0.6234898018587334,DrrEIEWkWuW7RrZwpHLCN0k0A2J0usJeyt3wtqzZ7Kk=,0.007822819303950462
1970-02-01 01:07:02.890606558,1,6,1,2,1,0,0,0,1,0.25881904510252074,0.9659258262890683,-0.7818314824680299,0.6234898018587334,DrrEIEWkWuW7RrZwpHLCN0k0A2J0usJeyt3wtqzZ7Kk=,0.012344349051055714
1970-02-01 01:08:52.911643045,1,6,1,2,1,0,0,0,1,0.25881904510252074,0.9659258262890683,-0.7818314824680299,0.6234898018587334,DrrEIEWkWuW7RrZwpHLCN0k0A2J0usJeyt3wtqzZ7Kk=,0.006754595528782659
1970-02-01 01:10:42.932679532,1,6,1,2,1,0,0,0,1,0.25881904510252074,0.9659258262890683,-0.7818314824680299,0.6234898018587334,DrrEIEWkWuW7RrZwpHLCN0k0A2J0usJeyt3wtqzZ7Kk=,0.0
1970-02-01 01:12:32.953716019,1,6,1,2,1,0,0,0,1,0.25881904510252074,0.9659258262890683,-0.7818314824680299,0.6234898018587334,DrrEIEWkWuW7RrZwpHLCN0k0A2J0usJeyt3wtqzZ7Kk=,0.010230931194915202
1970-02-01 01:14:22.974752506,1,6,1,2,1,0,0,0,1,0.25881904510252074,0.9659258262890683,-0.7818314824680299,0.6234898018587334,DrrEIEWkWuW7RrZwpHLCN0k0A2J0usJeyt3wtqzZ7Kk=,0.006481116619472947
1970-02-01 01:16:12.995788993,1,6,1,2,1,0,0,0,1,0.25881904510252074,0.9659258262890683,-0.7818314824680299,0.6234898018587334,DrrEIEWkWuW7RrZwpHLCN0k0A2J0usJeyt3wtqzZ7Kk=,0.013327471176604683
1970-02-01 01:18:03.016825480,1,6,1,2,1,0,0,0,1,0.25881904510252074,0.9659258262890683,-0.7818314824680299,0.6234898018587334,DrrEIEWkWuW7RrZwpHLCN0k0A2J0usJeyt3wtqzZ7Kk=,0.007184833751048349
1970-02-01 01:19:53.037861967,1,6,1,2,1,0,0,0,1,0.25881904510252074,0.9659258262890683,-0.7818314824680299,0.6234898018587334,DrrEIEWkWuW7RrZwpHLCN0k0A2J0usJeyt3wtqzZ7Kk=,0.003617153464681648
1970-02-01 01:21:43.058898454,1,6,1,2,1,0,0,0,1,0.25881904510252074,0.9659258262890683,-0.7818314824680299,0.6234898018587334,DrrEIEWkWuW7RrZwpHLCN0k0A2J0usJeyt3wtqzZ7Kk=,0.014045181225366831
1970-02-01 01:23:33.079934941,1,6,1,2,1,0,0,0,1,0.25881904510252074,0.9659258262890683,-0.7818314824680299,0.6234898018587334,DrrEIEWkWuW7RrZwpHLCN0k0A2J0usJeyt3wtqzZ7Kk=,0.01611965621308374
1970-02-01 01:25:23.100971428,1,6,1,2,1,0,0,0,1,0.25881904510252074,0.9659258262890683,-0.7818314824680299,0.6234898018587334,DrrEIEWkWuW7RrZwpHLCN0k0A2J0usJeyt3wtqzZ7Kk=,0.005414255302489457
1970-02-01 01:27:13.122007915,1,6,1,2,1,0,0,0,1,0.25881904510252074,0.9659258262890683,-0.7818314824680299,0.6234898018587334,DrrEIEWkWuW7RrZwpHLCN0k0A2J0usJeyt3wtqzZ7Kk=,0.0012043120321843922
1970-02-01 01:29:03.143044402,1,6,1,2,1,0,0,0,1,0.25881904510252074,0.9659258262890683,-0.7818314824680299,0.6234898018587334,DrrEIEWkWuW7RrZwpHLCN0k0A2J0usJeyt3wtqzZ7Kk=,0.018226390701445484
1970-02-01 01:30:53.164080889,1,6,1,2,1,0,0,0,1,0.25881904510252074,0.9659258262890683,-0.7818314824680299,0.6234898018587334,DrrEIEWkWuW7RrZwpHLCN0k0A2J0usJeyt3wtqzZ7Kk=,0.015764716901019236
1970-02-01 01:32:43.185117376,1,6,1,2,1,0,0,0,1,0.25881904510252074,0.9659258262890683,-0.7818314824680299,0.6234898018587334,DrrEIEWkWuW7RrZwpHLCN0k0A2J0usJeyt3wtqzZ7Kk=,0.0
1970-02-01 01:34:33.206153863,1,6,1,2,1,0,0,0,1,0.25881904510252074,0.9659258262890683,-0.7818314824680299,0.6234898018587334,DrrEIEWkWuW7RrZwpHLCN0k0A2J0usJeyt3wtqzZ7Kk=,0.01501673319858283
1970-02-01 01:36:23.227190350,1,6,1,2,1,0,0,0,1,0.25881904510252074,0.9659258262890683,-0.7818314824680299,0.6234898018587334,DrrEIEWkWuW7RrZwpHLCN0k0A2J0usJeyt3wtqzZ7Kk=,0.0010670263105397454
1970-02-01 01:38:13.248226837,1,6,1,2,1,0,0,0,1,0.25881904510252074,0.9659258262890683,-0.7818314824680299,0.6234898018587334,DrrEIEWkWuW7RrZwpHLCN0k0A2J0usJeyt3wtqzZ7Kk=,0.00015537623861021713
1970-02-01 01:40:03.269263324,1,6,1,2,1,0,0,0,1,0.25881904510252074,0.9659258262890683,-0.7818314824680299,0.6234898018587334,DrrEIEWkWuW7RrZwpHLCN0k0A2J0usJeyt3wtqzZ7Kk=,0.008403848548901985
1970-02-01 01:41:53.290299811,1,6,1,2,1,0,0,0,1,0.25881904510252074,0.9659258262890683,-0.7818314824680299,0.6234898018587334,DrrEIEWkWuW7RrZwpHLCN0k0A2J0usJeyt3wtqzZ7Kk=,0.007693546711165298
1970-02-01 01:43:43.311336298,1,6,1,2,1,0,0,0,1,0.25881904510252074,0.9659258262890683,-0.7818314824680299,0.6234898018587334,DrrEIEWkWuW7RrZwpHLCN0k0A2J0usJeyt3wtqzZ7Kk=,0.011882318251002817
1970-02-01 01:45:33.332372785,1,6,1,2,1,0,0,0,1,0.25881904510252074,0.9659258262890683,-0.7818314824680299,0.6234898018587334,DrrEIEWkWuW7RrZwpHLCN0k0A2J0usJeyt3wtqzZ7Kk=,0.0
1970-02-01 01:47:23.353409272,1,6,1,2,1,0,0,0,1,0.25881904510252074,0.9659258262890683,-0.7818314824680299,0.6234898018587334,DrrEIEWkWuW7RrZwpHLCN0k0A2J0usJeyt3wtqzZ7Kk=,0.0037579146268085597
1970-02-01 01:49:13.374445759,1,6,1,2,1,0,0,0,1,0.25881904510252074,0.9659258262890683,-0.7818314824680299,0.6234898018587334,DrrEIEWkWuW7RrZwpHLCN0k0A2J0usJeyt3wtqzZ7Kk=,0.020361896192409645
1970-02-01 01:51:03.395482246,1,6,1,2,1,0,0,0,1,0.25881904510252074,0.9659258262890683,-0.7818314824680299,0.6234898018587334,DrrEIEWkWuW7RrZwpHLCN0k0A2J0usJeyt3wtqzZ7Kk=,0.006929734731027674
1970-02-01 01:52:53.416518733,1,6,1,2,1,0,0,0,1,0.25881904510252074,0.9659258262890683,-0.7818314824680299,0.6234898018587334,DrrEIEWkWuW7RrZwpHLCN0k0A2J0usJeyt3wtqzZ7Kk=,0.014986099084868766
1970-02-01 01:54:43.437555220,1,6,1,2,1,0,0,0,1,0.25881904510252074,0.9659258262890683,-0.7818314824680299,0.6234898018587334,DrrEIEWkWuW7RrZwpHLCN0k0A2J0usJeyt3wtqzZ7Kk=,0.004468899927651943
1970-02-01 01:56:33.458591707,1,6,1,2,1,0,0,0,1,0.25881904510252074,0.9659258262890683,-0.7818314824680299,0.6234898018587334,DrrEIEWkWuW7RrZwpHLCN0k0A2J0usJeyt3wtqzZ7Kk=,0.0
1970-02-01 01:58:23.479628194,1,6,1,2,1,0,0,0,1,0.25881904510252074,0.9659258262890683,-0.7818314824680299,0.6234898018587334,DrrEIEWkWuW7RrZwpHLCN0k0A2J0usJeyt3wtqzZ7Kk=,0.006864577553551505
1970-02-01 02:00:13.500664681,2,6,1,2,1,0,0,0,1,0.49999999999999994,0.8660254037844387,-0.7818314824680299,0.6234898018587334,DrrEIEWkWuW7RrZwpHLCN0k0A2J0usJeyt3wtqzZ7Kk=,0.0005489728998347224
1970-02-01 02:02:03.521701168,2,6,1,2,1,0,0,0,1,0.49999999999999994,0.8660254037844387,-0.7818314824680299,0.6234898018587334,DrrEIEWkWuW7RrZwpHLCN0k0A2J0usJeyt3wtqzZ7Kk=,0.00757559443236444
1970-02-01 02:03:53.542737655,2,6,1,2,1,0,0,0,1,0.49999999999999994,0.8660254037844387,-0.7818314824680299,0.6234898018587334,DrrEIEWkWuW7RrZwpHLCN0k0A2J0usJeyt3wtqzZ7Kk=,0.003962008417475012
1970-02-01 02:05:43.563774142,2,6,1,2,1,0,0,0,1,0.49999999999999994,0.8660254037844387,-0.7818314824680299,0.6234898018587334,DrrEIEWkWuW7RrZwpHLCN0k0A2J0usJeyt3wtqzZ7Kk=,0.0
1970-02-01 02:07:33.584810629,2,6,1,2,1,0,0,0,1,0.49999999999999994,0.8660254037844387,-0.7818314824680299,0.6234898018587334,DrrEIEWkWuW7RrZwpHLCN0k0A2J0usJeyt3wtqzZ7Kk=,0.00912707765424569
1970-02-01 02:09:23.605847116,2,6,1,2,1,0,0,0,1,0.49999999999999994,0.8660254037844387,-0.7818314824680299,0.6234898018587334,DrrEIEWkWuW7RrZwpHLCN0k0A2J0usJeyt3wtqzZ7Kk=,0.008394904530261222
1970-02-01 02:11:13.626883603,2,6,1,2,1,0,0,0,1,0.49999999999999994,0.8660254037844387,-0.7818314824680299,0.6234898018587334,DrrEIEWkWuW7RrZwpHLCN0k0A2J0usJeyt3wtqzZ7Kk=,0.010220195411492602
1970-02-01 02:13:03.647920090,2,6,1,2,1,0,0,0,1,0.49999999999999994,0.8660254037844387,-0.7818314824680299,0.6234898018587334,DrrEIEWkWuW7RrZwpHLCN0k0A2J0usJeyt3wtqzZ7Kk=,0.00885667344521586
1970-02-01 02:14:53.668956577,2,6,1,2,1,0,0,0,1,0.49999999999999994,0.8660254037844387,-0.7818314824680299,0.6234898018587334,DrrEIEWkWuW7RrZwpHLCN0k0A2J0usJeyt3wtqzZ7Kk=,0.019867898047041574
1970-02-01 02:16:43.689993064,2,6,1,2,1,0,0,0,1,0.49999999999999994,0.8660254037844387,-0.7818314824680299,0.6234898018587334,DrrEIEWkWuW7RrZwpHLCN0k0A2J0usJeyt3wtqzZ7Kk=,0.012584291171458054
1970-02-01 02:18:33.711029551,2,6,1,2,1,0,0,0,1,0.49999999999999994,0.8660254037844387,-0.7818314824680299,0.6234898018587334,DrrEIEWkWuW7RrZwpHLCN0k0A2J0usJeyt3wtqzZ7Kk=,0.01986073759988985
1970-02-01 02:20:23.732066038,2,6,1,2,1,0,0,0,1,0.49999999999999994,0.8660254037844387,-0.7818314824680299,0.6234898018587334,DrrEIEWkWuW7RrZwpHLCN0k0A2J0usJeyt3wtqzZ7Kk=,0.009696189702428571
1970-02-01 02:22:13.753102525,2,6,1,2,1,0,0,0,1,0.49999999999999994,0.8660254037844387,-0.7818314824680299,0.6234898018587334,DrrEIEWkWuW7RrZwpHLCN0k0A2J0usJeyt3wtqzZ7Kk=,0.01153831175311891
1970-02-01 02:24:03.774139012,2,6,1,2,1,0,0,0,1,0.49999999999999994,0.8660254037844387,-0.7818314824680299,0.6234898018587334,DrrEIEWkWuW7RrZwpHLCN0k0A2J0usJeyt3wtqzZ7Kk=,0.019549219374269303
1970-02-01 02:25:53.795175499,2,6,1,2,1,0,0,0,1,0.49999999999999994,0.8660254037844387,-0.7818314824680299,0.6234898018587334,DrrEIEWkWuW7RrZwpHLCN0k0A2J0usJeyt3wtqzZ7Kk=,0.0091756170685871
1970-02-01 02:27:43.816211986,2,6,1,2,1,0,0,0,1,0.49999999999999994,0.8660254037844387,-0.7818314824680299,0.6234898018587334,DrrEIEWkWuW7RrZwpHLCN0k0A2J0usJeyt3wtqzZ7Kk=,0.02264858928460379
1970-02-01 02:29:33.837248473,2,6,1,2,1,0,0,0,1,0.49999999999999994,0.8660254037844387,-0.7818314824680299,0.6234898018587334,DrrEIEWkWuW7RrZwpHLCN0k0A2J0usJeyt3wtqzZ7Kk=,0.011053231787014672
1970-02-01 02:31:23.858284960,2,6,1,2,1,0,0,0,1,0.49999999999999994,0.8660254037844387,-0.7818314824680299,0.6234898018587334,DrrEIEWkWuW7RrZwpHLCN0k0A2J0usJeyt3wtqzZ7Kk=,0.01551986655989882
1970-02-01 02:33:13.879321447,2,6,1,2,1,0,0,0,1,0.49999999999999994,0.8660254037844387,-0.7818314824680299,0.6234898018587334,DrrEIEWkWuW7RrZwpHLCN0k0A2J0usJeyt3wtqzZ7Kk=,0.015019925371816152
1970-02-01 02:35:03.900357934,2,6,1,2,1,0,0,0,1,0.49999999999999994,0.8660254037844387,-0.7818314824680299,0.6234898018587334,DrrEIEWkWuW7RrZwpHLCN0k0A2J0usJeyt3wtqzZ7Kk=,0.012085618993173666
1970-02-01 02:36:53.921394421,2,6,1,2,1,0,0,0,1,0.49999999999999994,0.8660254037844387,-0.7818314824680299,0.6234898018587334,DrrEIEWkWuW7RrZwpHLCN0k0A2J0usJeyt3wtqzZ7Kk=,0.014627022095084936
1970-02-01 02:38:43.942430908,2,6,1,2,1,0,0,0,1,0.49999999999999994,0.8660254037844387,-0.7818314824680299,0.6234898018587334,DrrEIEWkWuW7RrZwpHLCN0k0A2J0usJeyt3wtqzZ7Kk=,0.01719089452182039
1970-02-01 02:40:33.963467395,2,6,1,2,1,0,0,0,1,0.49999999999999994,0.8660254037844387,-0.7818314824680299,0.6234898018587334,DrrEIEWkWuW7RrZwpHLCN0k0A2J0usJeyt3wtqzZ7Kk=,0.022718771058016993
1970-02-01 02:42:23.984503882,2,6,1,2,1,0,0,0,1,0.49999999999999994,0.8660254037844387,-0.7818314824680299,0.6234898018587334,DrrEIEWkWuW7RrZwpHLCN0k0A2J0usJeyt3wtqzZ7Kk=,0.0053076015134208045
1970-02-01 02:44:14.005540369,2,6,1,2,1,0,0,0,1,0.49999999999999994,0.8660254037844387,-0.7818314824680299,0.6234898018587334,DrrEIEWkWuW7RrZwpHLCN0k0A2J0usJeyt3wtqzZ7Kk=,0.0
1970-02-01 02:46:04.026576856,2,6,1,2,1,0,0,0,1,0.49999999999999994,0.8660254037844387,-0.7818314824680299,0.6234898018587334,DrrEIEWkWuW7RrZwpHLCN0k0A2J0usJeyt3wtqzZ7Kk=,0.013523857418037827
1970-02-01 02:47:54.047613343,2,6,1,2,1,0,0,0,1,0.49999999999999994,0.8660254037844387,-0.7818314824680299,0.6234898018587334,DrrEIEWkWuW7RrZwpHLCN0k0A2J0usJeyt3wtqzZ7Kk=,0.01819069570245639
1970-02-01 02:49:44.068649830,2,6,1,2,1,0,0,0,1,0.49999999999999994,0.8660254037844387,-0.7818314824680299,0.6234898018587334,DrrEIEWkWuW7RrZwpHLCN0k0A2J0usJeyt3wtqzZ7Kk=,0.005623326876720439
1970-02-01 02:51:34.089686317,2,6,1,2,1,0,0,0,1,0.49999999999999994,0.8660254037844387,-0.7818314824680299,0.6234898018587334,DrrEIEWkWuW7RrZwpHLCN0k0A2J0usJeyt3wtqzZ7Kk=,0.0009484999103165966
1970-02-01 02:53:24.110722804,2,6,1,2,1,0,0,0,1,0.49999999999999994,0.8660254037844387,-0.7818314824680299,0.6234898018587334,DrrEIEWkWuW7RrZwpHLCN0k0A2J0usJeyt3wtqzZ7Kk=,0.012783295027941042
1970-02-01 02:55:14.131759291,2,6,1,2,1,0,0,0,1,0.49999999999999994,0.8660254037844387,-0.7818314824680299,0.6234898018587334,DrrEIEWkWuW7RrZwpHLCN0k0A2J0usJeyt3wtqzZ7Kk=,0.00923056519483531
1970-02-01 02:57:04.152795778,2,6,1,2,1,0,0,0,1,0.49999999999999994,0.8660254037844387,-0.7818314824680299,0.6234898018587334,DrrEIEWkWuW7RrZwpHLCN0k0A2J0usJeyt3wtqzZ7Kk=,0.0011559767374458851
1970-02-01 02:58:54.173832265,2,6,1,2,1,0,0,0,1,0.49999999999999994,0.8660254037844387,-0.7818314824680299,0.6234898018587334,DrrEIEWkWuW7RrZwpHLCN0k0A2J0usJeyt3wtqzZ7Kk=,0.006744354143512172
1970-02-01 03:00:44.194868752,3,6,1,2,1,0,0,0,1,0.7071067811865475,0.7071067811865476,-0.7818314824680299,0.6234898018587334,DrrEIEWkWuW7RrZwpHLCN0k0A2J0usJeyt3wtqzZ7Kk=,0.007758298130286717
1970-02-01 03:02:34.215905239,3,6,1,2,1,0,0,0,1,0.7071067811865475,0.7071067811865476,-0.7818314824680299,0.6234898018587334,DrrEIEWkWuW7RrZwpHLCN0k0A2J0usJeyt3wtqzZ7Kk=,0.010882365412066577
1970-02-01 03:04:24.236941726,3,6,1,2,1,0,0,0,1,0.7071067811865475,0.7071067811865476,-0.7818314824680299,0.6234898018587334,DrrEIEWkWuW7RrZwpHLCN0k0A2J0usJeyt3wtqzZ7Kk=,0.007036081545578134
1970-02-01 03:06:14.257978213,3,6,1,2,1,0,0,0,1,0.7071067811865475,0.7071067811865476,-0.7818314824680299,0.6234898018587334,DrrEIEWkWuW7RrZwpHLCN0k0A2J0usJeyt3wtqzZ7Kk=,0.0
1970-02-01 03:08:04.279014700,3,6,1,2,1,0,0,0,1,0.7071067811865475,0.7071067811865476,-0.7818314824680299,0.6234898018587334,DrrEIEWkWuW7RrZwpHLCN0k0A2J0usJeyt3wtqzZ7Kk=,0.0
1970-02-01 03:09:54.300051187,3,6,1,2,1,0,0,0,1,0.7071067811865475,0.7071067811865476,-0.7818314824680299,0.6234898018587334,DrrEIEWkWuW7RrZwpHLCN0k0A2J0usJeyt3wtqzZ7Kk=,0.0
1970-02-01 03:11:44.321087674,3,6,1,2,1,0,0,0,1,0.7071067811865475,0.7071067811865476,-0.7818314824680299,0.6234898018587334,DrrEIEWkWuW7RrZwpHLCN0k0A2J0usJeyt3wtqzZ7Kk=,0.008337629436820131
1970-02-01 03:13:34.342124161,3,6,1,2,1,0,0,0,1,0.7071067811865475,0.7071067811865476,-0.7818314824680299,0.6234898018587334,DrrEIEWkWuW7RrZwpHLCN0k0A2J0usJeyt3wtqzZ7Kk=,0.014638624779428695
1970-02-01 03:15:24.363160648,3,6,1,2,1,0,0,0,1,0.7071067811865475,0.7071067811865476,-0.7818314824680299,0.6234898018587334,DrrEIEWkWuW7RrZwpHLCN0k0A2J0usJeyt3wtqzZ7Kk=,0.013037997498821226
1970-02-01 03:17:14.384197135,3,6,1,2,1,0,0,0,1,0.7071067811865475,0.7071067811865476,-0.7818314824680299,0.6234898018587334,DrrEIEWkWuW7RrZwpHLCN0k0A2J0usJeyt3wtqzZ7Kk=,0.0
1970-02-01 03:19:04.405233622,3,6,1,2,1,0,0,0,1,0.7071067811865475,0.7071067811865476,-0.7818314824680299,0.6234898018587334,DrrEIEWkWuW7RrZwpHLCN0k0A2J0usJeyt3wtqzZ7Kk=,0.0008638562303470362
1970-02-01 03:20:54.426270109,3,6,1,2,1,0,0,0,1,0.7071067811865475,0.7071067811865476,-0.7818314824680299,0.6234898018587334,DrrEIEWkWuW7RrZwpHLCN0k0A2J0usJeyt3wtqzZ7Kk=,0.005249071166028925
1970-02-01 03:22:44.447306596,3,6,1,2,1,0,0,0,1,0.7071067811865475,0.7071067811865476,-0.7818314824680299,0.6234898018587334,DrrEIEWkWuW7RrZwpHLCN0k0A2J0usJeyt3wtqzZ7Kk=,0.003156824702425941
1970-02-01 03:24:34.468343083,3,6,1,2,1,0,0,0,1,0.7071067811865475,0.7071067811865476,-0.7818314824680299,0.6234898018587334,DrrEIEWkWuW7RrZwpHLCN0k0A2J0usJeyt3wtqzZ7Kk=,0.011913045605894125
1970-02-01 03:26:24.489379570,3,6,1,2,1,0,0,0,1,0.7071067811865475,0.7071067811865476,-0.7818314824680299,0.6234898018587334,DrrEIEWkWuW7RrZwpHLCN0k0A2J0usJeyt3wtqzZ7Kk=,0.011955104129298472
1970-02-01 03:28:14.510416057,3,6,1,2,1,0,0,0,1,0.7071067811865475,0.7071067811865476,-0.7818314824680299,0.6234898018587334,DrrEIEWkWuW7RrZwpHLCN0k0A2J0usJeyt3wtqzZ7Kk=,0.009649930167954108
1970-02-01 03:30:04.531452544,3,6,1,2,1,0,0,0,1,0.7071067811865475,0.7071067811865476,-0.7818314824680299,0.6234898018587334,DrrEIEWkWuW7RrZwpHLCN0k0A2J0usJeyt3wtqzZ7Kk=,0.020745945552596623
1970-02-01 03:31:54.552489031,3,6,1,2,1,0,0,0,1,0.7071067811865475,0.7071067811865476,-0.7818314824680299,0.6234898018587334,DrrEIEWkWuW7RrZwpHLCN0k0A2J0usJeyt3wtqzZ7Kk=,0.009910099419825708
1970-02-01 03:33:44.573525518,3,6,1,2,1,0,0,0,1,0.7071067811865475,0.7071067811865476,-0.7818314824680299,0.6234898018587334,DrrEIEWkWuW7RrZwpHLCN0k0A2J0usJeyt3wtqzZ7Kk=,0.012532942828434236
1970-02-01 03:35:34.594562005,3,6,1,2,1,0,0,0,1,0.7071067811865475,0.7071067811865476,-0.7818314824680299,0.6234898018587334,DrrEIEWkWuW7RrZwpHLCN0k0A2J0usJeyt3wtqzZ7Kk=,0.015066287371714377
1970-02-01 03:37:24.615598492,3,6,1,2,1,0,0,0,1,0.7071067811865475,0.7071067811865476,-0.7818314824680299,0.6234898018587334,DrrEIEWkWuW7RrZwpHLCN0k0A2J0usJeyt3wtqzZ7Kk=,0.004048407193156916
1970-02-01 03:39:14.636634979,3,6,1,2,1,0,0,0,1,0.7071067811865475,0.7071067811865476,-0.7818314824680299,0.6234898018587334,DrrEIEWkWuW7RrZwpHLCN0k0A2J0usJeyt3wtqzZ7Kk=,0.0014896511518297283
1970-02-01 03:41:04.657671466,3,6,1,2,1,0,0,0,1,0.7071067811865475,0.7071067811865476,-0.7818314824680299,0.6234898018587334,DrrEIEWkWuW7RrZwpHLCN0k0A2J0usJeyt3wtqzZ7Kk=,0.0043412136832733286
1970-02-01 03:42:54.678707953,3,6,1,2,1,0,0,0,1,0.7071067811865475,0.7071067811865476,-0.7818314824680299,0.6234898018587334,DrrEIEWkWuW7RrZwpHLCN0k0A2J0usJeyt3wtqzZ7Kk=,0.006113197847130838
1970-02-01 03:44:44.699744440,3,6,1,2,1,0,0,0,1,0.7071067811865475,0.7071067811865476,-0.7818314824680299,0.6234898018587334,DrrEIEWkWuW7RrZwpHLCN0k0A2J0usJeyt3wtqzZ7Kk=,0.010093836620763394
1970-02-01 03:46:34.720780927,3,6,1,2,1,0,0,0,1,0.7071067811865475,0.7071067811865476,-0.7818314824680299,0.6234898018587334,DrrEIEWkWuW7RrZwpHLCN0k0A2J0usJeyt3wtqzZ7Kk=,0.0037984041681251145
1970-02-01 03:48:24.741817414,3,6,1,2,1,0,0,0,1,0.7071067811865475,0.7071067811865476,-0.7818314824680299,0.6234898018587334,DrrEIEWkWuW7RrZwpHLCN0k0A2J0usJeyt3wtqzZ7Kk=,0.006386414809874838
1970-02-01 03:50:14.762853901,3,6,1,2,1,0,0,0,1,0.7071067811865475,0.7071067811865476,-0.7818314824680299,0.6234898018587334,DrrEIEWkWuW7RrZwpHLCN0k0A2J0usJeyt3wtqzZ7Kk=,0.011826331805854011
1970-02-01 03:52:04.783890388,3,6,1,2,1,0,0,0,1,0.7071067811865475,0.7071067811865476,-0.7818314824680299,0.6234898018587334,DrrEIEWkWuW7RrZwpHLCN0k0A2J0usJeyt3wtqzZ7Kk=,0.0004865490209539731
1970-02-01 03:53:54.804926875,3,6,1,2,1,0,0,0,1,0.7071067811865475,0.7071067811865476,-0.7818314824680299,0.6234898018587334,DrrEIEWkWuW7RrZwpHLCN0k0A2J0usJeyt3wtqzZ7Kk=,0.003648538961229968
1970-02-01 03:55:44.825963362,3,6,1,2,1,0,0,0,1,0.7071067811865475,0.7071067811865476,-0.7818314824680299,0.6234898018587334,DrrEIEWkWuW7RrZwpHLCN0k0A2J0usJeyt3wtqzZ7Kk=,0.005795107497841352
1970-02-01 03:57:34.846999849,3,6,1,2,1,0,0,0,1,0.7071067811865475,0.7071067811865476,-0.7818314824680299,0.6234898018587334,DrrEIEWkWuW7RrZwpHLCN0k0A2J0usJeyt3wtqzZ7Kk=,0.005652084574049494
1970-02-01 03:59:24.868036336,3,6,1,2,1,0,0,0,1,0.7071067811865475,0.7071067811865476,-0.7818314824680299,0.6234898018587334,DrrEIEWkWuW7RrZwpHLCN0k0A2J0usJeyt3wtqzZ7Kk=,0.01699994865957397
1970-02-01 04:01:14.889072823,4,6,1,2,1,0,0,0,1,0.8660254037844386,0.5000000000000001,-0.7818314824680299,0.6234898018587334,DrrEIEWkWuW7RrZwpHLCN0k0A2J0usJeyt3wtqzZ7Kk=,0.016616773670001705
1970-02-01 04:03:04.910109310,4,6,1,2,1,0,0,0,1,0.8660254037844386,0.5000000000000001,-0.7818314824680299,0.6234898018587334,DrrEIEWkWuW7RrZwpHLCN0k0A2J0usJeyt3wtqzZ7Kk=,0.011447981495875843
1970-02-01 04:04:54.931145797,4,6,1,2,1,0,0,0,1,0.8660254037844386,0.5000000000000001,-0.7818314824680299,0.6234898018587334,DrrEIEWkWuW7RrZwpHLCN0k0A2J0usJeyt3wtqzZ7Kk=,0.002573001801401775
1970-02-01 04:06:44.952182284,4,6,1,2,1,0,0,0,1,0.8660254037844386,0.5000000000000001,-0.7818314824680299,0.6234898018587334,DrrEIEWkWuW7RrZwpHLCN0k0A2J0usJeyt3wtqzZ7Kk=,0.008450983704913467
1970-02-01 04:08:34.973218771,4,6,1,2,1,0,0,0,1,0.8660254037844386,0.5000000000000001,-0.7818314824680299,0.6234898018587334,DrrEIEWkWuW7RrZwpHLCN0k0A2J0usJeyt3wtqzZ7Kk=,0.0008308230222878231
1970-02-01 04:10:24.994255258,4,6,1,2,1,0,0,0,1,0.8660254037844386,0.5000000000000001,-0.7818314824680299,0.6234898018587334,DrrEIEWkWuW7RrZwpHLCN0k0A2J0usJeyt3wtqzZ7Kk=,0.0021050686370052774
1970-02-01 04:12:15.015291745,4,6,1,2,1,0,0,0,1,0.8660254037844386,0.5000000000000001,-0.7818314824680299,0.6234898018587334,DrrEIEWkWuW7RrZwpHLCN0k0A2J0usJeyt3wtqzZ7Kk=,0.0
1970-02-01 04:14:05.036328232,4,6,1,2,1,0,0,0,1,0.8660254037844386,0.5000000000000001,-0.7818314824680299,0.6234898018587334,DrrEIEWkWuW7RrZwpHLCN0k0A2J0usJeyt3wtqzZ7Kk=,0.0
1970-02-01 04:15:55.057364719,4,6,1,2,1,0,0,0,1,0.8660254037844386,0.5000000000000001,-0.7818314824680299,0.6234898018587334,DrrEIEWkWuW7RrZwpHLCN0k0A2J0usJeyt3wtqzZ7Kk=,0.009151732547930279
1970-02-01 04:17:45.078401206,4,6,1,2,1,0,0,0,1,0.8660254037844386,0.5000000000000001,-0.7818314824680299,0.6234898018587334,DrrEIEWkWuW7RrZwpHLCN0k0A2J0usJeyt3wtqzZ7Kk=,0.006787780650354253
1970-02-01 04:19:35.099437693,4,6,1,2,1,0,0,0,1,0.8660254037844386,0.5000000000000001,-0.7818314824680299,0.6234898018587334,DrrEIEWkWuW7RrZwpHLCN0k0A2J0usJeyt3wtqzZ7Kk=,0.0058576331633285695
1970-02-01 04:21:25.120474180,4,6,1,2,1,0,0,0,1,0.8660254037844386,0.5000000000000001,-0.7818314824680299,0.6234898018587334,DrrEIEWkWuW7RrZwpHLCN0k0A2J0usJeyt3wtqzZ7Kk=,0.00517698778151068
1970-02-01 04:23:15.141510667,4,6,1,2,1,0,0,0,1,0.8660254037844386,0.5000000000000001,-0.7818314824680299,0.6234898018587334,DrrEIEWkWuW7RrZwpHLCN0k0A2J0usJeyt3wtqzZ7Kk=,0.006935376556524201
1970-02-01 04:25:05.162547154,4,6,1,2,1,0,0,0,1,0.8660254037844386,0.5000000000000001,-0.7818314824680299,0.6234898018587334,DrrEIEWkWuW7RrZwpHLCN0k0A2J0usJeyt3wtqzZ7Kk=,0.010027211706220727
1970-02-01 04:26:55.183583641,4,6,1,2,1,0,0,0,1,0.8660254037844386,0.5000000000000001,-0.7818314824680299,0.6234898018587334,DrrEIEWkWuW7RrZwpHLCN0k0A2J0usJeyt3wtqzZ7Kk=,0.0
1970-02-01 04:28:45.204620128,4,6,1,2,1,0,0,0,1,0.8660254037844386,0.5000000000000001,-0.7818314824680299,0.6234898018587334,DrrEIEWkWuW7RrZwpHLCN0k0A2J0usJeyt3wtqzZ7Kk=,0.0014459108598282935
1970-02-01 04:30:35.225656615,4,6,1,2,1,0,0,0,1,0.8660254037844386,0.5000000000000001,-0.7818314824680299,0.6234898018587334,DrrEIEWkWuW7RrZwpHLCN0k0A2J0usJeyt3wtqzZ7Kk=,0.003956553294364963
1970-02-01 04:32:25.246693102,4,6,1,2,1,0,0,0,1,0.8660254037844386,0.5000000000000001,-0.7818314824680299,0.6234898018587334,DrrEIEWkWuW7RrZwpHLCN0k0A2J0usJeyt3wtqzZ7Kk=,0.008486774948250638
1970-02-01 04:34:15.267729589,4,6,1,2,1,0,0,0,1,0.8660254037844386,0.5000000000000001,-0.7818314824680299,0.6234898018587334,DrrEIEWkWuW7RrZwpHLCN0k0A2J0usJeyt3wtqzZ7Kk=,0.007525360671314234
1970-02-01 04:36:05.288766076,4,6,1,2,1,0,0,0,1,0.8660254037844386,0.5000000000000001,-0.7818314824680299,0.6234898018587334,DrrEIEWkWuW7RrZwpHLCN0k0A2J0usJeyt3wtqzZ7Kk=,0.00824357023307258
1970-02-01 04:37:55.309802563,4,6,1,2,1,0,0,0,1,0.8660254037844386,0.5000000000000001,-0.7818314824680299,0.6234898018587334,DrrEIEWkWuW7RrZwpHLCN0k0A2J0usJeyt3wtqzZ7Kk=,0.018970949982536962
1970-02-01 04:39:45.330839050,4,6,1,2,1,0,0,0,1,0.8660254037844386,0.5000000000000001,-0.7818314824680299,0.6234898018587334,DrrEIEWkWuW7RrZwpHLCN0k0A2J0usJeyt3wtqzZ7Kk=,0.010694090654520183
1970-02-01 04:41:35.351875537,4,6,1,2,1,0,0,0,1,0.8660254037844386,0.5000000000000001,-0.7818314824680299,0.6234898018587334,DrrEIEWkWuW7RrZwpHLCN0k0A2J0usJeyt3wtqzZ7Kk=,0.019488026362874694
1970-02-01 04:43:25.372912024,4,6,1,2,1,0,0,0,1,0.8660254037844386,0.5000000000000001,-0.7818314824680299,0.6234898018587334,DrrEIEWkWuW7RrZwpHLCN0k0A2J0usJeyt3wtqzZ7Kk=,0.012375906575981713
1970-02-01 04:45:15.393948511,4,6,1,2,1,0,0,0,1,0.8660254037844386,0.5000000000000001,-0.7818314824680299,0.6234898018587334,DrrEIEWkWuW7RrZwpHLCN0k0A2J0usJeyt3wtqzZ7Kk=,0.020367027700506673
1970-02-01 04:47:05.414984998,4,6,1,2,1,0,0,0,1,0.8660254037844386,0.5000000000000001,-0.7818314824680299,0.6234898018587334,DrrEIEWkWuW7RrZwpHLCN0k0A2J0usJeyt3wtqzZ7Kk=,0.01180954259567541
1970-02-01 04:48:55.436021485,4,6,1,2,1,0,0,0,1,0.8660254037844386,0.5000000000000001,-0.7818314824680299,0.6234898018587334,DrrEIEWkWuW7RrZwpHLCN0k0A2J0usJeyt3wtqzZ7Kk=,0.023928317745112296
1970-02-01 04:50:45.457057972,4,6,1,2,1,0,0,0,1,0.8660254037844386,0.5000000000000001,-0.7818314824680299,0.6234898018587334,DrrEIEWkWuW7RrZwpHLCN0k0A2J0usJeyt3wtqzZ7Kk=,0.01592657586557893
1970-02-01 04:52:35.478094459,4,6,1,2,1,0,0,0,1,0.8660254037844386,0.5000000000000001,-0.7818314824680299,0.6234898018587334,DrrEIEWkWuW7RrZwpHLCN0k0A2J0usJeyt3wtqzZ7Kk=,0.014922130322335378
1970-02-01 04:54:25.499130946,4,6,1,2,1,0,0,0,1,0.8660254037844386,0.5000000000000001,-0.7818314824680299,0.6234898018587334,DrrEIEWkWuW7RrZwpHLCN0k0A2J0usJeyt3wtqzZ7Kk=,0.010897329103678688
1970-02-01 04:56:15.520167433,4,6,1,2,1,0,0,0,1,0.8660254037844386,0.5000000000000001,-0.7818314824680299,0.6234898018587334,DrrEIEWkWuW7RrZwpHLCN0k0A2J0usJeyt3wtqzZ7Kk=,0.013600626705014173
1970-02-01 04:58:05.541203920,4,6,1,2,1,0,0,0,1,0.8660254037844386,0.5000000000000001,-0.7818314824680299,0.6234898018587334,DrrEIEWkWuW7RrZwpHLCN0k0A2J0usJeyt3wtqzZ7Kk=,0.026608191066413597
1970-02-01 04:59:55.562240407,4,6,1,2,1,0,0,0,1,0.8660254037844386,0.5000000000000001,-0.7818314824680299,0.6234898018587334,DrrEIEWkWuW7RrZwpHLCN0k0A2J0usJeyt3wtqzZ7Kk=,0.005988548710010666
1970-02-01 05:01:45.583276894,5,6,1,2,1,1,0,0,0,0.9659258262890683,0.25881904510252074,-0.7818314824680299,0.6234898018587334,DrrEIEWkWuW7RrZwpHLCN0k0A2J0usJeyt3wtqzZ7Kk=,0.00645359491680685
1970-02-01 05:03:35.604313381,5,6,1,2,1,1,0,0,0,0.9659258262890683,0.25881904510252074,-0.7818314824680299,0.6234898018587334,DrrEIEWkWuW7RrZwpHLCN0k0A2J0usJeyt3wtqzZ7Kk=,0.010343940308814971
1970-02-01 05:05:25.625349868,5,6,1,2,1,1,0,0,0,0.9659258262890683,0.25881904510252074,-0.7818314824680299,0.6234898018587334,DrrEIEWkWuW7RrZwpHLCN0k0A2J0usJeyt3wtqzZ7Kk=,0.004873123860648694
1970-02-01 05:07:15.646386355,5,6,1,2,1,1,0,0,0,0.9659258262890683,0.25881904510252074,-0.7818314824680299,0.6234898018587334,DrrEIEWkWuW7RrZwpHLCN0k0A2J0usJeyt3wtqzZ7Kk=,0.005375735853331117
1970-02-01 05:09:05.667422842,5,6,1,2,1,1,0,0,0,0.9659258262890683,0.25881904510252074,-0.7818314824680299,0.6234898018587334,DrrEIEWkWuW7RrZwpHLCN0k0A2J0usJeyt3wtqzZ7Kk=,0.0011831135677037247
1970-02-01 05:10:55.688459329,5,6,1,2,1,1,0,0,0,0.9659258262890683,0.25881904510252074,-0.7818314824680299,0.6234898018587334,DrrEIEWkWuW7RrZwpHLCN0k0A2J0usJeyt3wtqzZ7Kk=,0.0
1970-02-01 05:12:45.709495816,5,6,1,2,1,1,0,0,0,0.9659258262890683,0.25881904510252074,-0.7818314824680299,0.6234898018587334,DrrEIEWkWuW7RrZwpHLCN0k0A2J0usJeyt3wtqzZ7Kk=,0.004097210958147453
1970-02-01 05:14:35.730532303,5,6,1,2,1,1,0,0,0,0.9659258262890683,0.25881904510252074,-0.7818314824680299,0.6234898018587334,DrrEIEWkWuW7RrZwpHLCN0k0A2J0usJeyt3wtqzZ7Kk=,0.0028794180681629847
1970-02-01 05:16:25.751568790,5,6,1,2,1,1,0,0,0,0.9659258262890683,0.25881904510252074,-0.7818314824680299,0.6234898018587334,DrrEIEWkWuW7RrZwpHLCN0k0A2J0usJeyt3wtqzZ7Kk=,0.00923315546513728
1970-02-01 05:18:15.772605277,5,6,1,2,1,1,0,0,0,0.9659258262890683,0.25881904510252074,-0.7818314824680299,0.6234898018587334,DrrEIEWkWuW7RrZwpHLCN0k0A2J0usJeyt3wtqzZ7Kk=,0.012801376022859053
1970-02-01 05:20:05.793641764,5,6,1,2,1,1,0,0,0,0.9659258262890683,0.25881904510252074,-0.7818314824680299,0.6234898018587334,DrrEIEWkWuW7RrZwpHLCN0k0A2J0usJeyt3wtqzZ7Kk=,0.008923035954758837
1970-02-01 05:21:55.814678251,5,6,1,2,1,1,0,0,0,0.9659258262890683,0.25881904510252074,-0.7818314824680299,0.6234898018587334,DrrEIEWkWuW7RrZwpHLCN0k0A2J0usJeyt3wtqzZ7Kk=,0.00712292048227772
1970-02-01 05:23:45.835714738,5,6,1,2,1,1,0,0,0,0.9659258262890683,0.25881904510252074,-0.7818314824680299,0.6234898018587334,DrrEIEWkWuW7RrZwpHLCN0k0A2J0usJeyt3wtqzZ7Kk=,0.0
1970-02-01 05:25:35.856751225,5,6,1,2,1,1,0,0,0,0.9659258262890683,0.25881904510252074,-0.7818314824680299,0.6234898018587334,DrrEIEWkWuW7RrZwpHLCN0k0A2J0usJeyt3wtqzZ7Kk=,0.0020654597926890806
1970-02-01 05:27:25.877787712,5,6,1,2,1,1,0,0,0,0.9659258262890683,0.25881904510252074,-0.7818314824680299,0.6234898018587334,DrrEIEWkWuW7RrZwpHLCN0k0A2J0usJeyt3wtqzZ7Kk=,0.0
1970-02-01 05:29:15.898824199,5,6,1,2,1,1,0,0,0,0.9659258262890683,0.25881904510252074,-0.7818314824680299,0.6234898018587334,DrrEIEWkWuW7RrZwpHLCN0k0A2J0usJeyt3wtqzZ7Kk=,0.007825329786691674
1970-02-01 05:31:05.919860686,5,6,1,2,1,1,0,0,0,0.9659258262890683,0.25881904510252074,-0.7818314824680299,0.6234898018587334,DrrEIEWkWuW7RrZwpHLCN0k0A2J0usJeyt3wtqzZ7Kk=,0.007509940678393515
1970-02-01 05:32:55.940897173,5,6,1,2,1,1,0,0,0,0.9659258262890683,0.25881904510252074,-0.7818314824680299,0.6234898018587334,DrrEIEWkWuW7RrZwpHLCN0k0A2J0usJeyt3wtqzZ7Kk=,0.0066369223031766175
1970-02-01 05:34:45.961933660,5,6,1,2,1,1,0,0,0,0.9659258262890683,0.25881904510252074,-0.7818314824680299,0.6234898018587334,DrrEIEWkWuW7RrZwpHLCN0k0A2J0usJeyt3wtqzZ7Kk=,0.011743292319982404
1970-02-01 05:36:35.982970147,5,6,1,2,1,1,0,0,0,0.9659258262890683,0.25881904510252074,-0.7818314824680299,0.6234898018587334,DrrEIEWkWuW7RrZwpHLCN0k0A2J0usJeyt3wtqzZ7Kk=,0.0019611665575364817
1970-02-01 05:38:26.004006634,5,6,1,2,1,1,0,0,0,0.9659258262890683,0.25881904510252074,-0.7818314824680299,0.6234898018587334,DrrEIEWkWuW7RrZwpHLCN0k0A2J0usJeyt3wtqzZ7Kk=,0.0
1970-02-01 05:40:16.025043121,5,6,1,2,1,1,0,0,0,0.9659258262890683,0.25881904510252074,-0.7818314824680299,0.6234898018587334,DrrEIEWkWuW7RrZwpHLCN0k0A2J0usJeyt3wtqzZ7Kk=,0.002290836929617337
1970-02-01 05:42:06.046079608,5,6,1,2,1,1,0,0,0,0.9659258262890683,0.25881904510252074,-0.7818314824680299,0.6234898018587334,DrrEIEWkWuW7RrZwpHLCN0k0A2J0usJeyt3wtqzZ7Kk=,0.0
1970-02-01 05:43:56.067116095,5,6,1,2,1,1,0,0,0,0.9659258262890683,0.25881904510252074,-0.7818314824680299,0.6234898018587334,DrrEIEWkWuW7RrZwpHLCN0k0A2J0usJeyt3wtqzZ7Kk=,0.0023251227533872165
1970-02-01 05:45:46.088152582,5,6,1,2,1,1,0,0,0,0.9659258262890683,0.25881904510252074,-0.7818314824680299,0.6234898018587334,DrrEIEWkWuW7RrZwpHLCN0k0A2J0usJeyt3wtqzZ7Kk=,0.00513721845698131
1970-02-01 05:47:36.109189069,5,6,1,2,1,1,0,0,0,0.9659258262890683,0.25881904510252074,-0.7818314824680299,0.6234898018587334,DrrEIEWkWuW7RrZwpHLCN0k0A2J0usJeyt3wtqzZ7Kk=,0.0030136281606487985
1970-02-01 05:49:26.130225556,5,6,1,2,1,1,0,0,0,0.9659258262890683,0.25881904510252074,-0.7818314824680299,0.6234898018587334,DrrEIEWkWuW7RrZwpHLCN0k0A2J0usJeyt3wtqzZ7Kk=,0.007997462434732865
1970-02-01 05:51:16.151262043,5,6,1,2,1,1,0,0,0,0.9659258262890683,0.25881904510252074,-0.7818314824680299,0.6234898018587334,DrrEIEWkWuW7RrZwpHLCN0k0A2J0usJeyt3wtqzZ7Kk=,0.0008912147422771273
1970-02-01 05:53:06.172298530,5,6,1,2,1,1,0,0,0,0.9659258262890683,0.25881904510252074,-0.7818314824680299,0.6234898018587334,DrrEIEWkWuW7RrZwpHLCN0k0A2J0usJeyt3wtqzZ7Kk=,0.0073773527845204905
1970-02-01 05:54:56.193335017,5,6,1,2,1,1,0,0,0,0.9659258262890683,0.25881904510252074,-0.7818314824680299,0.6234898018587334,DrrEIEWkWuW7RrZwpHLCN0k0A2J0usJeyt3wtqzZ7Kk=,0.010049077029092057
1970-02-01 05:56:46.214371504,5,6,1,2,1,1,0,0,0,0.9659258262890683,0.25881904510252074,-0.7818314824680299,0.6234898018587334,DrrEIEWkWuW7RrZwpHLCN0k0A2J0usJeyt3wtqzZ7Kk=,0.0024805256229433288
1970-02-01 05:58:36.235407991,5,6,1,2,1,1,0,0,0,0.9659258262890683,0.25881904510252074,-0.7818314824680299,0.6234898018587334,DrrEIEWkWuW7RrZwpHLCN0k0A2J0usJeyt3wtqzZ7Kk=,0.0
1970-02-01 06:00:26.256444478,6,6,1,2,1,1,0,0,0,1.0,6.123233995736766e-17,-0.7818314824680299,0.6234898018587334,DrrEIEWkWuW7RrZwpHLCN0k0A2J0usJeyt3wtqzZ7Kk=,0.006965087840090236
1970-02-01 06:02:16.277480965,6,6,1,2,1,1,0,0,0,1.0,6.123233995736766e-17,-0.7818314824680299,0.6234898018587334,DrrEIEWkWuW7RrZwpHLCN0k0A2J0usJeyt3wtqzZ7Kk=,0.0034863962347367874
1970-02-01 06:04:06.298517452,6,6,1,2,1,1,0,0,0,1.0,6.123233995736766e-17,-0.7818314824680299,0.6234898018587334,DrrEIEWkWuW7RrZwpHLCN0k0A2J0usJeyt3wtqzZ7Kk=,0.012861084905193759
1970-02-01 06:05:56.319553939,6,6,1,2,1,1,0,0,0,1.0,6.123233995736766e-17,-0.7818314824680299,0.6234898018587334,DrrEIEWkWuW7RrZwpHLCN0k0A2J0usJeyt3wtqzZ7Kk=,0.007347390948052287
1970-02-01 06:07:46.340590426,6,6,1,2,1,1,0,0,0,1.0,6.123233995736766e-17,-0.7818314824680299,0.6234898018587334,DrrEIEWkWuW7RrZwpHLCN0k0A2J0usJeyt3wtqzZ7Kk=,0.0020906174174395373
1970-02-01 06:09:36.361626913,6,6,1,2,1,1,0,0,0,1.0,6.123233995736766e-17,-0.7818314824680299,0.6234898018587334,DrrEIEWkWuW7RrZwpHLCN0k0A2J0usJeyt3wtqzZ7Kk=,0.0054156481107338564
1970-02-01 06:11:26.382663400,6,6,1,2,1,1,0,0,0,1.0,6.123233995736766e-17,-0.7818314824680299,0.6234898018587334,DrrEIEWkWuW7RrZwpHLCN0k0A2J0usJeyt3wtqzZ7Kk=,0.0
1970-02-01 06:13:16.403699887,6,6,1,2,1,1,0,0,0,1.0,6.123233995736766e-17,-0.7818314824680299,0.6234898018587334,DrrEIEWkWuW7RrZwpHLCN0k0A2J0usJeyt3wtqzZ7Kk=,0.0045949828302688615
1970-02-01 06:15:06.424736374,6,6,1,2,1,1,0,0,0,1.0,6.123233995736766e-17,-0.7818314824680299,0.6234898018587334,DrrEIEWkWuW7RrZwpHLCN0k0A2J0usJeyt3wtqzZ7Kk=,0.006789703366834356
1970-02-01 06:16:56.445772861,6,6,1,2,1,1,0,0,0,1.0,6.123233995736766e-17,-0.7818314824680299,0.6234898018587334,DrrEIEWkWuW7RrZwpHLCN0k0A2J0usJeyt3wtqzZ7Kk=,0.0
1970-02-01 06:18:46.466809348,6,6,1,2,1,1,0,0,0,1.0,6.123233995736766e-17,-0.7818314824680299,0.6234898018587334,DrrEIEWkWuW7RrZwpHLCN0k0A2J0usJeyt3wtqzZ7Kk=,0.000911052014449164
1970-02-01 06:20:36.487845835,6,6,1,2,1,1,0,0,0,1.0,6.123233995736766e-17,-0.7818314824680299,0.6234898018587334,DrrEIEWkWuW7RrZwpHLCN0k0A2J0usJeyt3wtqzZ7Kk=,0.008948734565389735
1970-02-01 06:22:26.508882322,6,6,1,2,1,1,0,0,0,1.0,6.123233995736766e-17,-0.7818314824680299,0.6234898018587334,DrrEIEWkWuW7RrZwpHLCN0k0A2J0usJeyt3wtqzZ7Kk=,0.01065932257628506
1970-02-01 06:24:16.529918809,6,6,1,2,1,1,0,0,0,1.0,6.123233995736766e-17,-0.7818314824680299,0.6234898018587334,DrrEIEWkWuW7RrZwpHLCN0k0A2J0usJeyt3wtqzZ7Kk=,0.009524444348475526
1970-02-01 06:26:06.550955296,6,6,1,2,1,1,0,0,0,1.0,6.123233995736766e-17,-0.7818314824680299,0.6234898018587334,DrrEIEWkWuW7RrZwpHLCN0k0A2J0usJeyt3wtqzZ7Kk=,0.007155046504393426
1970-02-01 06:27:56.571991783,6,6,1,2,1,1,0,0,0,1.0,6.123233995736766e-17,-0.7818314824680299,0.6234898018587334,DrrEIEWkWuW7RrZwpHLCN0k0A2J0usJeyt3wtqzZ7Kk=,0.008636366122110876
1970-02-01 06:29:46.593028270,6,6,1,2,1,1,0,0,0,1.0,6.123233995736766e-17,-0.7818314824680299,0.6234898018587334,DrrEIEWkWuW7RrZwpHLCN0k0A2J0usJeyt3wtqzZ7Kk=,0.0
1970-02-01 06:31:36.614064757,6,6,1,2,1,1,0,0,0,1.0,6.123233995736766e-17,-0.7818314824680299,0.6234898018587334,DrrEIEWkWuW7RrZwpHLCN0k0A2J0usJeyt3wtqzZ7Kk=,0.013626440686996508
1970-02-01 06:33:26.635101244,6,6,1,2,1,1,0,0,0,1.0,6.123233995736766e-17,-0.7818314824680299,0.6234898018587334,DrrEIEWkWuW7RrZwpHLCN0k0A2J0usJeyt3wtqzZ7Kk=,0.0034932166634625804
1970-02-01 06:35:16.656137731,6,6,1,2,1,1,0,0,0,1.0,6.123233995736766e-17,-0.7818314824680299,0.6234898018587334,DrrEIEWkWuW7RrZwpHLCN0k0A2J0usJeyt3wtqzZ7Kk=,0.013431158575981969
1970-02-01 06:37:06.677174218,6,6,1,2,1,1,0,0,0,1.0,6.123233995736766e-17,-0.7818314824680299,0.6234898018587334,DrrEIEWkWuW7RrZwpHLCN0k0A2J0usJeyt3wtqzZ7Kk=,0.018614712661056153
1970-02-01 06:38:56.698210705,6,6,1,2,1,1,0,0,0,1.0,6.123233995736766e-17,-0.7818314824680299,0.6234898018587334,DrrEIEWkWuW7RrZwpHLCN0k0A2J0usJeyt3wtqzZ7Kk=,0.0035128479460279005
1970-02-01 06:40:46.719247192,6,6,1,2,1,1,0,0,0,1.0,6.123233995736766e-17,-0.7818314824680299,0.6234898018587334,DrrEIEWkWuW7RrZwpHLCN0k0A2J0usJeyt3wtqzZ7Kk=,0.007955465785879834
1970-02-01 06:42:36.740283679,6,6,1,2,1,1,0,0,0,1.0,6.123233995736766e-17,-0.7818314824680299,0.6234898018587334,DrrEIEWkWuW7RrZwpHLCN0k0A2J0usJeyt3wtqzZ7Kk=,0.0019360455354465716
1970-02-01 06:44:26.761320166,6,6,1,2,1,1,0,0,0,1.0,6.123233995736766e-17,-0.7818314824680299,0.6234898018587334,DrrEIEWkWuW7RrZwpHLCN0k0A2J0usJeyt3wtqzZ7Kk=,0.0
1970-02-01 06:46:16.782356653,6,6,1,2,1,1,0,0,0,1.0,6.123233995736766e-17,-0.7818314824680299,0.6234898018587334,DrrEIEWkWuW7RrZwpHLCN0k0A2J0usJeyt3wtqzZ7Kk=,0.010982572124576009
1970-02-01 06:48:06.803393140,6,6,1,2,1,1,0,0,0,1.0,6.123233995736766e-17,-0.7818314824680299,0.6234898018587334,DrrEIEWkWuW7RrZwpHLCN0k0A2J0usJeyt3wtqzZ7Kk=,0.0
1970-02-01 06:49:56.824429627,6,6,1,2,1,1,0,0,0,1.0,6.123233995736766e-17,-0.7818314824680299,0.6234898018587334,DrrEIEWkWuW7RrZwpHLCN0k0A2J0usJeyt3wtqzZ7Kk=,0.005885187521431318
1970-02-01 06:51:46.845466114,6,6,1,2,1,1,0,0,0,1.0,6.123233995736766e-17,-0.7818314824680299,0.6234898018587334,DrrEIEWkWuW7RrZwpHLCN0k0A2J0usJeyt3wtqzZ7Kk=,0.004827862044798991
1970-02-01 06:53:36.866502601,6,6,1,2,1,1,0,0,0,1.0,6.123233995736766e-17,-0.7818314824680299,0.6234898018587334,DrrEIEWkWuW7RrZwpHLCN0k0A2J0usJeyt3wtqzZ7Kk=,0.009247080682542088
1970-02-01 06:55:26.887539088,6,6,1,2,1,1,0,0,0,1.0,6.123233995736766e-17,-0.7818314824680299,0.6234898018587334,DrrEIEWkWuW7RrZwpHLCN0k0A2J0usJeyt3wtqzZ7Kk=,0.005534876724153422
1970-02-01 06:57:16.908575575,6,6,1,2,1,1,0,0,0,1.0,6.123233995736766e-17,-0.7818314824680299,0.6234898018587334,DrrEIEWkWuW7RrZwpHLCN0k0A2J0usJeyt3wtqzZ7Kk=,0.0
1970-02-01 06:59:06.929612062,6,6,1,2,1,1,0,0,0,1.0,6.123233995736766e-17,-0.7818314824680299,0.6234898018587334,DrrEIEWkWuW7RrZwpHLCN0k0A2J0usJeyt3wtqzZ7Kk=,0.006421548241893216
1970-02-01 07:00:56.950648549,7,6,1,2,1,1,0,0,0,0.9659258262890683,-0.25881904510252063,-0.7818314824680299,0.6234898018587334,DrrEIEWkWuW7RrZwpHLCN0k0A2J0usJeyt3wtqzZ7Kk=,0.0033172375651638946
1970-02-01 07:02:46.971685036,7,6,1,2,1,1,0,0,0,0.9659258262890683,-0.25881904510252063,-0.7818314824680299,0.6234898018587334,DrrEIEWkWuW7RrZwpHLCN0k0A2J0usJeyt3wtqzZ7Kk=,0.008752598738413542
1970-02-01 07:04:36.992721523,7,6,1,2,1,1,0,0,0,0.9659258262890683,-0.25881904510252063,-0.7818314824680299,0.6234898018587334,DrrEIEWkWuW7RrZwpHLCN0k0A2J0usJeyt3wtqzZ7Kk=,0.0
1970-02-01 07:06:27.013758010,7,6,1,2,1,1,0,0,0,0.9659258262890683,-0.25881904510252063,-0.7818314824680299,0.6234898018587334,DrrEIEWkWuW7RrZwpHLCN0k0A2J0usJeyt3wtqzZ7Kk=,0.00863186431194492
1970-02-01 07:08:17.034794497,7,6,1,2,1,1,0,0,0,0.9659258262890683,-0.25881904510252063,-0.7818314824680299,0.6234898018587334,DrrEIEWkWuW7RrZwpHLCN0k0A2J0usJeyt3wtqzZ7Kk=,0.01294511291209285
1970-02-01 07:10:07.055830984,7,6,1,2,1,1,0,0,0,0.9659258262890683,-0.25881904510252063,-0.7818314824680299,0.6234898018587334,DrrEIEWkWuW7RrZwpHLCN0k0A2J0usJeyt3wtqzZ7Kk=,0.007121818675579813
1970-02-01 07:11:57.076867471,7,6,1,2,1,1,0,0,0,0.9659258262890683,-0.25881904510252063,-0.7818314824680299,0.6234898018587334,DrrEIEWkWuW7RrZwpHLCN0k0A2J0usJeyt3wtqzZ7Kk=,0.00549357292645124
1970-02-01 07:13:47.097903958,7,6,1,2,1,1,0,0,0,0.9659258262890683,-0.25881904510252063,-0.7818314824680299,0.6234898018587334,DrrEIEWkWuW7RrZwpHLCN0k0A2J0usJeyt3wtqzZ7Kk=,0.0020929948887228444
1970-02-01 07:15:37.118940445,7,6,1,2,1,1,0,0,0,0.9659258262890683,-0.25881904510252063,-0.7818314824680299,0.6234898018587334,DrrEIEWkWuW7RrZwpHLCN0k0A2J0usJeyt3wtqzZ7Kk=,0.0
1970-02-01 07:17:27.139976932,7,6,1,2,1,1,0,0,0,0.9659258262890683,-0.25881904510252063,-0.7818314824680299,0.6234898018587334,DrrEIEWkWuW7RrZwpHLCN0k0A2J0usJeyt3wtqzZ7Kk=,0.013205400811387519
1970-02-01 07:19:17.161013419,7,6,1,2,1,1,0,0,0,0.9659258262890683,-0.25881904510252063,-0.7818314824680299,0.6234898018587334,DrrEIEWkWuW7RrZwpHLCN0k0A2J0usJeyt3wtqzZ7Kk=,0.00975122679091018
1970-02-01 07:21:07.182049906,7,6,1,2,1,1,0,0,0,0.9659258262890683,-0.25881904510252063,-0.7818314824680299,0.6234898018587334,DrrEIEWkWuW7RrZwpHLCN0k0A2J0usJeyt3wtqzZ7Kk=,0.008107684552754391
1970-02-01 07:22:57.203086393,7,6,1,2,1,1,0,0,0,0.9659258262890683,-0.25881904510252063,-0.7818314824680299,0.6234898018587334,DrrEIEWkWuW7RrZwpHLCN0k0A2J0usJeyt3wtqzZ7Kk=,0.013884563096694894
1970-02-01 07:24:47.224122880,7,6,1,2,1,1,0,0,0,0.9659258262890683,-0.25881904510252063,-0.7818314824680299,0.6234898018587334,DrrEIEWkWuW7RrZwpHLCN0k0A2J0usJeyt3wtqzZ7Kk=,0.010955108572492253
