time_dt,hour_of_day,day_of_week,day_of_month,month,is_weekend,day_part_morning,day_part_afternoon,day_part_evening,day_part_night,hour_sin,hour_cos,day_sin,day_cos,user,average_usage_cpu
1970-02-01 00:06:32.196402487,0,6,1,2,1,0,0,0,1,0.0,1.0,-0.7818314824680299,0.6234898018587334,DrrEIEWkWuW7RrZwpHLCN0k0A2J0usJeyt3wtqzZ7Kk=,0.005608526078252171
1970-02-01 00:08:22.217438974,0,6,1,2,1,0,0,0,1,0.0,1.0,-0.7818314824680299,0.6234898018587334,DrrEIEWkWuW7RrZwpHLCN0k0A2J0usJeyt3wtqzZ7Kk=,0.002990763380108147
1970-02-01 00:10:12.238475461,0,6,1,2,1,0,0,0,1,0.0,1.0,-0.7818314824680299,0.6234898018587334,DrrEIEWkWuW7RrZwpHLCN0k0A2J0usJeyt3wtqzZ7Kk=,0.02573962900877983
1970-02-01 00:12:02.259511948,0,6,1,2,1,0,0,0,1,0.0,1.0,-0.7818314824680299,0.6234898018587334,DrrEIEWkWuW7RrZwpHLCN0k0A2J0usJeyt3wtqzZ7Kk=,0.016445150377986793
1970-02-01 00:13:52.280548435,0,6,1,2,1,0,0,0,1,0.0,1.0,-0.7818314824680299,0.6234898018587334,DrrEIEWkWuW7RrZwpHLCN0k0A2J0usJeyt3wtqzZ7Kk=,0.020685359360391252
1970-02-01 00:15:42.301584922,0,6,1,2,1,0,0,0,1,0.0,1.0,-0.7818314824680299,0.6234898018587334,DrrEIEWkWuW7RrZwpHLCN0k0A2J0usJeyt3wtqzZ7Kk=,0.004402133247820983
1970-02-01 00:17:32.322621409,0,6,1,2,1,0,0,0,1,0.0,1.0,-0.7818314824680299,0.6234898018587334,DrrEIEWkWuW7RrZwpHLCN0k0A2J0usJeyt3wtqzZ7Kk=,0.019212288181571835
1970-02-01 00:19:22.343657896,0,6,1,2,1,0,0,0,1,0.0,1.0,-0.7818314824680299,0.6234898018587334,DrrEIEWkWuW7RrZwpHLCN0k0A2J0usJeyt3wtqzZ7Kk=,0.01664706812573024
1970-02-01 00:21:12.364694383,0,6,1,2,1,0,0,0,1,0.0,1.0,-0.7818314824680299,0.6234898018587334,DrrEIEWkWuW7RrZwpHLCN0k0A2J0usJeyt3wtqzZ7Kk=,0.0
1970-02-01 00:23:02.385730870,0,6,1,2,1,0,0,0,1,0.0,1.0,-0.7818314824680299,0.6234898018587334,DrrEIEWkWuW7RrZwpHLCN0k0A2J0usJeyt3wtqzZ7Kk=,0.037251666178664204
1970-02-01 00:24:52.406767357,0,6,1,2,1,0,0,0,1,0.0,1.0,-0.7818314824680299,0.6234898018587334,DrrEIEWkWuW7RrZwpHLCN0k0A2J0usJeyt3wtqzZ7Kk=,0.013877154143731951
1970-02-01 00:26:42.427803844,0,6,1,2,1,0,0,0,1,0.0,1.0,-0.7818314824680299,0.6234898018587334,DrrEIEWkWuW7RrZwpHLCN0k0A2J0usJeyt3wtqzZ7Kk=,0.015802111400982272
1970-02-01 00:28:32.448840331,0,6,1,2,1,0,0,0,1,0.0,1.0,-0.7818314824680299,0.6234898018587334,DrrEIEWkWuW7RrZwpHLCN0k0A2J0usJeyt3wtqzZ7Kk=,0.01307308377946827
1970-02-01 00:30:22.469876818,0,6,1,2,1,0,0,0,1,0.0,1.0,-0.7818314824680299,0.6234898018587334,DrrEIEWkWuW7RrZwpHLCN0k0A2J0usJeyt3wtqzZ7Kk=,0.019301042109662728
1970-02-01 00:32:12.490913305,0,6,1,2,1,0,0,0,1,0.0,1.0,-0.7818314824680299,0.6234898018587334,DrrEIEWkWuW7RrZwpHLCN0k0A2J0usJeyt3wtqzZ7Kk=,0.01875224607393144
1970-02-01 00:34:02.511949792,0,6,1,2,1,0,0,0,1,0.0,1.0,-0.7818314824680299,0.6234898018587334,DrrEIEWkWuW7RrZwpHLCN0k0A2J0usJeyt3wtqzZ7Kk=,0.0016107370004538706
1970-02-01 00:35:52.532986279,0,6,1,2,1,0,0,0,1,0.0,1.0,-0.7818314824680299,0.6234898018587334,DrrEIEWkWuW7RrZwpHLCN0k0A2J0usJeyt3wtqzZ7Kk=,0.0
1970-02-01 00:37:42.554022766,0,6,1,2,1,0,0,0,1,0.0,1.0,-0.7818314824680299,0.6234898018587334,DrrEIEWkWuW7RrZwpHLCN0k0A2J0usJeyt3wtqzZ7Kk=,0.036049555960733615
1970-02-01 00:39:32.575059253,0,6,1,2,1,0,0,0,1,0.0,1.0,-0.7818314824680299,0.6234898018587334,DrrEIEWkWuW7RrZwpHLCN0k0A2J0usJeyt3wtqzZ7Kk=,0.002288322965212206
1970-02-01 00:41:22.596095740,0,6,1,2,1,0,0,0,1,0.0,1.0,-0.7818314824680299,0.6234898018587334,DrrEIEWkWuW7RrZwpHLCN0k0A2J0usJeyt3wtqzZ7Kk=,0.04175513597520777
1970-02-01 00:43:12.617132227,0,6,1,2,1,0,0,0,1,0.0,1.0,-0.7818314824680299,0.6234898018587334,DrrEIEWkWuW7RrZwpHLCN0k0A2J0usJeyt3wtqzZ7Kk=,0.0
1970-02-01 00:45:02.638168714,0,6,1,2,1,0,0,0,1,0.0,1.0,-0.7818314824680299,0.6234898018587334,DrrEIEWkWuW7RrZwpHLCN0k0A2J0usJeyt3wtqzZ7Kk=,0.006419090423552175
1970-02-01 00:46:52.659205201,0,6,1,2,1,0,0,0,1,0.0,1.0,-0.7818314824680299,0.6234898018587334,DrrEIEWkWuW7RrZwpHLCN0k0A2J0usJeyt3wtqzZ7Kk=,0.00896320780858305
1970-02-01 00:48:42.680241688,0,6,1,2,1,0,0,0,1,0.0,1.0,-0.7818314824680299,0.6234898018587334,DrrEIEWkWuW7RrZwpHLCN0k0A2J0usJeyt3wtqzZ7Kk=,0.0
1970-02-01 00:50:32.701278175,0,6,1,2,1,0,0,0,1,0.0,1.0,-0.7818314824680299,0.6234898018587334,DrrEIEWkWuW7RrZwpHLCN0k0A2J0usJeyt3wtqzZ7Kk=,0.017795285560040123
1970-02-01 00:52:22.722314662,0,6,1,2,1,0,0,0,1,0.0,1.0,-0.7818314824680299,0.6234898018587334,DrrEIEWkWuW7RrZwpHLCN0k0A2J0usJeyt3wtqzZ7Kk=,0.012740672570008542
1970-02-01 00:54:12.743351149,0,6,1,2,1,0,0,0,1,0.0,1.0,-0.7818314824680299,0.6234898018587334,DrrEIEWkWuW7RrZwpHLCN0k0A2J0usJeyt3wtqzZ7Kk=,0.005705914774160068
1970-02-01 00:56:02.764387636,0,6,1,2,1,0,0,0,1,0.0,1.0,-0.7818314824680299,0.6234898018587334,DrrEIEWkWuW7RrZwpHLCN0k0A2J0usJeyt3wtqzZ7Kk=,0.014459833052620026
1970-02-01 00:57:52.785424123,0,6,1,2,1,0,0,0,1,0.0,1.0,-0.7818314824680299,0.6234898018587334,DrrEIEWkWuW7RrZwpHLCN0k0A2J0usJeyt3wtqzZ7Kk=,0.020316817030591475
1970-02-01 00:59:42.806460610,0,6,1,2,1,0,0,0,1,0.0,1.0,-0.7818314824680299,0.6234898018587334,DrrEIEWkWuW7RrZwpHLCN0k0A2J0usJeyt3wtqzZ7Kk=,0.0
1970-02-01 01:01:32.827497097,1,6,1,2,1,0,0,0,1,0.25881904510252074,0.9659258262890683,-0.7818314824680299,0.6234898018587334,DrrEIEWkWuW7RrZwpHLCN0k0A2J0usJeyt3wtqzZ7Kk=,0.013238686423189943
1970-02-01 01:03:22.848533584,1,6,1,2,1,0,0,0,1,0.25881904510252074,0.9659258262890683,-0.7818314824680299,0.6234898018587334,DrrEIEWkWuW7RrZwpHLCN0k0A2J0usJeyt3wtqzZ7Kk=,0.004994376302174679
1970-02-01 01:05:12.869570071,1,6,1,2,1,0,0,0,1,0.25881904510252074,0.9659258262890683,-0.7818314824680299,0.6234898018587334,DrrEIEWkWuW7RrZwpHLCN0k0A2J0usJeyt3wtqzZ7Kk=,0.0025924373353874014
1970-02-01 01:07:02.890606558,1,6,1,2,1,0,0,0,1,0.25881904510252074,0.9659258262890683,-0.7818314824680299,0.6234898018587334,DrrEIEWkWuW7RrZwpHLCN0k0A2J0usJeyt3wtqzZ7Kk=,0.011016014834268574
1970-02-01 01:08:52.911643045,1,6,1,2,1,0,0,0,1,0.25881904510252074,0.9659258262890683,-0.7818314824680299,0.6234898018587334,DrrEIEWkWuW7RrZwpHLCN0k0A2J0usJeyt3wtqzZ7Kk=,0.007347450282247131
1970-02-01 01:10:42.932679532,1,6,1,2,1,0,0,0,1,0.25881904510252074,0.9659258262890683,-0.7818314824680299,0.6234898018587334,DrrEIEWkWuW7RrZwpHLCN0k0A2J0usJeyt3wtqzZ7Kk=,0.021147131291062868
1970-02-01 01:12:32.953716019,1,6,1,2,1,0,0,0,1,0.25881904510252074,0.9659258262890683,-0.7818314824680299,0.6234898018587334,DrrEIEWkWuW7RrZwpHLCN0k0A2J0usJeyt3wtqzZ7Kk=,0.0
1970-02-01 01:14:22.974752506,1,6,1,2,1,0,0,0,1,0.25881904510252074,0.9659258262890683,-0.7818314824680299,0.6234898018587334,DrrEIEWkWuW7RrZwpHLCN0k0A2J0usJeyt3wtqzZ7Kk=,0.0051937903748203815
1970-02-01 01:16:12.995788993,1,6,1,2,1,0,0,0,1,0.25881904510252074,0.9659258262890683,-0.7818314824680299,0.6234898018587334,DrrEIEWkWuW7RrZwpHLCN0k0A2J0usJeyt3wtqzZ7Kk=,0.020067733634941923
1970-02-01 01:18:03.016825480,1,6,1,2,1,0,0,0,1,0.25881904510252074,0.9659258262890683,-0.7818314824680299,0.6234898018587334,DrrEIEWkWuW7RrZwpHLCN0k0A2J0usJeyt3wtqzZ7Kk=,0.006575832636494558
1970-02-01 01:19:53.037861967,1,6,1,2,1,0,0,0,1,0.25881904510252074,0.9659258262890683,-0.7818314824680299,0.6234898018587334,DrrEIEWkWuW7RrZwpHLCN0k0A2J0usJeyt3wtqzZ7Kk=,0.004205264094354358
1970-02-01 01:21:43.058898454,1,6,1,2,1,0,0,0,1,0.25881904510252074,0.9659258262890683,-0.7818314824680299,0.6234898018587334,DrrEIEWkWuW7RrZwpHLCN0k0A2J0usJeyt3wtqzZ7Kk=,0.0
1970-02-01 01:23:33.079934941,1,6,1,2,1,0,0,0,1,0.25881904510252074,0.9659258262890683,-0.7818314824680299,0.6234898018587334,DrrEIEWkWuW7RrZwpHLCN0k0A2J0usJeyt3wtqzZ7Kk=,0.02675009029586839
1970-02-01 01:25:23.100971428,1,6,1,2,1,0,0,0,1,0.25881904510252074,0.9659258262890683,-0.7818314824680299,0.6234898018587334,DrrEIEWkWuW7RrZwpHLCN0k0A2J0usJeyt3wtqzZ7Kk=,0.009641113742076993
1970-02-01 01:27:13.122007915,1,6,1,2,1,0,0,0,1,0.25881904510252074,0.9659258262890683,-0.7818314824680299,0.6234898018587334,DrrEIEWkWuW7RrZwpHLCN0k0A2J0usJeyt3wtqzZ7Kk=,0.008619004107831408
1970-02-01 01:29:03.143044402,1,6,1,2,1,0,0,0,1,0.25881904510252074,0.9659258262890683,-0.7818314824680299,0.6234898018587334,DrrEIEWkWuW7RrZwpHLCN0k0A2J0usJeyt3wtqzZ7Kk=,0.0256002001485644
1970-02-01 01:30:53.164080889,1,6,1,2,1,0,0,0,1,0.25881904510252074,0.9659258262890683,-0.7818314824680299,0.6234898018587334,DrrEIEWkWuW7RrZwpHLCN0k0A2J0usJeyt3wtqzZ7Kk=,0.024650696778115825
1970-02-01 01:32:43.185117376,1,6,1,2,1,0,0,0,1,0.25881904510252074,0.9659258262890683,-0.7818314824680299,0.6234898018587334,DrrEIEWkWuW7RrZwpHLCN0k0A2J0usJeyt3wtqzZ7Kk=,0.0369366054278173
1970-02-01 01:34:33.206153863,1,6,1,2,1,0,0,0,1,0.25881904510252074,0.9659258262890683,-0.7818314824680299,0.6234898018587334,DrrEIEWkWuW7RrZwpHLCN0k0A2J0usJeyt3wtqzZ7Kk=,0.013997691330090727
1970-02-01 01:36:23.227190350,1,6,1,2,1,0,0,0,1,0.25881904510252074,0.9659258262890683,-0.7818314824680299,0.6234898018587334,DrrEIEWkWuW7RrZwpHLCN0k0A2J0usJeyt3wtqzZ7Kk=,0.016506611853640125
1970-02-01 01:38:13.248226837,1,6,1,2,1,0,0,0,1,0.25881904510252074,0.9659258262890683,-0.7818314824680299,0.6234898018587334,DrrEIEWkWuW7RrZwpHLCN0k0A2J0usJeyt3wtqzZ7Kk=,0.0
1970-02-01 01:40:03.269263324,1,6,1,2,1,0,0,0,1,0.25881904510252074,0.9659258262890683,-0.7818314824680299,0.6234898018587334,DrrEIEWkWuW7RrZwpHLCN0k0A2J0usJeyt3wtqzZ7Kk=,0.008170354176048365
1970-02-01 01:41:53.290299811,1,6,1,2,1,0,0,0,1,0.25881904510252074,0.9659258262890683,-0.7818314824680299,0.6234898018587334,DrrEIEWkWuW7RrZwpHLCN0k0A2J0usJeyt3wtqzZ7Kk=,0.01952835252288008
1970-02-01 01:43:43.311336298,1,6,1,2,1,0,0,0,1,0.25881904510252074,0.9659258262890683,-0.7818314824680299,0.6234898018587334,DrrEIEWkWuW7RrZwpHLCN0k0A2J0usJeyt3wtqzZ7Kk=,0.021384422494904142
1970-02-01 01:45:33.332372785,1,6,1,2,1,0,0,0,1,0.25881904510252074,0.9659258262890683,-0.7818314824680299,0.6234898018587334,DrrEIEWkWuW7RrZwpHLCN0k0A2J0usJeyt3wtqzZ7Kk=,0.008617235537881839
1970-02-01 01:47:23.353409272,1,6,1,2,1,0,0,0,1,0.25881904510252074,0.9659258262890683,-0.7818314824680299,0.6234898018587334,DrrEIEWkWuW7RrZwpHLCN0k0A2J0usJeyt3wtqzZ7Kk=,0.0
1970-02-01 01:49:13.374445759,1,6,1,2,1,0,0,0,1,0.25881904510252074,0.9659258262890683,-0.7818314824680299,0.6234898018587334,DrrEIEWkWuW7RrZwpHLCN0k0A2J0usJeyt3wtqzZ7Kk=,0.014634978043858096
1970-02-01 01:51:03.395482246,1,6,1,2,1,0,0,0,1,0.25881904510252074,0.9659258262890683,-0.7818314824680299,0.6234898018587334,DrrEIEWkWuW7RrZwpHLCN0k0A2J0usJeyt3wtqzZ7Kk=,0.025891323950382718
1970-02-01 01:52:53.416518733,1,6,1,2,1,0,0,0,1,0.25881904510252074,0.9659258262890683,-0.7818314824680299,0.6234898018587334,DrrEIEWkWuW7RrZwpHLCN0k0A2J0usJeyt3wtqzZ7Kk=,0.03298042162835515
1970-02-01 01:54:43.437555220,1,6,1,2,1,0,0,0,1,0.25881904510252074,0.9659258262890683,-0.7818314824680299,0.6234898018587334,DrrEIEWkWuW7RrZwpHLCN0k0A2J0usJeyt3wtqzZ7Kk=,0.03178117597685356
1970-02-01 01:56:33.458591707,1,6,1,2,1,0,0,0,1,0.25881904510252074,0.9659258262890683,-0.7818314824680299,0.6234898018587334,DrrEIEWkWuW7RrZwpHLCN0k0A2J0usJeyt3wtqzZ7Kk=,0.025654844571729507
1970-02-01 01:58:23.479628194,1,6,1,2,1,0,0,0,1,0.25881904510252074,0.9659258262890683,-0.7818314824680299,0.6234898018587334,DrrEIEWkWuW7RrZwpHLCN0k0A2J0usJeyt3wtqzZ7Kk=,0.011778418816252748
1970-02-01 02:00:13.500664681,2,6,1,2,1,0,0,0,1,0.49999999999999994,0.8660254037844387,-0.7818314824680299,0.6234898018587334,DrrEIEWkWuW7RrZwpHLCN0k0A2J0usJeyt3wtqzZ7Kk=,0.04297029005641264
1970-02-01 02:02:03.521701168,2,6,1,2,1,0,0,0,1,0.49999999999999994,0.8660254037844387,-0.7818314824680299,0.6234898018587334,DrrEIEWkWuW7RrZwpHLCN0k0A2J0usJeyt3wtqzZ7Kk=,0.02377962582814541
1970-02-01 02:03:53.542737655,2,6,1,2,1,0,0,0,1,0.49999999999999994,0.8660254037844387,-0.7818314824680299,0.6234898018587334,DrrEIEWkWuW7RrZwpHLCN0k0A2J0usJeyt3wtqzZ7Kk=,0.011827205485783289
1970-02-01 02:05:43.563774142,2,6,1,2,1,0,0,0,1,0.49999999999999994,0.8660254037844387,-0.7818314824680299,0.6234898018587334,DrrEIEWkWuW7RrZwpHLCN0k0A2J0usJeyt3wtqzZ7Kk=,0.015159498080673269
1970-02-01 02:07:33.584810629,2,6,1,2,1,0,0,0,1,0.49999999999999994,0.8660254037844387,-0.7818314824680299,0.6234898018587334,DrrEIEWkWuW7RrZwpHLCN0k0A2J0usJeyt3wtqzZ7Kk=,0.02039095122742716
1970-02-01 02:09:23.605847116,2,6,1,2,1,0,0,0,1,0.49999999999999994,0.8660254037844387,-0.7818314824680299,0.6234898018587334,DrrEIEWkWuW7RrZwpHLCN0k0A2J0usJeyt3wtqzZ7Kk=,0.02261640707057576
1970-02-01 02:11:13.626883603,2,6,1,2,1,0,0,0,1,0.49999999999999994,0.8660254037844387,-0.7818314824680299,0.6234898018587334,DrrEIEWkWuW7RrZwpHLCN0k0A2J0usJeyt3wtqzZ7Kk=,0.02341609944793351
1970-02-01 02:13:03.647920090,2,6,1,2,1,0,0,0,1,0.49999999999999994,0.8660254037844387,-0.7818314824680299,0.6234898018587334,DrrEIEWkWuW7RrZwpHLCN0k0A2J0usJeyt3wtqzZ7Kk=,0.0046913552722227195
1970-02-01 02:14:53.668956577,2,6,1,2,1,0,0,0,1,0.49999999999999994,0.8660254037844387,-0.7818314824680299,0.6234898018587334,DrrEIEWkWuW7RrZwpHLCN0k0A2J0usJeyt3wtqzZ7Kk=,0.025381617956784026
1970-02-01 02:16:43.689993064,2,6,1,2,1,0,0,0,1,0.49999999999999994,0.8660254037844387,-0.7818314824680299,0.6234898018587334,DrrEIEWkWuW7RrZwpHLCN0k0A2J0usJeyt3wtqzZ7Kk=,0.012782864270382416
1970-02-01 02:18:33.711029551,2,6,1,2,1,0,0,0,1,0.49999999999999994,0.8660254037844387,-0.7818314824680299,0.6234898018587334,DrrEIEWkWuW7RrZwpHLCN0k0A2J0usJeyt3wtqzZ7Kk=,0.0019902298082034604
1970-02-01 02:20:23.732066038,2,6,1,2,1,0,0,0,1,0.49999999999999994,0.8660254037844387,-0.7818314824680299,0.6234898018587334,DrrEIEWkWuW7RrZwpHLCN0k0A2J0usJeyt3wtqzZ7Kk=,0.0071222354282658405
1970-02-01 02:22:13.753102525,2,6,1,2,1,0,0,0,1,0.49999999999999994,0.8660254037844387,-0.7818314824680299,0.6234898018587334,DrrEIEWkWuW7RrZwpHLCN0k0A2J0usJeyt3wtqzZ7Kk=,0.009370012836761518
1970-02-01 02:24:03.774139012,2,6,1,2,1,0,0,0,1,0.49999999999999994,0.8660254037844387,-0.7818314824680299,0.6234898018587334,DrrEIEWkWuW7RrZwpHLCN0k0A2J0usJeyt3wtqzZ7Kk=,0.01327566698385938
1970-02-01 02:25:53.795175499,2,6,1,2,1,0,0,0,1,0.49999999999999994,0.8660254037844387,-0.7818314824680299,0.6234898018587334,DrrEIEWkWuW7RrZwpHLCN0k0A2J0usJeyt3wtqzZ7Kk=,0.009483905945924636
1970-02-01 02:27:43.816211986,2,6,1,2,1,0,0,0,1,0.49999999999999994,0.8660254037844387,-0.7818314824680299,0.6234898018587334,DrrEIEWkWuW7RrZwpHLCN0k0A2J0usJeyt3wtqzZ7Kk=,0.007442581306580636
1970-02-01 02:29:33.837248473,2,6,1,2,1,0,0,0,1,0.49999999999999994,0.8660254037844387,-0.7818314824680299,0.6234898018587334,DrrEIEWkWuW7RrZwpHLCN0k0A2J0usJeyt3wtqzZ7Kk=,0.017407859645944657
1970-02-01 02:31:23.858284960,2,6,1,2,1,0,0,0,1,0.49999999999999994,0.8660254037844387,-0.7818314824680299,0.6234898018587334,DrrEIEWkWuW7RrZwpHLCN0k0A2J0usJeyt3wtqzZ7Kk=,0.0
1970-02-01 02:33:13.879321447,2,6,1,2,1,0,0,0,1,0.49999999999999994,0.8660254037844387,-0.7818314824680299,0.6234898018587334,DrrEIEWkWuW7RrZwpHLCN0k0A2J0usJeyt3wtqzZ7Kk=,0.024678812268095526
1970-02-01 02:35:03.900357934,2,6,1,2,1,0,0,0,1,0.49999999999999994,0.8660254037844387,-0.7818314824680299,0.6234898018587334,DrrEIEWkWuW7RrZwpHLCN0k0A2J0usJeyt3wtqzZ7Kk=,0.001583796728664712
1970-02-01 02:36:53.921394421,2,6,1,2,1,0,0,0,1,0.49999999999999994,0.8660254037844387,-0.7818314824680299,0.6234898018587334,DrrEIEWkWuW7RrZwpHLCN0k0A2J0usJeyt3wtqzZ7Kk=,0.009170635981255323
1970-02-01 02:38:43.942430908,2,6,1,2,1,0,0,0,1,0.49999999999999994,0.8660254037844387,-0.7818314824680299,0.6234898018587334,DrrEIEWkWuW7RrZwpHLCN0k0A2J0usJeyt3wtqzZ7Kk=,0.0
1970-02-01 02:40:33.963467395,2,6,1,2,1,0,0,0,1,0.49999999999999994,0.8660254037844387,-0.7818314824680299,0.6234898018587334,DrrEIEWkWuW7RrZwpHLCN0k0A2J0usJeyt3wtqzZ7Kk=,0.007780701484344318
1970-02-01 02:42:23.984503882,2,6,1,2,1,0,0,0,1,0.49999999999999994,0.8660254037844387,-0.7818314824680299,0.6234898018587334,DrrEIEWkWuW7RrZwpHLCN0k0A2J0usJeyt3wtqzZ7Kk=,0.015790502944956424
1970-02-01 02:44:14.005540369,2,6,1,2,1,0,0,0,1,0.49999999999999994,0.8660254037844387,-0.7818314824680299,0.6234898018587334,DrrEIEWkWuW7RrZwpHLCN0k0A2J0usJeyt3wtqzZ7Kk=,0.04106382727742277
1970-02-01 02:46:04.026576856,2,6,1,2,1,0,0,0,1,0.49999999999999994,0.8660254037844387,-0.7818314824680299,0.6234898018587334,DrrEIEWkWuW7RrZwpHLCN0k0A2J0usJeyt3wtqzZ7Kk=,0.020778324100758916
1970-02-01 02:47:54.047613343,2,6,1,2,1,0,0,0,1,0.49999999999999994,0.8660254037844387,-0.7818314824680299,0.6234898018587334,DrrEIEWkWuW7RrZwpHLCN0k0A2J0usJeyt3wtqzZ7Kk=,0.025320947988579035
1970-02-01 02:49:44.068649830,2,6,1,2,1,0,0,0,1,0.49999999999999994,0.8660254037844387,-0.7818314824680299,0.6234898018587334,DrrEIEWkWuW7RrZwpHLCN0k0A2J0usJeyt3wtqzZ7Kk=,0.005559335216425454
1970-02-01 02:51:34.089686317,2,6,1,2,1,0,0,0,1,0.49999999999999994,0.8660254037844387,-0.7818314824680299,0.6234898018587334,DrrEIEWkWuW7RrZwpHLCN0k0A2J0usJeyt3wtqzZ7Kk=,0.01635522555606241
1970-02-01 02:53:24.110722804,2,6,1,2,1,0,0,0,1,0.49999999999999994,0.8660254037844387,-0.7818314824680299,0.6234898018587334,DrrEIEWkWuW7RrZwpHLCN0k0A2J0usJeyt3wtqzZ7Kk=,0.00575665795722448
1970-02-01 02:55:14.131759291,2,6,1,2,1,0,0,0,1,0.49999999999999994,0.8660254037844387,-0.7818314824680299,0.6234898018587334,DrrEIEWkWuW7RrZwpHLCN0k0A2J0usJeyt3wtqzZ7Kk=,0.033604833086206
1970-02-01 02:57:04.152795778,2,6,1,2,1,0,0,0,1,0.49999999999999994,0.8660254037844387,-0.7818314824680299,0.6234898018587334,DrrEIEWkWuW7RrZwpHLCN0k0A2J0usJeyt3wtqzZ7Kk=,0.01727095696866979
1970-02-01 02:58:54.173832265,2,6,1,2,1,0,0,0,1,0.49999999999999994,0.8660254037844387,-0.7818314824680299,0.6234898018587334,DrrEIEWkWuW7RrZwpHLCN0k0A2J0usJeyt3wtqzZ7Kk=,0.0030943140389273933
1970-02-01 03:00:44.194868752,3,6,1,2,1,0,0,0,1,0.7071067811865475,0.7071067811865476,-0.7818314824680299,0.6234898018587334,DrrEIEWkWuW7RrZwpHLCN0k0A2J0usJeyt3wtqzZ7Kk=,0.007738493751519165
1970-02-01 03:02:34.215905239,3,6,1,2,1,0,0,0,1,0.7071067811865475,0.7071067811865476,-0.7818314824680299,0.6234898018587334,DrrEIEWkWuW7RrZwpHLCN0k0A2J0usJeyt3wtqzZ7Kk=,0.0
1970-02-01 03:04:24.236941726,3,6,1,2,1,0,0,0,1,0.7071067811865475,0.7071067811865476,-0.7818314824680299,0.6234898018587334,DrrEIEWkWuW7RrZwpHLCN0k0A2J0usJeyt3wtqzZ7Kk=,0.0013544548811704384
1970-02-01 03:06:14.257978213,3,6,1,2,1,0,0,0,1,0.7071067811865475,0.7071067811865476,-0.7818314824680299,0.6234898018587334,DrrEIEWkWuW7RrZwpHLCN0k0A2J0usJeyt3wtqzZ7Kk=,0.015609944087306076
1970-02-01 03:08:04.279014700,3,6,1,2,1,0,0,0,1,0.7071067811865475,0.7071067811865476,-0.7818314824680299,0.6234898018587334,DrrEIEWkWuW7RrZwpHLCN0k0A2J0usJeyt3wtqzZ7Kk=,0.021652098651308932
1970-02-01 03:09:54.300051187,3,6,1,2,1,0,0,0,1,0.7071067811865475,0.7071067811865476,-0.7818314824680299,0.6234898018587334,DrrEIEWkWuW7RrZwpHLCN0k0A2J0usJeyt3wtqzZ7Kk=,0.032372637193209236
1970-02-01 03:11:44.321087674,3,6,1,2,1,0,0,0,1,0.7071067811865475,0.7071067811865476,-0.7818314824680299,0.6234898018587334,DrrEIEWkWuW7RrZwpHLCN0k0A2J0usJeyt3wtqzZ7Kk=,0.01896952772314626
1970-02-01 03:13:34.342124161,3,6,1,2,1,0,0,0,1,0.7071067811865475,0.7071067811865476,-0.7818314824680299,0.6234898018587334,DrrEIEWkWuW7RrZwpHLCN0k0A2J0usJeyt3wtqzZ7Kk=,0.02568578036040898
1970-02-01 03:15:24.363160648,3,6,1,2,1,0,0,0,1,0.7071067811865475,0.7071067811865476,-0.7818314824680299,0.6234898018587334,DrrEIEWkWuW7RrZwpHLCN0k0A2J0usJeyt3wtqzZ7Kk=,0.0
1970-02-01 03:17:14.384197135,3,6,1,2,1,0,0,0,1,0.7071067811865475,0.7071067811865476,-0.7818314824680299,0.6234898018587334,DrrEIEWkWuW7RrZwpHLCN0k0A2J0usJeyt3wtqzZ7Kk=,0.01311555878313653
1970-02-01 03:19:04.405233622,3,6,1,2,1,0,0,0,1,0.7071067811865475,0.7071067811865476,-0.7818314824680299,0.6234898018587334,DrrEIEWkWuW7RrZwpHLCN0k0A2J0usJeyt3wtqzZ7Kk=,0.0206271037796648
1970-02-01 03:20:54.426270109,3,6,1,2,1,0,0,0,1,0.7071067811865475,0.7071067811865476,-0.7818314824680299,0.6234898018587334,DrrEIEWkWuW7RrZwpHLCN0k0A2J0usJeyt3wtqzZ7Kk=,0.011623391243686254
1970-02-01 03:22:44.447306596,3,6,1,2,1,0,0,0,1,0.7071067811865475,0.7071067811865476,-0.7818314824680299,0.6234898018587334,DrrEIEWkWuW7RrZwpHLCN0k0A2J0usJeyt3wtqzZ7Kk=,0.0005838017370157298
1970-02-01 03:24:34.468343083,3,6,1,2,1,0,0,0,1,0.7071067811865475,0.7071067811865476,-0.7818314824680299,0.6234898018587334,DrrEIEWkWuW7RrZwpHLCN0k0A2J0usJeyt3wtqzZ7Kk=,0.00794661451094222
1970-02-01 03:26:24.489379570,3,6,1,2,1,0,0,0,1,0.7071067811865475,0.7071067811865476,-0.7818314824680299,0.6234898018587334,DrrEIEWkWuW7RrZwpHLCN0k0A2J0usJeyt3wtqzZ7Kk=,0.03176862081498928
1970-02-01 03:28:14.510416057,3,6,1,2,1,0,0,0,1,0.7071067811865475,0.7071067811865476,-0.7818314824680299,0.6234898018587334,DrrEIEWkWuW7RrZwpHLCN0k0A2J0usJeyt3wtqzZ7Kk=,0.006844611750900157
1970-02-01 03:30:04.531452544,3,6,1,2,1,0,0,0,1,0.7071067811865475,0.7071067811865476,-0.7818314824680299,0.6234898018587334,DrrEIEWkWuW7RrZwpHLCN0k0A2J0usJeyt3wtqzZ7Kk=,0.013934362513807402
1970-02-01 03:31:54.552489031,3,6,1,2,1,0,0,0,1,0.7071067811865475,0.7071067811865476,-0.7818314824680299,0.6234898018587334,DrrEIEWkWuW7RrZwpHLCN0k0A2J0usJeyt3wtqzZ7Kk=,0.022845533393466656
1970-02-01 03:33:44.573525518,3,6,1,2,1,0,0,0,1,0.7071067811865475,0.7071067811865476,-0.7818314824680299,0.6234898018587334,DrrEIEWkWuW7RrZwpHLCN0k0A2J0usJeyt3wtqzZ7Kk=,0.007239248785517986
1970-02-01 03:35:34.594562005,3,6,1,2,1,0,0,0,1,0.7071067811865475,0.7071067811865476,-0.7818314824680299,0.6234898018587334,DrrEIEWkWuW7RrZwpHLCN0k0A2J0usJeyt3wtqzZ7Kk=,0.0154700345564226
1970-02-01 03:37:24.615598492,3,6,1,2,1,0,0,0,1,0.7071067811865475,0.7071067811865476,-0.7818314824680299,0.6234898018587334,DrrEIEWkWuW7RrZwpHLCN0k0A2J0usJeyt3wtqzZ7Kk=,0.0
1970-02-01 03:39:14.636634979,3,6,1,2,1,0,0,0,1,0.7071067811865475,0.7071067811865476,-0.7818314824680299,0.6234898018587334,DrrEIEWkWuW7RrZwpHLCN0k0A2J0usJeyt3wtqzZ7Kk=,0.029782240137307882
1970-02-01 03:41:04.657671466,3,6,1,2,1,0,0,0,1,0.7071067811865475,0.7071067811865476,-0.7818314824680299,0.6234898018587334,DrrEIEWkWuW7RrZwpHLCN0k0A2J0usJeyt3wtqzZ7Kk=,0.0
1970-02-01 03:42:54.678707953,3,6,1,2,1,0,0,0,1,0.7071067811865475,0.7071067811865476,-0.7818314824680299,0.6234898018587334,DrrEIEWkWuW7RrZwpHLCN0k0A2J0usJeyt3wtqzZ7Kk=,0.010608815128275897
1970-02-01 03:44:44.699744440,3,6,1,2,1,0,0,0,1,0.7071067811865475,0.7071067811865476,-0.7818314824680299,0.6234898018587334,DrrEIEWkWuW7RrZwpHLCN0k0A2J0usJeyt3wtqzZ7Kk=,0.00787071639200668
1970-02-01 03:46:34.720780927,3,6,1,2,1,0,0,0,1,0.7071067811865475,0.7071067811865476,-0.7818314824680299,0.6234898018587334,DrrEIEWkWuW7RrZwpHLCN0k0A2J0usJeyt3wtqzZ7Kk=,0.03652128635970594
1970-02-01 03:48:24.741817414,3,6,1,2,1,0,0,0,1,0.7071067811865475,0.7071067811865476,-0.7818314824680299,0.6234898018587334,DrrEIEWkWuW7RrZwpHLCN0k0A2J0usJeyt3wtqzZ7Kk=,0.004954381050195179
1970-02-01 03:50:14.762853901,3,6,1,2,1,0,0,0,1,0.7071067811865475,0.7071067811865476,-0.7818314824680299,0.6234898018587334,DrrEIEWkWuW7RrZwpHLCN0k0A2J0usJeyt3wtqzZ7Kk=,0.0
1970-02-01 03:52:04.783890388,3,6,1,2,1,0,0,0,1,0.7071067811865475,0.7071067811865476,-0.7818314824680299,0.6234898018587334,DrrEIEWkWuW7RrZwpHLCN0k0A2J0usJeyt3wtqzZ7Kk=,0.020366624599772357
1970-02-01 03:53:54.804926875,3,6,1,2,1,0,0,0,1,0.7071067811865475,0.7071067811865476,-0.7818314824680299,0.6234898018587334,DrrEIEWkWuW7RrZwpHLCN0k0A2J0usJeyt3wtqzZ7Kk=,0.011998850427516815
1970-02-01 03:55:44.825963362,3,6,1,2,1,0,0,0,1,0.7071067811865475,0.7071067811865476,-0.7818314824680299,0.6234898018587334,DrrEIEWkWuW7RrZwpHLCN0k0A2J0usJeyt3wtqzZ7Kk=,0.0
1970-02-01 03:57:34.846999849,3,6,1,2,1,0,0,0,1,0.7071067811865475,0.7071067811865476,-0.7818314824680299,0.6234898018587334,DrrEIEWkWuW7RrZwpHLCN0k0A2J0usJeyt3wtqzZ7Kk=,0.034085214420677426
1970-02-01 03:59:24.868036336,3,6,1,2,1,0,0,0,1,0.7071067811865475,0.7071067811865476,-0.7818314824680299,0.6234898018587334,DrrEIEWkWuW7RrZwpHLCN0k0A2J0usJeyt3wtqzZ7Kk=,0.010443627155121944
1970-02-01 04:01:14.889072823,4,6,1,2,1,0,0,0,1,0.8660254037844386,0.5000000000000001,-0.7818314824680299,0.6234898018587334,DrrEIEWkWuW7RrZwpHLCN0k0A2J0usJeyt3wtqzZ7Kk=,0.012182285636971516
1970-02-01 04:03:04.910109310,4,6,1,2,1,0,0,0,1,0.8660254037844386,0.5000000000000001,-0.7818314824680299,0.6234898018587334,DrrEIEWkWuW7RrZwpHLCN0k0A2J0usJeyt3wtqzZ7Kk=,0.018932960581824965
1970-02-01 04:04:54.931145797,4,6,1,2,1,0,0,0,1,0.8660254037844386,0.5000000000000001,-0.7818314824680299,0.6234898018587334,DrrEIEWkWuW7RrZwpHLCN0k0A2J0usJeyt3wtqzZ7Kk=,0.0
1970-02-01 04:06:44.952182284,4,6,1,2,1,0,0,0,1,0.8660254037844386,0.5000000000000001,-0.7818314824680299,0.6234898018587334,DrrEIEWkWuW7RrZwpHLCN0k0A2J0usJeyt3wtqzZ7Kk=,0.007376657279530939
1970-02-01 04:08:34.973218771,4,6,1,2,1,0,0,0,1,0.8660254037844386,0.5000000000000001,-0.7818314824680299,0.6234898018587334,DrrEIEWkWuW7RrZwpHLCN0k0A2J0usJeyt3wtqzZ7Kk=,0.01802494421725935
1970-02-01 04:10:24.994255258,4,6,1,2,1,0,0,0,1,0.8660254037844386,0.5000000000000001,-0.7818314824680299,0.6234898018587334,DrrEIEWkWuW7RrZwpHLCN0k0A2J0usJeyt3wtqzZ7Kk=,0.014542610532200143
1970-02-01 04:12:15.015291745,4,6,1,2,1,0,0,0,1,0.8660254037844386,0.5000000000000001,-0.7818314824680299,0.6234898018587334,DrrEIEWkWuW7RrZwpHLCN0k0A2J0usJeyt3wtqzZ7Kk=,0.018583702783119792
1970-02-01 04:14:05.036328232,4,6,1,2,1,0,0,0,1,0.8660254037844386,0.5000000000000001,-0.7818314824680299,0.6234898018587334,DrrEIEWkWuW7RrZwpHLCN0k0A2J0usJeyt3wtqzZ7Kk=,0.030074334347820104
1970-02-01 04:15:55.057364719,4,6,1,2,1,0,0,0,1,0.8660254037844386,0.5000000000000001,-0.7818314824680299,0.6234898018587334,DrrEIEWkWuW7RrZwpHLCN0k0A2J0usJeyt3wtqzZ7Kk=,0.0
1970-02-01 04:17:45.078401206,4,6,1,2,1,0,0,0,1,0.8660254037844386,0.5000000000000001,-0.7818314824680299,0.6234898018587334,DrrEIEWkWuW7RrZwpHLCN0k0A2J0usJeyt3wtqzZ7Kk=,0.004126943452732547
1970-02-01 04:19:35.099437693,4,6,1,2,1,0,0,0,1,0.8660254037844386,0.5000000000000001,-0.7818314824680299,0.6234898018587334,DrrEIEWkWuW7RrZwpHLCN0k0A2J0usJeyt3wtqzZ7Kk=,0.029346382967757496
1970-02-01 04:21:25.120474180,4,6,1,2,1,0,0,0,1,0.8660254037844386,0.5000000000000001,-0.7818314824680299,0.6234898018587334,DrrEIEWkWuW7RrZwpHLCN0k0A2J0usJeyt3wtqzZ7Kk=,0.018312651359928784
1970-02-01 04:23:15.141510667,4,6,1,2,1,0,0,0,1,0.8660254037844386,0.5000000000000001,-0.7818314824680299,0.6234898018587334,DrrEIEWkWuW7RrZwpHLCN0k0A2J0usJeyt3wtqzZ7Kk=,0.0
1970-02-01 04:25:05.162547154,4,6,1,2,1,0,0,0,1,0.8660254037844386,0.5000000000000001,-0.7818314824680299,0.6234898018587334,DrrEIEWkWuW7RrZwpHLCN0k0A2J0usJeyt3wtqzZ7Kk=,0.016674582202373226
1970-02-01 04:26:55.183583641,4,6,1,2,1,0,0,0,1,0.8660254037844386,0.5000000000000001,-0.7818314824680299,0.6234898018587334,DrrEIEWkWuW7RrZwpHLCN0k0A2J0usJeyt3wtqzZ7Kk=,0.026924941747021543
1970-02-01 04:28:45.204620128,4,6,1,2,1,0,0,0,1,0.8660254037844386,0.5000000000000001,-0.7818314824680299,0.6234898018587334,DrrEIEWkWuW7RrZwpHLCN0k0A2J0usJeyt3wtqzZ7Kk=,0.02722013923476708
1970-02-01 04:30:35.225656615,4,6,1,2,1,0,0,0,1,0.8660254037844386,0.5000000000000001,-0.7818314824680299,0.6234898018587334,DrrEIEWkWuW7RrZwpHLCN0k0A2J0usJeyt3wtqzZ7Kk=,0.011415969433160799
1970-02-01 04:32:25.246693102,4,6,1,2,1,0,0,0,1,0.8660254037844386,0.5000000000000001,-0.7818314824680299,0.6234898018587334,DrrEIEWkWuW7RrZwpHLCN0k0A2J0usJeyt3wtqzZ7Kk=,0.03874254805258218
1970-02-01 04:34:15.267729589,4,6,1,2,1,0,0,0,1,0.8660254037844386,0.5000000000000001,-0.7818314824680299,0.6234898018587334,DrrEIEWkWuW7RrZwpHLCN0k0A2J0usJeyt3wtqzZ7Kk=,0.02010141870450776
1970-02-01 04:36:05.288766076,4,6,1,2,1,0,0,0,1,0.8660254037844386,0.5000000000000001,-0.7818314824680299,0.6234898018587334,DrrEIEWkWuW7RrZwpHLCN0k0A2J0usJeyt3wtqzZ7Kk=,0.01011606747639648
1970-02-01 04:37:55.309802563,4,6,1,2,1,0,0,0,1,0.8660254037844386,0.5000000000000001,-0.7818314824680299,0.6234898018587334,DrrEIEWkWuW7RrZwpHLCN0k0A2J0usJeyt3wtqzZ7Kk=,0.01554731874730772
1970-02-01 04:39:45.330839050,4,6,1,2,1,0,0,0,1,0.8660254037844386,0.5000000000000001,-0.7818314824680299,0.6234898018587334,DrrEIEWkWuW7RrZwpHLCN0k0A2J0usJeyt3wtqzZ7Kk=,0.018974848397111107
1970-02-01 04:41:35.351875537,4,6,1,2,1,0,0,0,1,0.8660254037844386,0.5000000000000001,-0.7818314824680299,0.6234898018587334,DrrEIEWkWuW7RrZwpHLCN0k0A2J0usJeyt3wtqzZ7Kk=,0.0062896340161920075
1970-02-01 04:43:25.372912024,4,6,1,2,1,0,0,0,1,0.8660254037844386,0.5000000000000001,-0.7818314824680299,0.6234898018587334,DrrEIEWkWuW7RrZwpHLCN0k0A2J0usJeyt3wtqzZ7Kk=,0.011357085811712093
1970-02-01 04:45:15.393948511,4,6,1,2,1,0,0,0,1,0.8660254037844386,0.5000000000000001,-0.7818314824680299,0.6234898018587334,DrrEIEWkWuW7RrZwpHLCN0k0A2J0usJeyt3wtqzZ7Kk=,0.026630388617272318
1970-02-01 04:47:05.414984998,4,6,1,2,1,0,0,0,1,0.8660254037844386,0.5000000000000001,-0.7818314824680299,0.6234898018587334,DrrEIEWkWuW7RrZwpHLCN0k0A2J0usJeyt3wtqzZ7Kk=,0.018565282279635532
1970-02-01 04:48:55.436021485,4,6,1,2,1,0,0,0,1,0.8660254037844386,0.5000000000000001,-0.7818314824680299,0.6234898018587334,DrrEIEWkWuW7RrZwpHLCN0k0A2J0usJeyt3wtqzZ7Kk=,0.0
1970-02-01 04:50:45.457057972,4,6,1,2,1,0,0,0,1,0.8660254037844386,0.5000000000000001,-0.7818314824680299,0.6234898018587334,DrrEIEWkWuW7RrZwpHLCN0k0A2J0usJeyt3wtqzZ7Kk=,0.021295455677632295
1970-02-01 04:52:35.478094459,4,6,1,2,1,0,0,0,1,0.8660254037844386,0.5000000000000001,-0.7818314824680299,0.6234898018587334,DrrEIEWkWuW7RrZwpHLCN0k0A2J0usJeyt3wtqzZ7Kk=,0.01718094887811497
1970-02-01 04:54:25.499130946,4,6,1,2,1,0,0,0,1,0.8660254037844386,0.5000000000000001,-0.7818314824680299,0.6234898018587334,DrrEIEWkWuW7RrZwpHLCN0k0A2J0usJeyt3wtqzZ7Kk=,0.009674808647716311
1970-02-01 04:56:15.520167433,4,6,1,2,1,0,0,0,1,0.8660254037844386,0.5000000000000001,-0.7818314824680299,0.6234898018587334,DrrEIEWkWuW7RrZwpHLCN0k0A2J0usJeyt3wtqzZ7Kk=,0.011904512780484515
1970-02-01 04:58:05.541203920,4,6,1,2,1,0,0,0,1,0.8660254037844386,0.5000000000000001,-0.7818314824680299,0.6234898018587334,DrrEIEWkWuW7RrZwpHLCN0k0A2J0usJeyt3wtqzZ7Kk=,0.00979996300168273
1970-02-01 04:59:55.562240407,4,6,1,2,1,0,0,0,1,0.8660254037844386,0.5000000000000001,-0.7818314824680299,0.6234898018587334,DrrEIEWkWuW7RrZwpHLCN0k0A2J0usJeyt3wtqzZ7Kk=,0.0077824120943291615
1970-02-01 05:01:45.583276894,5,6,1,2,1,1,0,0,0,0.9659258262890683,0.25881904510252074,-0.7818314824680299,0.6234898018587334,DrrEIEWkWuW7RrZwpHLCN0k0A2J0usJeyt3wtqzZ7Kk=,0.0
1970-02-01 05:03:35.604313381,5,6,1,2,1,1,0,0,0,0.9659258262890683,0.25881904510252074,-0.7818314824680299,0.6234898018587334,DrrEIEWkWuW7RrZwpHLCN0k0A2J0usJeyt3wtqzZ7Kk=,0.014708388049713176
1970-02-01 05:05:25.625349868,5,6,1,2,1,1,0,0,0,0.9659258262890683,0.25881904510252074,-0.7818314824680299,0.6234898018587334,DrrEIEWkWuW7RrZwpHLCN0k0A2J0usJeyt3wtqzZ7Kk=,0.016230604245406323
1970-02-01 05:07:15.646386355,5,6,1,2,1,1,0,0,0,0.9659258262890683,0.25881904510252074,-0.7818314824680299,0.6234898018587334,DrrEIEWkWuW7RrZwpHLCN0k0A2J0usJeyt3wtqzZ7Kk=,0.023148480651685198
1970-02-01 05:09:05.667422842,5,6,1,2,1,1,0,0,0,0.9659258262890683,0.25881904510252074,-0.7818314824680299,0.6234898018587334,DrrEIEWkWuW7RrZwpHLCN0k0A2J0usJeyt3wtqzZ7Kk=,0.03645334348116389
1970-02-01 05:10:55.688459329,5,6,1,2,1,1,0,0,0,0.9659258262890683,0.25881904510252074,-0.7818314824680299,0.6234898018587334,DrrEIEWkWuW7RrZwpHLCN0k0A2J0usJeyt3wtqzZ7Kk=,0.02220464300755222
1970-02-01 05:12:45.709495816,5,6,1,2,1,1,0,0,0,0.9659258262890683,0.25881904510252074,-0.7818314824680299,0.6234898018587334,DrrEIEWkWuW7RrZwpHLCN0k0A2J0usJeyt3wtqzZ7Kk=,0.024052871878627563
1970-02-01 05:14:35.730532303,5,6,1,2,1,1,0,0,0,0.9659258262890683,0.25881904510252074,-0.7818314824680299,0.6234898018587334,DrrEIEWkWuW7RrZwpHLCN0k0A2J0usJeyt3wtqzZ7Kk=,0.0
1970-02-01 05:16:25.751568790,5,6,1,2,1,1,0,0,0,0.9659258262890683,0.25881904510252074,-0.7818314824680299,0.6234898018587334,DrrEIEWkWuW7RrZwpHLCN0k0A2J0usJeyt3wtqzZ7Kk=,0.012562355422854178
1970-02-01 05:18:15.772605277,5,6,1,2,1,1,0,0,0,0.9659258262890683,0.25881904510252074,-0.7818314824680299,0.6234898018587334,DrrEIEWkWuW7RrZwpHLCN0k0A2J0usJeyt3wtqzZ7Kk=,0.027455610816613976
1970-02-01 05:20:05.793641764,5,6,1,2,1,1,0,0,0,0.9659258262890683,0.25881904510252074,-0.7818314824680299,0.6234898018587334,DrrEIEWkWuW7RrZwpHLCN0k0A2J0usJeyt3wtqzZ7Kk=,0.0
1970-02-01 05:21:55.814678251,5,6,1,2,1,1,0,0,0,0.9659258262890683,0.25881904510252074,-0.7818314824680299,0.6234898018587334,DrrEIEWkWuW7RrZwpHLCN0k0A2J0usJeyt3wtqzZ7Kk=,0.006143541122771154
1970-02-01 05:23:45.835714738,5,6,1,2,1,1,0,0,0,0.9659258262890683,0.25881904510252074,-0.7818314824680299,0.6234898018587334,DrrEIEWkWuW7RrZwpHLCN0k0A2J0usJeyt3wtqzZ7Kk=,0.009013463801237593
1970-02-01 05:25:35.856751225,5,6,1,2,1,1,0,0,0,0.9659258262890683,0.25881904510252074,-0.7818314824680299,0.6234898018587334,DrrEIEWkWuW7RrZwpHLCN0k0A2J0usJeyt3wtqzZ7Kk=,0.02119925774915795
1970-02-01 05:27:25.877787712,5,6,1,2,1,1,0,0,0,0.9659258262890683,0.25881904510252074,-0.7818314824680299,0.6234898018587334,DrrEIEWkWuW7RrZwpHLCN0k0A2J0usJeyt3wtqzZ7Kk=,0.022364979078347877
1970-02-01 05:29:15.898824199,5,6,1,2,1,1,0,0,0,0.9659258262890683,0.25881904510252074,-0.7818314824680299,0.6234898018587334,DrrEIEWkWuW7RrZwpHLCN0k0A2J0usJeyt3wtqzZ7Kk=,0.00654920341322443
1970-02-01 05:31:05.919860686,5,6,1,2,1,1,0,0,0,0.9659258262890683,0.25881904510252074,-0.7818314824680299,0.6234898018587334,DrrEIEWkWuW7RrZwpHLCN0k0A2J0usJeyt3wtqzZ7Kk=,0.0033251711481533525
1970-02-01 05:32:55.940897173,5,6,1,2,1,1,0,0,0,0.9659258262890683,0.25881904510252074,-0.7818314824680299,0.6234898018587334,DrrEIEWkWuW7RrZwpHLCN0k0A2J0usJeyt3wtqzZ7Kk=,0.016894263455282714
1970-02-01 05:34:45.961933660,5,6,1,2,1,1,0,0,0,0.9659258262890683,0.25881904510252074,-0.7818314824680299,0.6234898018587334,DrrEIEWkWuW7RrZwpHLCN0k0A2J0usJeyt3wtqzZ7Kk=,0.0008627128987766554
1970-02-01 05:36:35.982970147,5,6,1,2,1,1,0,0,0,0.9659258262890683,0.25881904510252074,-0.7818314824680299,0.6234898018587334,DrrEIEWkWuW7RrZwpHLCN0k0A2J0usJeyt3wtqzZ7Kk=,0.014998671878437541
1970-02-01 05:38:26.004006634,5,6,1,2,1,1,0,0,0,0.9659258262890683,0.25881904510252074,-0.7818314824680299,0.6234898018587334,DrrEIEWkWuW7RrZwpHLCN0k0A2J0usJeyt3wtqzZ7Kk=,0.0
1970-02-01 05:40:16.025043121,5,6,1,2,1,1,0,0,0,0.9659258262890683,0.25881904510252074,-0.7818314824680299,0.6234898018587334,DrrEIEWkWuW7RrZwpHLCN0k0A2J0usJeyt3wtqzZ7Kk=,0.0
1970-02-01 05:42:06.046079608,5,6,1,2,1,1,0,0,0,0.9659258262890683,0.25881904510252074,-0.7818314824680299,0.6234898018587334,DrrEIEWkWuW7RrZwpHLCN0k0A2J0usJeyt3wtqzZ7Kk=,0.00886991091838461
1970-02-01 05:43:56.067116095,5,6,1,2,1,1,0,0,0,0.9659258262890683,0.25881904510252074,-0.7818314824680299,0.6234898018587334,DrrEIEWkWuW7RrZwpHLCN0k0A2J0usJeyt3wtqzZ7Kk=,0.017750110417451358
1970-02-01 05:45:46.088152582,5,6,1,2,1,1,0,0,0,0.9659258262890683,0.25881904510252074,-0.7818314824680299,0.6234898018587334,DrrEIEWkWuW7RrZwpHLCN0k0A2J0usJeyt3wtqzZ7Kk=,0.01578302538324979
1970-02-01 05:47:36.109189069,5,6,1,2,1,1,0,0,0,0.9659258262890683,0.25881904510252074,-0.7818314824680299,0.6234898018587334,DrrEIEWkWuW7RrZwpHLCN0k0A2J0usJeyt3wtqzZ7Kk=,0.021239337685583535
1970-02-01 05:49:26.130225556,5,6,1,2,1,1,0,0,0,0.9659258262890683,0.25881904510252074,-0.7818314824680299,0.6234898018587334,DrrEIEWkWuW7RrZwpHLCN0k0A2J0usJeyt3wtqzZ7Kk=,0.02734066221159646
1970-02-01 05:51:16.151262043,5,6,1,2,1,1,0,0,0,0.9659258262890683,0.25881904510252074,-0.7818314824680299,0.6234898018587334,DrrEIEWkWuW7RrZwpHLCN0k0A2J0usJeyt3wtqzZ7Kk=,0.007781524448311176
1970-02-01 05:53:06.172298530,5,6,1,2,1,1,0,0,0,0.9659258262890683,0.25881904510252074,-0.7818314824680299,0.6234898018587334,DrrEIEWkWuW7RrZwpHLCN0k0A2J0usJeyt3wtqzZ7Kk=,0.02810941415857921
1970-02-01 05:54:56.193335017,5,6,1,2,1,1,0,0,0,0.9659258262890683,0.25881904510252074,-0.7818314824680299,0.6234898018587334,DrrEIEWkWuW7RrZwpHLCN0k0A2J0usJeyt3wtqzZ7Kk=,0.017216075429520347
1970-02-01 05:56:46.214371504,5,6,1,2,1,1,0,0,0,0.9659258262890683,0.25881904510252074,-0.7818314824680299,0.6234898018587334,DrrEIEWkWuW7RrZwpHLCN0k0A2J0usJeyt3wtqzZ7Kk=,0.014767219627833788
1970-02-01 05:58:36.235407991,5,6,1,2,1,1,0,0,0,0.9659258262890683,0.25881904510252074,-0.7818314824680299,0.6234898018587334,DrrEIEWkWuW7RrZwpHLCN0k0A2J0usJeyt3wtqzZ7Kk=,0.016306441589009273
1970-02-01 06:00:26.256444478,6,6,1,2,1,1,0,0,0,1.0,6.123233995736766e-17,-0.7818314824680299,0.6234898018587334,DrrEIEWkWuW7RrZwpHLCN0k0A2J0usJeyt3wtqzZ7Kk=,0.0
1970-02-01 06:02:16.277480965,6,6,1,2,1,1,0,0,0,1.0,6.123233995736766e-17,-0.7818314824680299,0.6234898018587334,DrrEIEWkWuW7RrZwpHLCN0k0A2J0usJeyt3wtqzZ7Kk=,0.0
1970-02-01 06:04:06.298517452,6,6,1,2,1,1,0,0,0,1.0,6.123233995736766e-17,-0.7818314824680299,0.6234898018587334,DrrEIEWkWuW7RrZwpHLCN0k0A2J0usJeyt3wtqzZ7Kk=,0.03339242453239077
1970-02-01 06:05:56.319553939,6,6,1,2,1,1,0,0,0,1.0,6.123233995736766e-17,-0.7818314824680299,0.6234898018587334,DrrEIEWkWuW7RrZwpHLCN0k0A2J0usJeyt3wtqzZ7Kk=,0.01826200173622621
1970-02-01 06:07:46.340590426,6,6,1,2,1,1,0,0,0,1.0,6.123233995736766e-17,-0.7818314824680299,0.6234898018587334,DrrEIEWkWuW7RrZwpHLCN0k0A2J0usJeyt3wtqzZ7Kk=,0.01078347529416914
1970-02-01 06:09:36.361626913,6,6,1,2,1,1,0,0,0,1.0,6.123233995736766e-17,-0.7818314824680299,0.6234898018587334,DrrEIEWkWuW7RrZwpHLCN0k0A2J0usJeyt3wtqzZ7Kk=,0.020888089475701706
1970-02-01 06:11:26.382663400,6,6,1,2,1,1,0,0,0,1.0,6.123233995736766e-17,-0.7818314824680299,0.6234898018587334,DrrEIEWkWuW7RrZwpHLCN0k0A2J0usJeyt3wtqzZ7Kk=,0.0
1970-02-01 06:13:16.403699887,6,6,1,2,1,1,0,0,0,1.0,6.123233995736766e-17,-0.7818314824680299,0.6234898018587334,DrrEIEWkWuW7RrZwpHLCN0k0A2J0usJeyt3wtqzZ7Kk=,0.02560287037933854
1970-02-01 06:15:06.424736374,6,6,1,2,1,1,0,0,0,1.0,6.123233995736766e-17,-0.7818314824680299,0.6234898018587334,DrrEIEWkWuW7RrZwpHLCN0k0A2J0usJeyt3wtqzZ7Kk=,0.01472393392808765
1970-02-01 06:16:56.445772861,6,6,1,2,1,1,0,0,0,1.0,6.123233995736766e-17,-0.7818314824680299,0.6234898018587334,DrrEIEWkWuW7RrZwpHLCN0k0A2J0usJeyt3wtqzZ7Kk=,0.0034074160291920497
1970-02-01 06:18:46.466809348,6,6,1,2,1,1,0,0,0,1.0,6.123233995736766e-17,-0.7818314824680299,0.6234898018587334,DrrEIEWkWuW7RrZwpHLCN0k0A2J0usJeyt3wtqzZ7Kk=,0.02135052739241068
1970-02-01 06:20:36.487845835,6,6,1,2,1,1,0,0,0,1.0,6.123233995736766e-17,-0.7818314824680299,0.6234898018587334,DrrEIEWkWuW7RrZwpHLCN0k0A2J0usJeyt3wtqzZ7Kk=,0.0102748962860465
1970-02-01 06:22:26.508882322,6,6,1,2,1,1,0,0,0,1.0,6.123233995736766e-17,-0.7818314824680299,0.6234898018587334,DrrEIEWkWuW7RrZwpHLCN0k0A2J0usJeyt3wtqzZ7Kk=,0.009531460399213511
1970-02-01 06:24:16.529918809,6,6,1,2,1,1,0,0,0,1.0,6.123233995736766e-17,-0.7818314824680299,0.6234898018587334,DrrEIEWkWuW7RrZwpHLCN0k0A2J0usJeyt3wtqzZ7Kk=,0.016412722705728126
1970-02-01 06:26:06.550955296,6,6,1,2,1,1,0,0,0,1.0,6.123233995736766e-17,-0.7818314824680299,0.6234898018587334,DrrEIEWkWuW7RrZwpHLCN0k0A2J0usJeyt3wtqzZ7Kk=,0.014428725537650407
1970-02-01 06:27:56.571991783,6,6,1,2,1,1,0,0,0,1.0,6.123233995736766e-17,-0.7818314824680299,0.6234898018587334,DrrEIEWkWuW7RrZwpHLCN0k0A2J0usJeyt3wtqzZ7Kk=,0.015005437183089857
1970-02-01 06:29:46.593028270,6,6,1,2,1,1,0,0,0,1.0,6.123233995736766e-17,-0.7818314824680299,0.6234898018587334,DrrEIEWkWuW7RrZwpHLCN0k0A2J0usJeyt3wtqzZ7Kk=,0.024247013170773005
1970-02-01 06:31:36.614064757,6,6,1,2,1,1,0,0,0,1.0,6.123233995736766e-17,-0.7818314824680299,0.6234898018587334,DrrEIEWkWuW7RrZwpHLCN0k0A2J0usJeyt3wtqzZ7Kk=,0.0
1970-02-01 06:33:26.635101244,6,6,1,2,1,1,0,0,0,1.0,6.123233995736766e-17,-0.7818314824680299,0.6234898018587334,DrrEIEWkWuW7RrZwpHLCN0k0A2J0usJeyt3wtqzZ7Kk=,0.0134130774752345
1970-02-01 06:35:16.656137731,6,6,1,2,1,1,0,0,0,1.0,6.123233995736766e-17,-0.7818314824680299,0.6234898018587334,DrrEIEWkWuW7RrZwpHLCN0k0A2J0usJeyt3wtqzZ7Kk=,0.01864916753496865
1970-02-01 06:37:06.677174218,6,6,1,2,1,1,0,0,0,1.0,6.123233995736766e-17,-0.7818314824680299,0.6234898018587334,DrrEIEWkWuW7RrZwpHLCN0k0A2J0usJeyt3wtqzZ7Kk=,0.022818306671683684
1970-02-01 06:38:56.698210705,6,6,1,2,1,1,0,0,0,1.0,6.123233995736766e-17,-0.7818314824680299,0.6234898018587334,DrrEIEWkWuW7RrZwpHLCN0k0A2J0usJeyt3wtqzZ7Kk=,0.03740323741728975
1970-02-01 06:40:46.719247192,6,6,1,2,1,1,0,0,0,1.0,6.123233995736766e-17,-0.7818314824680299,0.6234898018587334,DrrEIEWkWuW7RrZwpHLCN0k0A2J0usJeyt3wtqzZ7Kk=,0.015416765426746571
1970-02-01 06:42:36.740283679,6,6,1,2,1,1,0,0,0,1.0,6.123233995736766e-17,-0.7818314824680299,0.6234898018587334,DrrEIEWkWuW7RrZwpHLCN0k0A2J0usJeyt3wtqzZ7Kk=,0.0
1970-02-01 06:44:26.761320166,6,6,1,2,1,1,0,0,0,1.0,6.123233995736766e-17,-0.7818314824680299,0.6234898018587334,DrrEIEWkWuW7RrZwpHLCN0k0A2J0usJeyt3wtqzZ7Kk=,0.0
1970-02-01 06:46:16.782356653,6,6,1,2,1,1,0,0,0,1.0,6.123233995736766e-17,-0.7818314824680299,0.6234898018587334,DrrEIEWkWuW7RrZwpHLCN0k0A2J0usJeyt3wtqzZ7Kk=,0.025938069321174255
1970-02-01 06:48:06.803393140,6,6,1,2,1,1,0,0,0,1.0,6.123233995736766e-17,-0.7818314824680299,0.6234898018587334,DrrEIEWkWuW7RrZwpHLCN0k0A2J0usJeyt3wtqzZ7Kk=,0.000292657388983689
1970-02-01 06:49:56.824429627,6,6,1,2,1,1,0,0,0,1.0,6.123233995736766e-17,-0.7818314824680299,0.6234898018587334,DrrEIEWkWuW7RrZwpHLCN0k0A2J0usJeyt3wtqzZ7Kk=,0.010082079777238028
1970-02-01 06:51:46.845466114,6,6,1,2,1,1,0,0,0,1.0,6.123233995736766e-17,-0.7818314824680299,0.6234898018587334,DrrEIEWkWuW7RrZwpHLCN0k0A2J0usJeyt3wtqzZ7Kk=,0.009145731022417352
1970-02-01 06:53:36.866502601,6,6,1,2,1,1,0,0,0,1.0,6.123233995736766e-17,-0.7818314824680299,0.6234898018587334,DrrEIEWkWuW7RrZwpHLCN0k0A2J0usJeyt3wtqzZ7Kk=,0.012233038882003559
1970-02-01 06:55:26.887539088,6,6,1,2,1,1,0,0,0,1.0,6.123233995736766e-17,-0.7818314824680299,0.6234898018587334,DrrEIEWkWuW7RrZwpHLCN0k0A2J0usJeyt3wtqzZ7Kk=,0.004786962031981195
1970-02-01 06:57:16.908575575,6,6,1,2,1,1,0,0,0,1.0,6.123233995736766e-17,-0.7818314824680299,0.6234898018587334,DrrEIEWkWuW7RrZwpHLCN0k0A2J0usJeyt3wtqzZ7Kk=,0.009833810193108737
1970-02-01 06:59:06.929612062,6,6,1,2,1,1,0,0,0,1.0,6.123233995736766e-17,-0.7818314824680299,0.6234898018587334,DrrEIEWkWuW7RrZwpHLCN0k0A2J0usJeyt3wtqzZ7Kk=,0.019299076549726023
1970-02-01 07:00:56.950648549,7,6,1,2,1,1,0,0,0,0.9659258262890683,-0.25881904510252063,-0.7818314824680299,0.6234898018587334,DrrEIEWkWuW7RrZwpHLCN0k0A2J0usJeyt3wtqzZ7Kk=,0.018202957415326532
1970-02-01 07:02:46.971685036,7,6,1,2,1,1,0,0,0,0.9659258262890683,-0.25881904510252063,-0.7818314824680299,0.6234898018587334,DrrEIEWkWuW7RrZwpHLCN0k0A2J0usJeyt3wtqzZ7Kk=,0.028079495118854957
1970-02-01 07:04:36.992721523,7,6,1,2,1,1,0,0,0,0.9659258262890683,-0.25881904510252063,-0.7818314824680299,0.6234898018587334,DrrEIEWkWuW7RrZwpHLCN0k0A2J0usJeyt3wtqzZ7Kk=,0.02144846773441776
1970-02-01 07:06:27.013758010,7,6,1,2,1,1,0,0,0,0.9659258262890683,-0.25881904510252063,-0.7818314824680299,0.6234898018587334,DrrEIEWkWuW7RrZwpHLCN0k0A2J0usJeyt3wtqzZ7Kk=,0.0
1970-02-01 07:08:17.034794497,7,6,1,2,1,1,0,0,0,0.9659258262890683,-0.25881904510252063,-0.7818314824680299,0.6234898018587334,DrrEIEWkWuW7RrZwpHLCN0k0A2J0usJeyt3wtqzZ7Kk=,0.0
1970-02-01 07:10:07.055830984,7,6,1,2,1,1,0,0,0,0.9659258262890683,-0.25881904510252063,-0.7818314824680299,0.6234898018587334,DrrEIEWkWuW7RrZwpHLCN0k0A2J0usJeyt3wtqzZ7Kk=,0.004614431655957607
1970-02-01 07:11:57.076867471,7,6,1,2,1,1,0,0,0,0.9659258262890683,-0.25881904510252063,-0.7818314824680299,0.6234898018587334,DrrEIEWkWuW7RrZwpHLCN0k0A2J0usJeyt3wtqzZ7Kk=,0.003256128963292561
1970-02-01 07:13:47.097903958,7,6,1,2,1,1,0,0,0,0.9659258262890683,-0.25881904510252063,-0.7818314824680299,0.6234898018587334,DrrEIEWkWuW7RrZwpHLCN0k0A2J0usJeyt3wtqzZ7Kk=,0.02639894510965861
1970-02-01 07:15:37.118940445,7,6,1,2,1,1,0,0,0,0.9659258262890683,-0.25881904510252063,-0.7818314824680299,0.6234898018587334,DrrEIEWkWuW7RrZwpHLCN0k0A2J0usJeyt3wtqzZ7Kk=,0.0
1970-02-01 07:17:27.139976932,7,6,1,2,1,1,0,0,0,0.9659258262890683,-0.25881904510252063,-0.7818314824680299,0.6234898018587334,DrrEIEWkWuW7RrZwpHLCN0k0A2J0usJeyt3wtqzZ7Kk=,0.019494841881212942
1970-02-01 07:19:17.161013419,7,6,1,2,1,1,0,0,0,0.9659258262890683,-0.25881904510252063,-0.7818314824680299,0.6234898018587334,DrrEIEWkWuW7RrZwpHLCN0k0A2J0usJeyt3wtqzZ7Kk=,0.02092108845708137
1970-02-01 07:21:07.182049906,7,6,1,2,1,1,0,0,0,0.9659258262890683,-0.25881904510252063,-0.7818314824680299,0.6234898018587334,DrrEIEWkWuW7RrZwpHLCN0k0A2J0usJeyt3wtqzZ7Kk=,0.010583869926112035
1970-02-01 07:22:57.203086393,7,6,1,2,1,1,0,0,0,0.9659258262890683,-0.25881904510252063,-0.7818314824680299,0.6234898018587334,DrrEIEWkWuW7RrZwpHLCN0k0A2J0usJeyt3wtqzZ7Kk=,0.0034706269062943253
1970-02-01 07:24:47.224122880,7,6,1,2,1,1,0,0,0,0.9659258262890683,-0.25881904510252063,-0.7818314824680299,0.6234898018587334,DrrEIEWkWuW7RrZwpHLCN0k0A2J0usJeyt3wtqzZ7Kk=,0.02187244345070185
