time_dt,hour_of_day,day_of_week,day_of_month,month,is_weekend,day_part_morning,day_part_afternoon,day_part_evening,day_part_night,hour_sin,hour_cos,day_sin,day_cos,average_usage_cpu
1970-02-01 00:06:32.196402487,0,6,1,2,1,0,0,0,1,0.0,1.0,-0.7818314824680299,0.6234898018587334,0.03207352422635133
1970-02-01 00:08:22.217438974,0,6,1,2,1,0,0,0,1,0.0,1.0,-0.7818314824680299,0.6234898018587334,0.029223289601467483
1970-02-01 00:10:12.238475461,0,6,1,2,1,0,0,0,1,0.0,1.0,-0.7818314824680299,0.6234898018587334,0.0031581009639890523
1970-02-01 00:12:02.259511948,0,6,1,2,1,0,0,0,1,0.0,1.0,-0.7818314824680299,0.6234898018587334,0.0067153084406905775
1970-02-01 00:13:52.280548435,0,6,1,2,1,0,0,0,1,0.0,1.0,-0.7818314824680299,0.6234898018587334,0.015593232324600215
1970-02-01 00:15:42.301584922,0,6,1,2,1,0,0,0,1,0.0,1.0,-0.7818314824680299,0.6234898018587334,0.004164567779638159
1970-02-01 00:17:32.322621409,0,6,1,2,1,0,0,0,1,0.0,1.0,-0.7818314824680299,0.6234898018587334,0.027009185508003936
1970-02-01 00:19:22.343657896,0,6,1,2,1,0,0,0,1,0.0,1.0,-0.7818314824680299,0.6234898018587334,0.002319149167339803
1970-02-01 00:21:12.364694383,0,6,1,2,1,0,0,0,1,0.0,1.0,-0.7818314824680299,0.6234898018587334,0.010630690267343975
1970-02-01 00:23:02.385730870,0,6,1,2,1,0,0,0,1,0.0,1.0,-0.7818314824680299,0.6234898018587334,0.006857992211445999
1970-02-01 00:24:52.406767357,0,6,1,2,1,0,0,0,1,0.0,1.0,-0.7818314824680299,0.6234898018587334,0.0
1970-02-01 00:26:42.427803844,0,6,1,2,1,0,0,0,1,0.0,1.0,-0.7818314824680299,0.6234898018587334,0.015610197013726186
1970-02-01 00:28:32.448840331,0,6,1,2,1,0,0,0,1,0.0,1.0,-0.7818314824680299,0.6234898018587334,0.004718536867742356
1970-02-01 00:30:22.469876818,0,6,1,2,1,0,0,0,1,0.0,1.0,-0.7818314824680299,0.6234898018587334,0.00973891831704419
1970-02-01 00:32:12.490913305,0,6,1,2,1,0,0,0,1,0.0,1.0,-0.7818314824680299,0.6234898018587334,0.0024872293581708355
1970-02-01 00:34:02.511949792,0,6,1,2,1,0,0,0,1,0.0,1.0,-0.7818314824680299,0.6234898018587334,0.003571940602953466
1970-02-01 00:35:52.532986279,0,6,1,2,1,0,0,0,1,0.0,1.0,-0.7818314824680299,0.6234898018587334,0.006521972369727244
1970-02-01 00:37:42.554022766,0,6,1,2,1,0,0,0,1,0.0,1.0,-0.7818314824680299,0.6234898018587334,0.04085834944413319
1970-02-01 00:39:32.575059253,0,6,1,2,1,0,0,0,1,0.0,1.0,-0.7818314824680299,0.6234898018587334,0.0
1970-02-01 00:41:22.596095740,0,6,1,2,1,0,0,0,1,0.0,1.0,-0.7818314824680299,0.6234898018587334,0.016969553407517875
1970-02-01 00:43:12.617132227,0,6,1,2,1,0,0,0,1,0.0,1.0,-0.7818314824680299,0.6234898018587334,0.023330999970570927
1970-02-01 00:45:02.638168714,0,6,1,2,1,0,0,0,1,0.0,1.0,-0.7818314824680299,0.6234898018587334,0.013578042546250007
1970-02-01 00:46:52.659205201,0,6,1,2,1,0,0,0,1,0.0,1.0,-0.7818314824680299,0.6234898018587334,0.02693910262976358
1970-02-01 00:48:42.680241688,0,6,1,2,1,0,0,0,1,0.0,1.0,-0.7818314824680299,0.6234898018587334,0.00756581054251452
1970-02-01 00:50:32.701278175,0,6,1,2,1,0,0,0,1,0.0,1.0,-0.7818314824680299,0.6234898018587334,0.003085071812907075
1970-02-01 00:52:22.722314662,0,6,1,2,1,0,0,0,1,0.0,1.0,-0.7818314824680299,0.6234898018587334,0.023214157341184673
1970-02-01 00:54:12.743351149,0,6,1,2,1,0,0,0,1,0.0,1.0,-0.7818314824680299,0.6234898018587334,0.02213835413152874
1970-02-01 00:56:02.764387636,0,6,1,2,1,0,0,0,1,0.0,1.0,-0.7818314824680299,0.6234898018587334,0.005994630784576082
1970-02-01 00:57:52.785424123,0,6,1,2,1,0,0,0,1,0.0,1.0,-0.7818314824680299,0.6234898018587334,0.037087016954074695
1970-02-01 00:59:42.806460610,0,6,1,2,1,0,0,0,1,0.0,1.0,-0.7818314824680299,0.6234898018587334,0.0
1970-02-01 01:01:32.827497097,1,6,1,2,1,0,0,0,1,0.25881904510252074,0.9659258262890683,-0.7818314824680299,0.6234898018587334,0.023453819331531338
1970-02-01 01:03:22.848533584,1,6,1,2,1,0,0,0,1,0.25881904510252074,0.9659258262890683,-0.7818314824680299,0.6234898018587334,0.005968094007155244
1970-02-01 01:05:12.869570071,1,6,1,2,1,0,0,0,1,0.25881904510252074,0.9659258262890683,-0.7818314824680299,0.6234898018587334,0.007977684331748829
1970-02-01 01:07:02.890606558,1,6,1,2,1,0,0,0,1,0.25881904510252074,0.9659258262890683,-0.7818314824680299,0.6234898018587334,0.009403235147753767
1970-02-01 01:08:52.911643045,1,6,1,2,1,0,0,0,1,0.25881904510252074,0.9659258262890683,-0.7818314824680299,0.6234898018587334,0.003476020895139015
1970-02-01 01:10:42.932679532,1,6,1,2,1,0,0,0,1,0.25881904510252074,0.9659258262890683,-0.7818314824680299,0.6234898018587334,0.024007210867938097
1970-02-01 01:12:32.953716019,1,6,1,2,1,0,0,0,1,0.25881904510252074,0.9659258262890683,-0.7818314824680299,0.6234898018587334,0.018396609456497494
1970-02-01 01:14:22.974752506,1,6,1,2,1,0,0,0,1,0.25881904510252074,0.9659258262890683,-0.7818314824680299,0.6234898018587334,0.014469606490851123
1970-02-01 01:16:12.995788993,1,6,1,2,1,0,0,0,1,0.25881904510252074,0.9659258262890683,-0.7818314824680299,0.6234898018587334,0.030873572696938967
1970-02-01 01:18:03.016825480,1,6,1,2,1,0,0,0,1,0.25881904510252074,0.9659258262890683,-0.7818314824680299,0.6234898018587334,0.00605264150092304
1970-02-01 01:19:53.037861967,1,6,1,2,1,0,0,0,1,0.25881904510252074,0.9659258262890683,-0.7818314824680299,0.6234898018587334,0.0008306359476959683
1970-02-01 01:21:43.058898454,1,6,1,2,1,0,0,0,1,0.25881904510252074,0.9659258262890683,-0.7818314824680299,0.6234898018587334,0.019407767977482438
1970-02-01 01:23:33.079934941,1,6,1,2,1,0,0,0,1,0.25881904510252074,0.9659258262890683,-0.7818314824680299,0.6234898018587334,0.006483569315834451
1970-02-01 01:25:23.100971428,1,6,1,2,1,0,0,0,1,0.25881904510252074,0.9659258262890683,-0.7818314824680299,0.6234898018587334,0.019296474423875023
1970-02-01 01:27:13.122007915,1,6,1,2,1,0,0,0,1,0.25881904510252074,0.9659258262890683,-0.7818314824680299,0.6234898018587334,0.02473803507797492
1970-02-01 01:29:03.143044402,1,6,1,2,1,0,0,0,1,0.25881904510252074,0.9659258262890683,-0.7818314824680299,0.6234898018587334,0.0
1970-02-01 01:30:53.164080889,1,6,1,2,1,0,0,0,1,0.25881904510252074,0.9659258262890683,-0.7818314824680299,0.6234898018587334,0.026637215319066522
1970-02-01 01:32:43.185117376,1,6,1,2,1,0,0,0,1,0.25881904510252074,0.9659258262890683,-0.7818314824680299,0.6234898018587334,0.02379387364930472
1970-02-01 01:34:33.206153863,1,6,1,2,1,0,0,0,1,0.25881904510252074,0.9659258262890683,-0.7818314824680299,0.6234898018587334,0.01155561115749653
1970-02-01 01:36:23.227190350,1,6,1,2,1,0,0,0,1,0.25881904510252074,0.9659258262890683,-0.7818314824680299,0.6234898018587334,0.027369984449464244
1970-02-01 01:38:13.248226837,1,6,1,2,1,0,0,0,1,0.25881904510252074,0.9659258262890683,-0.7818314824680299,0.6234898018587334,0.020418158058339457
1970-02-01 01:40:03.269263324,1,6,1,2,1,0,0,0,1,0.25881904510252074,0.9659258262890683,-0.7818314824680299,0.6234898018587334,0.005771350995779064
1970-02-01 01:41:53.290299811,1,6,1,2,1,0,0,0,1,0.25881904510252074,0.9659258262890683,-0.7818314824680299,0.6234898018587334,0.01715442832215106
1970-02-01 01:43:43.311336298,1,6,1,2,1,0,0,0,1,0.25881904510252074,0.9659258262890683,-0.7818314824680299,0.6234898018587334,0.02221939144952071
1970-02-01 01:45:33.332372785,1,6,1,2,1,0,0,0,1,0.25881904510252074,0.9659258262890683,-0.7818314824680299,0.6234898018587334,0.03477564611222714
1970-02-01 01:47:23.353409272,1,6,1,2,1,0,0,0,1,0.25881904510252074,0.9659258262890683,-0.7818314824680299,0.6234898018587334,0.0190096077176048
1970-02-01 01:49:13.374445759,1,6,1,2,1,0,0,0,1,0.25881904510252074,0.9659258262890683,-0.7818314824680299,0.6234898018587334,0.01089054332657259
1970-02-01 01:51:03.395482246,1,6,1,2,1,0,0,0,1,0.25881904510252074,0.9659258262890683,-0.7818314824680299,0.6234898018587334,0.030236430317731083
1970-02-01 01:52:53.416518733,1,6,1,2,1,0,0,0,1,0.25881904510252074,0.9659258262890683,-0.7818314824680299,0.6234898018587334,0.028640365295713472
1970-02-01 01:54:43.437555220,1,6,1,2,1,0,0,0,1,0.25881904510252074,0.9659258262890683,-0.7818314824680299,0.6234898018587334,0.021281184280559296
1970-02-01 01:56:33.458591707,1,6,1,2,1,0,0,0,1,0.25881904510252074,0.9659258262890683,-0.7818314824680299,0.6234898018587334,0.006621966139948333
1970-02-01 01:58:23.479628194,1,6,1,2,1,0,0,0,1,0.25881904510252074,0.9659258262890683,-0.7818314824680299,0.6234898018587334,0.006833977887328212
1970-02-01 02:00:13.500664681,2,6,1,2,1,0,0,0,1,0.49999999999999994,0.8660254037844387,-0.7818314824680299,0.6234898018587334,0.019361048920575392
1970-02-01 02:02:03.521701168,2,6,1,2,1,0,0,0,1,0.49999999999999994,0.8660254037844387,-0.7818314824680299,0.6234898018587334,0.04375385585602427
1970-02-01 02:03:53.542737655,2,6,1,2,1,0,0,0,1,0.49999999999999994,0.8660254037844387,-0.7818314824680299,0.6234898018587334,0.01834281068163398
1970-02-01 02:05:43.563774142,2,6,1,2,1,0,0,0,1,0.49999999999999994,0.8660254037844387,-0.7818314824680299,0.6234898018587334,0.005732109279869392
1970-02-01 02:07:33.584810629,2,6,1,2,1,0,0,0,1,0.49999999999999994,0.8660254037844387,-0.7818314824680299,0.6234898018587334,0.02532416373993712
1970-02-01 02:09:23.605847116,2,6,1,2,1,0,0,0,1,0.49999999999999994,0.8660254037844387,-0.7818314824680299,0.6234898018587334,0.021200755985062814
1970-02-01 02:11:13.626883603,2,6,1,2,1,0,0,0,1,0.49999999999999994,0.8660254037844387,-0.7818314824680299,0.6234898018587334,0.004363214980537452
1970-02-01 02:13:03.647920090,2,6,1,2,1,0,0,0,1,0.49999999999999994,0.8660254037844387,-0.7818314824680299,0.6234898018587334,0.0
1970-02-01 02:14:53.668956577,2,6,1,2,1,0,0,0,1,0.49999999999999994,0.8660254037844387,-0.7818314824680299,0.6234898018587334,0.006440044369018023
1970-02-01 02:16:43.689993064,2,6,1,2,1,0,0,0,1,0.49999999999999994,0.8660254037844387,-0.7818314824680299,0.6234898018587334,0.0034407425343130123
1970-02-01 02:18:33.711029551,2,6,1,2,1,0,0,0,1,0.49999999999999994,0.8660254037844387,-0.7818314824680299,0.6234898018587334,0.020486208879768195
1970-02-01 02:20:23.732066038,2,6,1,2,1,0,0,0,1,0.49999999999999994,0.8660254037844387,-0.7818314824680299,0.6234898018587334,0.025202484730079213
1970-02-01 02:22:13.753102525,2,6,1,2,1,0,0,0,1,0.49999999999999994,0.8660254037844387,-0.7818314824680299,0.6234898018587334,0.003032073395419079
1970-02-01 02:24:03.774139012,2,6,1,2,1,0,0,0,1,0.49999999999999994,0.8660254037844387,-0.7818314824680299,0.6234898018587334,0.02197028352509233
1970-02-01 02:25:53.795175499,2,6,1,2,1,0,0,0,1,0.49999999999999994,0.8660254037844387,-0.7818314824680299,0.6234898018587334,0.01986360523783517
1970-02-01 02:27:43.816211986,2,6,1,2,1,0,0,0,1,0.49999999999999994,0.8660254037844387,-0.7818314824680299,0.6234898018587334,0.0027808331742217307
1970-02-01 02:29:33.837248473,2,6,1,2,1,0,0,0,1,0.49999999999999994,0.8660254037844387,-0.7818314824680299,0.6234898018587334,0.001274628805753443
1970-02-01 02:31:23.858284960,2,6,1,2,1,0,0,0,1,0.49999999999999994,0.8660254037844387,-0.7818314824680299,0.6234898018587334,0.02700301873387194
1970-02-01 02:33:13.879321447,2,6,1,2,1,0,0,0,1,0.49999999999999994,0.8660254037844387,-0.7818314824680299,0.6234898018587334,0.01372920188242414
1970-02-01 02:35:03.900357934,2,6,1,2,1,0,0,0,1,0.49999999999999994,0.8660254037844387,-0.7818314824680299,0.6234898018587334,0.024702716794452982
1970-02-01 02:36:53.921394421,2,6,1,2,1,0,0,0,1,0.49999999999999994,0.8660254037844387,-0.7818314824680299,0.6234898018587334,0.010735203818035204
1970-02-01 02:38:43.942430908,2,6,1,2,1,0,0,0,1,0.49999999999999994,0.8660254037844387,-0.7818314824680299,0.6234898018587334,0.0
1970-02-01 02:40:33.963467395,2,6,1,2,1,0,0,0,1,0.49999999999999994,0.8660254037844387,-0.7818314824680299,0.6234898018587334,0.012824021721048162
1970-02-01 02:42:23.984503882,2,6,1,2,1,0,0,0,1,0.49999999999999994,0.8660254037844387,-0.7818314824680299,0.6234898018587334,0.010722824041077232
1970-02-01 02:44:14.005540369,2,6,1,2,1,0,0,0,1,0.49999999999999994,0.8660254037844387,-0.7818314824680299,0.6234898018587334,0.029396588990394226
1970-02-01 02:46:04.026576856,2,6,1,2,1,0,0,0,1,0.49999999999999994,0.8660254037844387,-0.7818314824680299,0.6234898018587334,0.01270816101738887
1970-02-01 02:47:54.047613343,2,6,1,2,1,0,0,0,1,0.49999999999999994,0.8660254037844387,-0.7818314824680299,0.6234898018587334,0.009518609354507709
1970-02-01 02:49:44.068649830,2,6,1,2,1,0,0,0,1,0.49999999999999994,0.8660254037844387,-0.7818314824680299,0.6234898018587334,0.0
1970-02-01 02:51:34.089686317,2,6,1,2,1,0,0,0,1,0.49999999999999994,0.8660254037844387,-0.7818314824680299,0.6234898018587334,0.028936113816458837
1970-02-01 02:53:24.110722804,2,6,1,2,1,0,0,0,1,0.49999999999999994,0.8660254037844387,-0.7818314824680299,0.6234898018587334,0.0
1970-02-01 02:55:14.131759291,2,6,1,2,1,0,0,0,1,0.49999999999999994,0.8660254037844387,-0.7818314824680299,0.6234898018587334,0.0020809415475045584
1970-02-01 02:57:04.152795778,2,6,1,2,1,0,0,0,1,0.49999999999999994,0.8660254037844387,-0.7818314824680299,0.6234898018587334,0.007894644264975572
1970-02-01 02:58:54.173832265,2,6,1,2,1,0,0,0,1,0.49999999999999994,0.8660254037844387,-0.7818314824680299,0.6234898018587334,0.02538745464473538
1970-02-01 03:00:44.194868752,3,6,1,2,1,0,0,0,1,0.7071067811865475,0.7071067811865476,-0.7818314824680299,0.6234898018587334,0.0
1970-02-01 03:02:34.215905239,3,6,1,2,1,0,0,0,1,0.7071067811865475,0.7071067811865476,-0.7818314824680299,0.6234898018587334,0.036240855633212304
1970-02-01 03:04:24.236941726,3,6,1,2,1,0,0,0,1,0.7071067811865475,0.7071067811865476,-0.7818314824680299,0.6234898018587334,0.02600315580130999
1970-02-01 03:06:14.257978213,3,6,1,2,1,0,0,0,1,0.7071067811865475,0.7071067811865476,-0.7818314824680299,0.6234898018587334,0.016856705081861507
1970-02-01 03:08:04.279014700,3,6,1,2,1,0,0,0,1,0.7071067811865475,0.7071067811865476,-0.7818314824680299,0.6234898018587334,0.032875325893412286
1970-02-01 03:09:54.300051187,3,6,1,2,1,0,0,0,1,0.7071067811865475,0.7071067811865476,-0.7818314824680299,0.6234898018587334,0.01688872972649417
1970-02-01 03:11:44.321087674,3,6,1,2,1,0,0,0,1,0.7071067811865475,0.7071067811865476,-0.7818314824680299,0.6234898018587334,0.009528804087257692
1970-02-01 03:13:34.342124161,3,6,1,2,1,0,0,0,1,0.7071067811865475,0.7071067811865476,-0.7818314824680299,0.6234898018587334,0.016454788931113816
1970-02-01 03:15:24.363160648,3,6,1,2,1,0,0,0,1,0.7071067811865475,0.7071067811865476,-0.7818314824680299,0.6234898018587334,0.0021998950068579833
1970-02-01 03:17:14.384197135,3,6,1,2,1,0,0,0,1,0.7071067811865475,0.7071067811865476,-0.7818314824680299,0.6234898018587334,0.0073333590472613504
1970-02-01 03:19:04.405233622,3,6,1,2,1,0,0,0,1,0.7071067811865475,0.7071067811865476,-0.7818314824680299,0.6234898018587334,0.011909813878457378
1970-02-01 03:20:54.426270109,3,6,1,2,1,0,0,0,1,0.7071067811865475,0.7071067811865476,-0.7818314824680299,0.6234898018587334,0.006728717816029322
1970-02-01 03:22:44.447306596,3,6,1,2,1,0,0,0,1,0.7071067811865475,0.7071067811865476,-0.7818314824680299,0.6234898018587334,0.028594310247137093
1970-02-01 03:24:34.468343083,3,6,1,2,1,0,0,0,1,0.7071067811865475,0.7071067811865476,-0.7818314824680299,0.6234898018587334,0.026231293199386163
1970-02-01 03:26:24.489379570,3,6,1,2,1,0,0,0,1,0.7071067811865475,0.7071067811865476,-0.7818314824680299,0.6234898018587334,0.03819368405819272
1970-02-01 03:28:14.510416057,3,6,1,2,1,0,0,0,1,0.7071067811865475,0.7071067811865476,-0.7818314824680299,0.6234898018587334,0.016586329066574694
1970-02-01 03:30:04.531452544,3,6,1,2,1,0,0,0,1,0.7071067811865475,0.7071067811865476,-0.7818314824680299,0.6234898018587334,0.012390735460913693
1970-02-01 03:31:54.552489031,3,6,1,2,1,0,0,0,1,0.7071067811865475,0.7071067811865476,-0.7818314824680299,0.6234898018587334,0.01758351797211928
1970-02-01 03:33:44.573525518,3,6,1,2,1,0,0,0,1,0.7071067811865475,0.7071067811865476,-0.7818314824680299,0.6234898018587334,0.030107317564727586
1970-02-01 03:35:34.594562005,3,6,1,2,1,0,0,0,1,0.7071067811865475,0.7071067811865476,-0.7818314824680299,0.6234898018587334,0.013600413868346388
1970-02-01 03:37:24.615598492,3,6,1,2,1,0,0,0,1,0.7071067811865475,0.7071067811865476,-0.7818314824680299,0.6234898018587334,0.007337733617332656
1970-02-01 03:39:14.636634979,3,6,1,2,1,0,0,0,1,0.7071067811865475,0.7071067811865476,-0.7818314824680299,0.6234898018587334,0.018037021769401248
1970-02-01 03:41:04.657671466,3,6,1,2,1,0,0,0,1,0.7071067811865475,0.7071067811865476,-0.7818314824680299,0.6234898018587334,0.010478572979941304
1970-02-01 03:42:54.678707953,3,6,1,2,1,0,0,0,1,0.7071067811865475,0.7071067811865476,-0.7818314824680299,0.6234898018587334,0.003415915834277281
1970-02-01 03:44:44.699744440,3,6,1,2,1,0,0,0,1,0.7071067811865475,0.7071067811865476,-0.7818314824680299,0.6234898018587334,0.0
1970-02-01 03:46:34.720780927,3,6,1,2,1,0,0,0,1,0.7071067811865475,0.7071067811865476,-0.7818314824680299,0.6234898018587334,0.01760125731227777
1970-02-01 03:48:24.741817414,3,6,1,2,1,0,0,0,1,0.7071067811865475,0.7071067811865476,-0.7818314824680299,0.6234898018587334,0.011017232581897844
1970-02-01 03:50:14.762853901,3,6,1,2,1,0,0,0,1,0.7071067811865475,0.7071067811865476,-0.7818314824680299,0.6234898018587334,0.003627310482032426
1970-02-01 03:52:04.783890388,3,6,1,2,1,0,0,0,1,0.7071067811865475,0.7071067811865476,-0.7818314824680299,0.6234898018587334,0.016726004121650824
1970-02-01 03:53:54.804926875,3,6,1,2,1,0,0,0,1,0.7071067811865475,0.7071067811865476,-0.7818314824680299,0.6234898018587334,0.030087446283917102
1970-02-01 03:55:44.825963362,3,6,1,2,1,0,0,0,1,0.7071067811865475,0.7071067811865476,-0.7818314824680299,0.6234898018587334,0.03699201430890245
1970-02-01 03:57:34.846999849,3,6,1,2,1,0,0,0,1,0.7071067811865475,0.7071067811865476,-0.7818314824680299,0.6234898018587334,0.015523708331068913
1970-02-01 03:59:24.868036336,3,6,1,2,1,0,0,0,1,0.7071067811865475,0.7071067811865476,-0.7818314824680299,0.6234898018587334,0.0
1970-02-01 04:01:14.889072823,4,6,1,2,1,0,0,0,1,0.8660254037844386,0.5000000000000001,-0.7818314824680299,0.6234898018587334,0.014216439072327882
1970-02-01 04:03:04.910109310,4,6,1,2,1,0,0,0,1,0.8660254037844386,0.5000000000000001,-0.7818314824680299,0.6234898018587334,0.018035991501896498
1970-02-01 04:04:54.931145797,4,6,1,2,1,0,0,0,1,0.8660254037844386,0.5000000000000001,-0.7818314824680299,0.6234898018587334,0.021388688701452073
1970-02-01 04:06:44.952182284,4,6,1,2,1,0,0,0,1,0.8660254037844386,0.5000000000000001,-0.7818314824680299,0.6234898018587334,0.007522937282018412
1970-02-01 04:08:34.973218771,4,6,1,2,1,0,0,0,1,0.8660254037844386,0.5000000000000001,-0.7818314824680299,0.6234898018587334,0.021048193302417452
1970-02-01 04:10:24.994255258,4,6,1,2,1,0,0,0,1,0.8660254037844386,0.5000000000000001,-0.7818314824680299,0.6234898018587334,0.0
1970-02-01 04:12:15.015291745,4,6,1,2,1,0,0,0,1,0.8660254037844386,0.5000000000000001,-0.7818314824680299,0.6234898018587334,0.005134373077704445
1970-02-01 04:14:05.036328232,4,6,1,2,1,0,0,0,1,0.8660254037844386,0.5000000000000001,-0.7818314824680299,0.6234898018587334,0.018484571314631215
1970-02-01 04:15:55.057364719,4,6,1,2,1,0,0,0,1,0.8660254037844386,0.5000000000000001,-0.7818314824680299,0.6234898018587334,0.021568699672413528
1970-02-01 04:17:45.078401206,4,6,1,2,1,0,0,0,1,0.8660254037844386,0.5000000000000001,-0.7818314824680299,0.6234898018587334,0.0
1970-02-01 04:19:35.099437693,4,6,1,2,1,0,0,0,1,0.8660254037844386,0.5000000000000001,-0.7818314824680299,0.6234898018587334,0.020241438041749864
1970-02-01 04:21:25.120474180,4,6,1,2,1,0,0,0,1,0.8660254037844386,0.5000000000000001,-0.7818314824680299,0.6234898018587334,0.02185419448178972
1970-02-01 04:23:15.141510667,4,6,1,2,1,0,0,0,1,0.8660254037844386,0.5000000000000001,-0.7818314824680299,0.6234898018587334,0.018896847007484
1970-02-01 04:25:05.162547154,4,6,1,2,1,0,0,0,1,0.8660254037844386,0.5000000000000001,-0.7818314824680299,0.6234898018587334,0.0348120970531157
1970-02-01 04:26:55.183583641,4,6,1,2,1,0,0,0,1,0.8660254037844386,0.5000000000000001,-0.7818314824680299,0.6234898018587334,0.027702621463062967
1970-02-01 04:28:45.204620128,4,6,1,2,1,0,0,0,1,0.8660254037844386,0.5000000000000001,-0.7818314824680299,0.6234898018587334,0.005988465372392679
1970-02-01 04:30:35.225656615,4,6,1,2,1,0,0,0,1,0.8660254037844386,0.5000000000000001,-0.7818314824680299,0.6234898018587334,0.02424036533935051
1970-02-01 04:32:25.246693102,4,6,1,2,1,0,0,0,1,0.8660254037844386,0.5000000000000001,-0.7818314824680299,0.6234898018587334,0.0
1970-02-01 04:34:15.267729589,4,6,1,2,1,0,0,0,1,0.8660254037844386,0.5000000000000001,-0.7818314824680299,0.6234898018587334,0.02014325798626646
1970-02-01 04:36:05.288766076,4,6,1,2,1,0,0,0,1,0.8660254037844386,0.5000000000000001,-0.7818314824680299,0.6234898018587334,0.02602114998590903
1970-02-01 04:37:55.309802563,4,6,1,2,1,0,0,0,1,0.8660254037844386,0.5000000000000001,-0.7818314824680299,0.6234898018587334,0.031375163651093996
1970-02-01 04:39:45.330839050,4,6,1,2,1,0,0,0,1,0.8660254037844386,0.5000000000000001,-0.7818314824680299,0.6234898018587334,0.0
1970-02-01 04:41:35.351875537,4,6,1,2,1,0,0,0,1,0.8660254037844386,0.5000000000000001,-0.7818314824680299,0.6234898018587334,0.010454474804514242
1970-02-01 04:43:25.372912024,4,6,1,2,1,0,0,0,1,0.8660254037844386,0.5000000000000001,-0.7818314824680299,0.6234898018587334,0.026249641651251886
1970-02-01 04:45:15.393948511,4,6,1,2,1,0,0,0,1,0.8660254037844386,0.5000000000000001,-0.7818314824680299,0.6234898018587334,0.00787672157920392
1970-02-01 04:47:05.414984998,4,6,1,2,1,0,0,0,1,0.8660254037844386,0.5000000000000001,-0.7818314824680299,0.6234898018587334,0.01363595311879824
1970-02-01 04:48:55.436021485,4,6,1,2,1,0,0,0,1,0.8660254037844386,0.5000000000000001,-0.7818314824680299,0.6234898018587334,0.0191109896198575
1970-02-01 04:50:45.457057972,4,6,1,2,1,0,0,0,1,0.8660254037844386,0.5000000000000001,-0.7818314824680299,0.6234898018587334,0.015200403531393968
1970-02-01 04:52:35.478094459,4,6,1,2,1,0,0,0,1,0.8660254037844386,0.5000000000000001,-0.7818314824680299,0.6234898018587334,0.008864172780106452
1970-02-01 04:54:25.499130946,4,6,1,2,1,0,0,0,1,0.8660254037844386,0.5000000000000001,-0.7818314824680299,0.6234898018587334,0.020200638892364536
1970-02-01 04:56:15.520167433,4,6,1,2,1,0,0,0,1,0.8660254037844386,0.5000000000000001,-0.7818314824680299,0.6234898018587334,0.039952858449829654
1970-02-01 04:58:05.541203920,4,6,1,2,1,0,0,0,1,0.8660254037844386,0.5000000000000001,-0.7818314824680299,0.6234898018587334,0.02426413751179316
1970-02-01 04:59:55.562240407,4,6,1,2,1,0,0,0,1,0.8660254037844386,0.5000000000000001,-0.7818314824680299,0.6234898018587334,0.014415182285461391
1970-02-01 05:01:45.583276894,5,6,1,2,1,1,0,0,0,0.9659258262890683,0.25881904510252074,-0.7818314824680299,0.6234898018587334,0.020647349813461474
1970-02-01 05:03:35.604313381,5,6,1,2,1,1,0,0,0,0.9659258262890683,0.25881904510252074,-0.7818314824680299,0.6234898018587334,0.04732655388402795
1970-02-01 05:05:25.625349868,5,6,1,2,1,1,0,0,0,0.9659258262890683,0.25881904510252074,-0.7818314824680299,0.6234898018587334,0.01462873836281157
1970-02-01 05:07:15.646386355,5,6,1,2,1,1,0,0,0,0.9659258262890683,0.25881904510252074,-0.7818314824680299,0.6234898018587334,0.007734379919553409
1970-02-01 05:09:05.667422842,5,6,1,2,1,1,0,0,0,0.9659258262890683,0.25881904510252074,-0.7818314824680299,0.6234898018587334,0.03123575306852442
1970-02-01 05:10:55.688459329,5,6,1,2,1,1,0,0,0,0.9659258262890683,0.25881904510252074,-0.7818314824680299,0.6234898018587334,0.0
1970-02-01 05:12:45.709495816,5,6,1,2,1,1,0,0,0,0.9659258262890683,0.25881904510252074,-0.7818314824680299,0.6234898018587334,0.03715943096858001
1970-02-01 05:14:35.730532303,5,6,1,2,1,1,0,0,0,0.9659258262890683,0.25881904510252074,-0.7818314824680299,0.6234898018587334,0.008881806278211482
1970-02-01 05:16:25.751568790,5,6,1,2,1,1,0,0,0,0.9659258262890683,0.25881904510252074,-0.7818314824680299,0.6234898018587334,0.024325150615923555
1970-02-01 05:18:15.772605277,5,6,1,2,1,1,0,0,0,0.9659258262890683,0.25881904510252074,-0.7818314824680299,0.6234898018587334,0.03232698097234518
1970-02-01 05:20:05.793641764,5,6,1,2,1,1,0,0,0,0.9659258262890683,0.25881904510252074,-0.7818314824680299,0.6234898018587334,0.02136021575751012
1970-02-01 05:21:55.814678251,5,6,1,2,1,1,0,0,0,0.9659258262890683,0.25881904510252074,-0.7818314824680299,0.6234898018587334,0.02381705959883175
1970-02-01 05:23:45.835714738,5,6,1,2,1,1,0,0,0,0.9659258262890683,0.25881904510252074,-0.7818314824680299,0.6234898018587334,0.017516939261202336
1970-02-01 05:25:35.856751225,5,6,1,2,1,1,0,0,0,0.9659258262890683,0.25881904510252074,-0.7818314824680299,0.6234898018587334,0.022969104816383746
1970-02-01 05:27:25.877787712,5,6,1,2,1,1,0,0,0,0.9659258262890683,0.25881904510252074,-0.7818314824680299,0.6234898018587334,0.0
1970-02-01 05:29:15.898824199,5,6,1,2,1,1,0,0,0,0.9659258262890683,0.25881904510252074,-0.7818314824680299,0.6234898018587334,0.005926745993207446
1970-02-01 05:31:05.919860686,5,6,1,2,1,1,0,0,0,0.9659258262890683,0.25881904510252074,-0.7818314824680299,0.6234898018587334,0.018856175594438966
1970-02-01 05:32:55.940897173,5,6,1,2,1,1,0,0,0,0.9659258262890683,0.25881904510252074,-0.7818314824680299,0.6234898018587334,0.02166412505171743
1970-02-01 05:34:45.961933660,5,6,1,2,1,1,0,0,0,0.9659258262890683,0.25881904510252074,-0.7818314824680299,0.6234898018587334,0.02094634569638571
1970-02-01 05:36:35.982970147,5,6,1,2,1,1,0,0,0,0.9659258262890683,0.25881904510252074,-0.7818314824680299,0.6234898018587334,0.02987932218855352
1970-02-01 05:38:26.004006634,5,6,1,2,1,1,0,0,0,0.9659258262890683,0.25881904510252074,-0.7818314824680299,0.6234898018587334,0.009837407886188056
1970-02-01 05:40:16.025043121,5,6,1,2,1,1,0,0,0,0.9659258262890683,0.25881904510252074,-0.7818314824680299,0.6234898018587334,0.01394700355708895
1970-02-01 05:42:06.046079608,5,6,1,2,1,1,0,0,0,0.9659258262890683,0.25881904510252074,-0.7818314824680299,0.6234898018587334,0.016473528074753174
1970-02-01 05:43:56.067116095,5,6,1,2,1,1,0,0,0,0.9659258262890683,0.25881904510252074,-0.7818314824680299,0.6234898018587334,0.020032255641368787
1970-02-01 05:45:46.088152582,5,6,1,2,1,1,0,0,0,0.9659258262890683,0.25881904510252074,-0.7818314824680299,0.6234898018587334,0.026861344384416584
1970-02-01 05:47:36.109189069,5,6,1,2,1,1,0,0,0,0.9659258262890683,0.25881904510252074,-0.7818314824680299,0.6234898018587334,0.027693145307275194
1970-02-01 05:49:26.130225556,5,6,1,2,1,1,0,0,0,0.9659258262890683,0.25881904510252074,-0.7818314824680299,0.6234898018587334,0.011672824098296848
1970-02-01 05:51:16.151262043,5,6,1,2,1,1,0,0,0,0.9659258262890683,0.25881904510252074,-0.7818314824680299,0.6234898018587334,0.0
1970-02-01 05:53:06.172298530,5,6,1,2,1,1,0,0,0,0.9659258262890683,0.25881904510252074,-0.7818314824680299,0.6234898018587334,0.004434938606665538
1970-02-01 05:54:56.193335017,5,6,1,2,1,1,0,0,0,0.9659258262890683,0.25881904510252074,-0.7818314824680299,0.6234898018587334,0.0
1970-02-01 05:56:46.214371504,5,6,1,2,1,1,0,0,0,0.9659258262890683,0.25881904510252074,-0.7818314824680299,0.6234898018587334,0.0
1970-02-01 05:58:36.235407991,5,6,1,2,1,1,0,0,0,0.9659258262890683,0.25881904510252074,-0.7818314824680299,0.6234898018587334,0.012383298863845864
1970-02-01 06:00:26.256444478,6,6,1,2,1,1,0,0,0,1.0,6.123233995736766e-17,-0.7818314824680299,0.6234898018587334,0.014492082713362404
1970-02-01 06:02:16.277480965,6,6,1,2,1,1,0,0,0,1.0,6.123233995736766e-17,-0.7818314824680299,0.6234898018587334,0.01418202159482437
1970-02-01 06:04:06.298517452,6,6,1,2,1,1,0,0,0,1.0,6.123233995736766e-17,-0.7818314824680299,0.6234898018587334,0.020147164580456678
1970-02-01 06:05:56.319553939,6,6,1,2,1,1,0,0,0,1.0,6.123233995736766e-17,-0.7818314824680299,0.6234898018587334,0.026765805971811017
1970-02-01 06:07:46.340590426,6,6,1,2,1,1,0,0,0,1.0,6.123233995736766e-17,-0.7818314824680299,0.6234898018587334,0.02705820568846027
1970-02-01 06:09:36.361626913,6,6,1,2,1,1,0,0,0,1.0,6.123233995736766e-17,-0.7818314824680299,0.6234898018587334,0.030340431672010445
1970-02-01 06:11:26.382663400,6,6,1,2,1,1,0,0,0,1.0,6.123233995736766e-17,-0.7818314824680299,0.6234898018587334,0.01430206693944725
1970-02-01 06:13:16.403699887,6,6,1,2,1,1,0,0,0,1.0,6.123233995736766e-17,-0.7818314824680299,0.6234898018587334,0.0080338968491276
1970-02-01 06:15:06.424736374,6,6,1,2,1,1,0,0,0,1.0,6.123233995736766e-17,-0.7818314824680299,0.6234898018587334,0.005370186217481036
1970-02-01 06:16:56.445772861,6,6,1,2,1,1,0,0,0,1.0,6.123233995736766e-17,-0.7818314824680299,0.6234898018587334,0.0007194976375645562
1970-02-01 06:18:46.466809348,6,6,1,2,1,1,0,0,0,1.0,6.123233995736766e-17,-0.7818314824680299,0.6234898018587334,0.004555599965538344
1970-02-01 06:20:36.487845835,6,6,1,2,1,1,0,0,0,1.0,6.123233995736766e-17,-0.7818314824680299,0.6234898018587334,0.0
1970-02-01 06:22:26.508882322,6,6,1,2,1,1,0,0,0,1.0,6.123233995736766e-17,-0.7818314824680299,0.6234898018587334,0.0
1970-02-01 06:24:16.529918809,6,6,1,2,1,1,0,0,0,1.0,6.123233995736766e-17,-0.7818314824680299,0.6234898018587334,0.006155128992935913
1970-02-01 06:26:06.550955296,6,6,1,2,1,1,0,0,0,1.0,6.123233995736766e-17,-0.7818314824680299,0.6234898018587334,0.009110755756736644
1970-02-01 06:27:56.571991783,6,6,1,2,1,1,0,0,0,1.0,6.123233995736766e-17,-0.7818314824680299,0.6234898018587334,0.012136110024533119
1970-02-01 06:29:46.593028270,6,6,1,2,1,1,0,0,0,1.0,6.123233995736766e-17,-0.7818314824680299,0.6234898018587334,0.0164916153600283
1970-02-01 06:31:36.614064757,6,6,1,2,1,1,0,0,0,1.0,6.123233995736766e-17,-0.7818314824680299,0.6234898018587334,0.030405935454039638
1970-02-01 06:33:26.635101244,6,6,1,2,1,1,0,0,0,1.0,6.123233995736766e-17,-0.7818314824680299,0.6234898018587334,0.01731997724612981
1970-02-01 06:35:16.656137731,6,6,1,2,1,1,0,0,0,1.0,6.123233995736766e-17,-0.7818314824680299,0.6234898018587334,0.0012356671791218347
1970-02-01 06:37:06.677174218,6,6,1,2,1,1,0,0,0,1.0,6.123233995736766e-17,-0.7818314824680299,0.6234898018587334,0.0
1970-02-01 06:38:56.698210705,6,6,1,2,1,1,0,0,0,1.0,6.123233995736766e-17,-0.7818314824680299,0.6234898018587334,0.02464163402382916
1970-02-01 06:40:46.719247192,6,6,1,2,1,1,0,0,0,1.0,6.123233995736766e-17,-0.7818314824680299,0.6234898018587334,0.018831151420012366
1970-02-01 06:42:36.740283679,6,6,1,2,1,1,0,0,0,1.0,6.123233995736766e-17,-0.7818314824680299,0.6234898018587334,0.0
1970-02-01 06:44:26.761320166,6,6,1,2,1,1,0,0,0,1.0,6.123233995736766e-17,-0.7818314824680299,0.6234898018587334,0.01999818224029827
1970-02-01 06:46:16.782356653,6,6,1,2,1,1,0,0,0,1.0,6.123233995736766e-17,-0.7818314824680299,0.6234898018587334,0.022848741148744512
1970-02-01 06:48:06.803393140,6,6,1,2,1,1,0,0,0,1.0,6.123233995736766e-17,-0.7818314824680299,0.6234898018587334,0.00390154371245471
1970-02-01 06:49:56.824429627,6,6,1,2,1,1,0,0,0,1.0,6.123233995736766e-17,-0.7818314824680299,0.6234898018587334,0.0201681660985911
1970-02-01 06:51:46.845466114,6,6,1,2,1,1,0,0,0,1.0,6.123233995736766e-17,-0.7818314824680299,0.6234898018587334,0.0027998137315111363
1970-02-01 06:53:36.866502601,6,6,1,2,1,1,0,0,0,1.0,6.123233995736766e-17,-0.7818314824680299,0.6234898018587334,0.018791414517608684
1970-02-01 06:55:26.887539088,6,6,1,2,1,1,0,0,0,1.0,6.123233995736766e-17,-0.7818314824680299,0.6234898018587334,0.014422045112079488
1970-02-01 06:57:16.908575575,6,6,1,2,1,1,0,0,0,1.0,6.123233995736766e-17,-0.7818314824680299,0.6234898018587334,0.01406469967588605
1970-02-01 06:59:06.929612062,6,6,1,2,1,1,0,0,0,1.0,6.123233995736766e-17,-0.7818314824680299,0.6234898018587334,0.014935808604007937
1970-02-01 07:00:56.950648549,7,6,1,2,1,1,0,0,0,0.9659258262890683,-0.25881904510252063,-0.7818314824680299,0.6234898018587334,0.014440496276921042
1970-02-01 07:02:46.971685036,7,6,1,2,1,1,0,0,0,0.9659258262890683,-0.25881904510252063,-0.7818314824680299,0.6234898018587334,0.015581609524680249
1970-02-01 07:04:36.992721523,7,6,1,2,1,1,0,0,0,0.9659258262890683,-0.25881904510252063,-0.7818314824680299,0.6234898018587334,0.013611380258923039
1970-02-01 07:06:27.013758010,7,6,1,2,1,1,0,0,0,0.9659258262890683,-0.25881904510252063,-0.7818314824680299,0.6234898018587334,0.01048644239394686
1970-02-01 07:08:17.034794497,7,6,1,2,1,1,0,0,0,0.9659258262890683,-0.25881904510252063,-0.7818314824680299,0.6234898018587334,0.007226361429882981
1970-02-01 07:10:07.055830984,7,6,1,2,1,1,0,0,0,0.9659258262890683,-0.25881904510252063,-0.7818314824680299,0.6234898018587334,0.0026916259272468015
1970-02-01 07:11:57.076867471,7,6,1,2,1,1,0,0,0,0.9659258262890683,-0.25881904510252063,-0.7818314824680299,0.6234898018587334,0.018952108313283124
1970-02-01 07:13:47.097903958,7,6,1,2,1,1,0,0,0,0.9659258262890683,-0.25881904510252063,-0.7818314824680299,0.6234898018587334,0.0002589570250303135
1970-02-01 07:15:37.118940445,7,6,1,2,1,1,0,0,0,0.9659258262890683,-0.25881904510252063,-0.7818314824680299,0.6234898018587334,0.01753623233031492
1970-02-01 07:17:27.139976932,7,6,1,2,1,1,0,0,0,0.9659258262890683,-0.25881904510252063,-0.7818314824680299,0.6234898018587334,0.014460199299714378
1970-02-01 07:19:17.161013419,7,6,1,2,1,1,0,0,0,0.9659258262890683,-0.25881904510252063,-0.7818314824680299,0.6234898018587334,0.03158619709805373
1970-02-01 07:21:07.182049906,7,6,1,2,1,1,0,0,0,0.9659258262890683,-0.25881904510252063,-0.7818314824680299,0.6234898018587334,0.012632402167254118
1970-02-01 07:22:57.203086393,7,6,1,2,1,1,0,0,0,0.9659258262890683,-0.25881904510252063,-0.7818314824680299,0.6234898018587334,0.01514348784277611
1970-02-01 07:24:47.224122880,7,6,1,2,1,1,0,0,0,0.9659258262890683,-0.25881904510252063,-0.7818314824680299,0.6234898018587334,0.015713659422379265
