time_dt,hour_of_day,day_of_week,day_of_month,month,is_weekend,day_part_morning,day_part_afternoon,day_part_evening,day_part_night,hour_sin,hour_cos,day_sin,day_cos,average_usage_memory
1970-02-01 00:06:32.196402487,0,6,1,2,1,0,0,0,1,0.0,1.0,-0.7818314824680299,0.6234898018587334,0.003262828664074601
1970-02-01 00:08:22.217438974,0,6,1,2,1,0,0,0,1,0.0,1.0,-0.7818314824680299,0.6234898018587334,0.0
1970-02-01 00:10:12.238475461,0,6,1,2,1,0,0,0,1,0.0,1.0,-0.7818314824680299,0.6234898018587334,0.014481723767138775
1970-02-01 00:12:02.259511948,0,6,1,2,1,0,0,0,1,0.0,1.0,-0.7818314824680299,0.6234898018587334,0.005354712581811916
1970-02-01 00:13:52.280548435,0,6,1,2,1,0,0,0,1,0.0,1.0,-0.7818314824680299,0.6234898018587334,0.01143176716931287
1970-02-01 00:15:42.301584922,0,6,1,2,1,0,0,0,1,0.0,1.0,-0.7818314824680299,0.6234898018587334,0.010806472561985539
1970-02-01 00:17:32.322621409,0,6,1,2,1,0,0,0,1,0.0,1.0,-0.7818314824680299,0.6234898018587334,0.004545387673066902
1970-02-01 00:19:22.343657896,0,6,1,2,1,0,0,0,1,0.0,1.0,-0.7818314824680299,0.6234898018587334,0.005779162506627188
1970-02-01 00:21:12.364694383,0,6,1,2,1,0,0,0,1,0.0,1.0,-0.7818314824680299,0.6234898018587334,0.0
1970-02-01 00:23:02.385730870,0,6,1,2,1,0,0,0,1,0.0,1.0,-0.7818314824680299,0.6234898018587334,0.008058427244700777
1970-02-01 00:24:52.406767357,0,6,1,2,1,0,0,0,1,0.0,1.0,-0.7818314824680299,0.6234898018587334,0.0007028654404358046
1970-02-01 00:26:42.427803844,0,6,1,2,1,0,0,0,1,0.0,1.0,-0.7818314824680299,0.6234898018587334,0.0077748752697361185
1970-02-01 00:28:32.448840331,0,6,1,2,1,0,0,0,1,0.0,1.0,-0.7818314824680299,0.6234898018587334,0.00500702935713793
1970-02-01 00:30:22.469876818,0,6,1,2,1,0,0,0,1,0.0,1.0,-0.7818314824680299,0.6234898018587334,0.005539156497794621
1970-02-01 00:32:12.490913305,0,6,1,2,1,0,0,0,1,0.0,1.0,-0.7818314824680299,0.6234898018587334,0.005059313141392181
1970-02-01 00:34:02.511949792,0,6,1,2,1,0,0,0,1,0.0,1.0,-0.7818314824680299,0.6234898018587334,0.0
1970-02-01 00:35:52.532986279,0,6,1,2,1,0,0,0,1,0.0,1.0,-0.7818314824680299,0.6234898018587334,0.0
1970-02-01 00:37:42.554022766,0,6,1,2,1,0,0,0,1,0.0,1.0,-0.7818314824680299,0.6234898018587334,0.007559193104973904
1970-02-01 00:39:32.575059253,0,6,1,2,1,0,0,0,1,0.0,1.0,-0.7818314824680299,0.6234898018587334,0.004197147053275348
1970-02-01 00:41:22.596095740,0,6,1,2,1,0,0,0,1,0.0,1.0,-0.7818314824680299,0.6234898018587334,0.010832700531739115
1970-02-01 00:43:12.617132227,0,6,1,2,1,0,0,0,1,0.0,1.0,-0.7818314824680299,0.6234898018587334,0.0
1970-02-01 00:45:02.638168714,0,6,1,2,1,0,0,0,1,0.0,1.0,-0.7818314824680299,0.6234898018587334,0.006620582373358184
1970-02-01 00:46:52.659205201,0,6,1,2,1,0,0,0,1,0.0,1.0,-0.7818314824680299,0.6234898018587334,0.0019960530549772114
1970-02-01 00:48:42.680241688,0,6,1,2,1,0,0,0,1,0.0,1.0,-0.7818314824680299,0.6234898018587334,0.01497926375690303
1970-02-01 00:50:32.701278175,0,6,1,2,1,0,0,0,1,0.0,1.0,-0.7818314824680299,0.6234898018587334,0.0020733373494210812
1970-02-01 00:52:22.722314662,0,6,1,2,1,0,0,0,1,0.0,1.0,-0.7818314824680299,0.6234898018587334,0.007526580286662563
1970-02-01 00:54:12.743351149,0,6,1,2,1,0,0,0,1,0.0,1.0,-0.7818314824680299,0.6234898018587334,0.0012634880505419145
1970-02-01 00:56:02.764387636,0,6,1,2,1,0,0,0,1,0.0,1.0,-0.7818314824680299,0.6234898018587334,0.0012738425623030807
1970-02-01 00:57:52.785424123,0,6,1,2,1,0,0,0,1,0.0,1.0,-0.7818314824680299,0.6234898018587334,0.003090535457245039
1970-02-01 00:59:42.806460610,0,6,1,2,1,0,0,0,1,0.0,1.0,-0.7818314824680299,0.6234898018587334,0.0069227299863601505
1970-02-01 01:01:32.827497097,1,6,1,2,1,0,0,0,1,0.25881904510252074,0.9659258262890683,-0.7818314824680299,0.6234898018587334,0.008490778996986541
1970-02-01 01:03:22.848533584,1,6,1,2,1,0,0,0,1,0.25881904510252074,0.9659258262890683,-0.7818314824680299,0.6234898018587334,0.011232196784380385
1970-02-01 01:05:12.869570071,1,6,1,2,1,0,0,0,1,0.25881904510252074,0.9659258262890683,-0.7818314824680299,0.6234898018587334,0.0032424544729811417
1970-02-01 01:07:02.890606558,1,6,1,2,1,0,0,0,1,0.25881904510252074,0.9659258262890683,-0.7818314824680299,0.6234898018587334,0.011917090661239332
1970-02-01 01:08:52.911643045,1,6,1,2,1,0,0,0,1,0.25881904510252074,0.9659258262890683,-0.7818314824680299,0.6234898018587334,0.0
1970-02-01 01:10:42.932679532,1,6,1,2,1,0,0,0,1,0.25881904510252074,0.9659258262890683,-0.7818314824680299,0.6234898018587334,0.0027070721004377454
1970-02-01 01:12:32.953716019,1,6,1,2,1,0,0,0,1,0.25881904510252074,0.9659258262890683,-0.7818314824680299,0.6234898018587334,0.0017921048282783176
1970-02-01 01:14:22.974752506,1,6,1,2,1,0,0,0,1,0.25881904510252074,0.9659258262890683,-0.7818314824680299,0.6234898018587334,0.008300497151714742
1970-02-01 01:16:12.995788993,1,6,1,2,1,0,0,0,1,0.25881904510252074,0.9659258262890683,-0.7818314824680299,0.6234898018587334,0.011938159358283282
1970-02-01 01:18:03.016825480,1,6,1,2,1,0,0,0,1,0.25881904510252074,0.9659258262890683,-0.7818314824680299,0.6234898018587334,0.00855220307494199
1970-02-01 01:19:53.037861967,1,6,1,2,1,0,0,0,1,0.25881904510252074,0.9659258262890683,-0.7818314824680299,0.6234898018587334,0.017027075400170764
1970-02-01 01:21:43.058898454,1,6,1,2,1,0,0,0,1,0.25881904510252074,0.9659258262890683,-0.7818314824680299,0.6234898018587334,0.01711239934701966
1970-02-01 01:23:33.079934941,1,6,1,2,1,0,0,0,1,0.25881904510252074,0.9659258262890683,-0.7818314824680299,0.6234898018587334,0.011871834205466725
1970-02-01 01:25:23.100971428,1,6,1,2,1,0,0,0,1,0.25881904510252074,0.9659258262890683,-0.7818314824680299,0.6234898018587334,0.014645525435577646
1970-02-01 01:27:13.122007915,1,6,1,2,1,0,0,0,1,0.25881904510252074,0.9659258262890683,-0.7818314824680299,0.6234898018587334,0.020988149107054543
1970-02-01 01:29:03.143044402,1,6,1,2,1,0,0,0,1,0.25881904510252074,0.9659258262890683,-0.7818314824680299,0.6234898018587334,0.011895515258171976
1970-02-01 01:30:53.164080889,1,6,1,2,1,0,0,0,1,0.25881904510252074,0.9659258262890683,-0.7818314824680299,0.6234898018587334,0.008466920134292066
1970-02-01 01:32:43.185117376,1,6,1,2,1,0,0,0,1,0.25881904510252074,0.9659258262890683,-0.7818314824680299,0.6234898018587334,0.013946278354251775
1970-02-01 01:34:33.206153863,1,6,1,2,1,0,0,0,1,0.25881904510252074,0.9659258262890683,-0.7818314824680299,0.6234898018587334,0.004379958089530267
1970-02-01 01:36:23.227190350,1,6,1,2,1,0,0,0,1,0.25881904510252074,0.9659258262890683,-0.7818314824680299,0.6234898018587334,0.006118915575343868
1970-02-01 01:38:13.248226837,1,6,1,2,1,0,0,0,1,0.25881904510252074,0.9659258262890683,-0.7818314824680299,0.6234898018587334,0.0
1970-02-01 01:40:03.269263324,1,6,1,2,1,0,0,0,1,0.25881904510252074,0.9659258262890683,-0.7818314824680299,0.6234898018587334,0.011469137841757907
1970-02-01 01:41:53.290299811,1,6,1,2,1,0,0,0,1,0.25881904510252074,0.9659258262890683,-0.7818314824680299,0.6234898018587334,0.011737475805956668
1970-02-01 01:43:43.311336298,1,6,1,2,1,0,0,0,1,0.25881904510252074,0.9659258262890683,-0.7818314824680299,0.6234898018587334,0.00998039892614647
1970-02-01 01:45:33.332372785,1,6,1,2,1,0,0,0,1,0.25881904510252074,0.9659258262890683,-0.7818314824680299,0.6234898018587334,0.018144445269359585
1970-02-01 01:47:23.353409272,1,6,1,2,1,0,0,0,1,0.25881904510252074,0.9659258262890683,-0.7818314824680299,0.6234898018587334,0.00955114930458833
1970-02-01 01:49:13.374445759,1,6,1,2,1,0,0,0,1,0.25881904510252074,0.9659258262890683,-0.7818314824680299,0.6234898018587334,0.017565132155011397
1970-02-01 01:51:03.395482246,1,6,1,2,1,0,0,0,1,0.25881904510252074,0.9659258262890683,-0.7818314824680299,0.6234898018587334,0.019665436917885963
1970-02-01 01:52:53.416518733,1,6,1,2,1,0,0,0,1,0.25881904510252074,0.9659258262890683,-0.7818314824680299,0.6234898018587334,0.011489955123882135
1970-02-01 01:54:43.437555220,1,6,1,2,1,0,0,0,1,0.25881904510252074,0.9659258262890683,-0.7818314824680299,0.6234898018587334,0.023353703343615504
1970-02-01 01:56:33.458591707,1,6,1,2,1,0,0,0,1,0.25881904510252074,0.9659258262890683,-0.7818314824680299,0.6234898018587334,0.007723422891809889
1970-02-01 01:58:23.479628194,1,6,1,2,1,0,0,0,1,0.25881904510252074,0.9659258262890683,-0.7818314824680299,0.6234898018587334,0.005137272345913033
1970-02-01 02:00:13.500664681,2,6,1,2,1,0,0,0,1,0.49999999999999994,0.8660254037844387,-0.7818314824680299,0.6234898018587334,0.009989179101283541
1970-02-01 02:02:03.521701168,2,6,1,2,1,0,0,0,1,0.49999999999999994,0.8660254037844387,-0.7818314824680299,0.6234898018587334,0.0009904529362142278
1970-02-01 02:03:53.542737655,2,6,1,2,1,0,0,0,1,0.49999999999999994,0.8660254037844387,-0.7818314824680299,0.6234898018587334,0.008166931406320355
1970-02-01 02:05:43.563774142,2,6,1,2,1,0,0,0,1,0.49999999999999994,0.8660254037844387,-0.7818314824680299,0.6234898018587334,0.008444569960610613
1970-02-01 02:07:33.584810629,2,6,1,2,1,0,0,0,1,0.49999999999999994,0.8660254037844387,-0.7818314824680299,0.6234898018587334,0.010241524668204171
1970-02-01 02:09:23.605847116,2,6,1,2,1,0,0,0,1,0.49999999999999994,0.8660254037844387,-0.7818314824680299,0.6234898018587334,0.0068486503593938085
1970-02-01 02:11:13.626883603,2,6,1,2,1,0,0,0,1,0.49999999999999994,0.8660254037844387,-0.7818314824680299,0.6234898018587334,0.006803443893119663
1970-02-01 02:13:03.647920090,2,6,1,2,1,0,0,0,1,0.49999999999999994,0.8660254037844387,-0.7818314824680299,0.6234898018587334,0.0206908507043315
1970-02-01 02:14:53.668956577,2,6,1,2,1,0,0,0,1,0.49999999999999994,0.8660254037844387,-0.7818314824680299,0.6234898018587334,0.014335511121631459
1970-02-01 02:16:43.689993064,2,6,1,2,1,0,0,0,1,0.49999999999999994,0.8660254037844387,-0.7818314824680299,0.6234898018587334,0.02241948140599644
1970-02-01 02:18:33.711029551,2,6,1,2,1,0,0,0,1,0.49999999999999994,0.8660254037844387,-0.7818314824680299,0.6234898018587334,0.022625680438977704
1970-02-01 02:20:23.732066038,2,6,1,2,1,0,0,0,1,0.49999999999999994,0.8660254037844387,-0.7818314824680299,0.6234898018587334,0.01088792023627404
1970-02-01 02:22:13.753102525,2,6,1,2,1,0,0,0,1,0.49999999999999994,0.8660254037844387,-0.7818314824680299,0.6234898018587334,0.010656278952171909
1970-02-01 02:24:03.774139012,2,6,1,2,1,0,0,0,1,0.49999999999999994,0.8660254037844387,-0.7818314824680299,0.6234898018587334,0.002620020026987106
1970-02-01 02:25:53.795175499,2,6,1,2,1,0,0,0,1,0.49999999999999994,0.8660254037844387,-0.7818314824680299,0.6234898018587334,0.01509682650426084
1970-02-01 02:27:43.816211986,2,6,1,2,1,0,0,0,1,0.49999999999999994,0.8660254037844387,-0.7818314824680299,0.6234898018587334,0.004126044547413625
1970-02-01 02:29:33.837248473,2,6,1,2,1,0,0,0,1,0.49999999999999994,0.8660254037844387,-0.7818314824680299,0.6234898018587334,0.0011285024755289998
1970-02-01 02:31:23.858284960,2,6,1,2,1,0,0,0,1,0.49999999999999994,0.8660254037844387,-0.7818314824680299,0.6234898018587334,0.006180697575642888
1970-02-01 02:33:13.879321447,2,6,1,2,1,0,0,0,1,0.49999999999999994,0.8660254037844387,-0.7818314824680299,0.6234898018587334,0.002410327815529816
1970-02-01 02:35:03.900357934,2,6,1,2,1,0,0,0,1,0.49999999999999994,0.8660254037844387,-0.7818314824680299,0.6234898018587334,0.00944952854949301
1970-02-01 02:36:53.921394421,2,6,1,2,1,0,0,0,1,0.49999999999999994,0.8660254037844387,-0.7818314824680299,0.6234898018587334,0.0
1970-02-01 02:38:43.942430908,2,6,1,2,1,0,0,0,1,0.49999999999999994,0.8660254037844387,-0.7818314824680299,0.6234898018587334,0.005980291253783168
1970-02-01 02:40:33.963467395,2,6,1,2,1,0,0,0,1,0.49999999999999994,0.8660254037844387,-0.7818314824680299,0.6234898018587334,0.009497838649184574
1970-02-01 02:42:23.984503882,2,6,1,2,1,0,0,0,1,0.49999999999999994,0.8660254037844387,-0.7818314824680299,0.6234898018587334,0.002220761217558637
1970-02-01 02:44:14.005540369,2,6,1,2,1,0,0,0,1,0.49999999999999994,0.8660254037844387,-0.7818314824680299,0.6234898018587334,0.014197378483057093
1970-02-01 02:46:04.026576856,2,6,1,2,1,0,0,0,1,0.49999999999999994,0.8660254037844387,-0.7818314824680299,0.6234898018587334,0.009605171690970261
1970-02-01 02:47:54.047613343,2,6,1,2,1,0,0,0,1,0.49999999999999994,0.8660254037844387,-0.7818314824680299,0.6234898018587334,0.0014714041052794457
1970-02-01 02:49:44.068649830,2,6,1,2,1,0,0,0,1,0.49999999999999994,0.8660254037844387,-0.7818314824680299,0.6234898018587334,0.01520928466154238
1970-02-01 02:51:34.089686317,2,6,1,2,1,0,0,0,1,0.49999999999999994,0.8660254037844387,-0.7818314824680299,0.6234898018587334,0.0032148762232047747
1970-02-01 02:53:24.110722804,2,6,1,2,1,0,0,0,1,0.49999999999999994,0.8660254037844387,-0.7818314824680299,0.6234898018587334,0.004001987173149101
1970-02-01 02:55:14.131759291,2,6,1,2,1,0,0,0,1,0.49999999999999994,0.8660254037844387,-0.7818314824680299,0.6234898018587334,0.0023137070507292497
1970-02-01 02:57:04.152795778,2,6,1,2,1,0,0,0,1,0.49999999999999994,0.8660254037844387,-0.7818314824680299,0.6234898018587334,0.0
1970-02-01 02:58:54.173832265,2,6,1,2,1,0,0,0,1,0.49999999999999994,0.8660254037844387,-0.7818314824680299,0.6234898018587334,0.00788503183323045
1970-02-01 03:00:44.194868752,3,6,1,2,1,0,0,0,1,0.7071067811865475,0.7071067811865476,-0.7818314824680299,0.6234898018587334,0.012028949589022652
1970-02-01 03:02:34.215905239,3,6,1,2,1,0,0,0,1,0.7071067811865475,0.7071067811865476,-0.7818314824680299,0.6234898018587334,0.0
1970-02-01 03:04:24.236941726,3,6,1,2,1,0,0,0,1,0.7071067811865475,0.7071067811865476,-0.7818314824680299,0.6234898018587334,0.006947558007684419
1970-02-01 03:06:14.257978213,3,6,1,2,1,0,0,0,1,0.7071067811865475,0.7071067811865476,-0.7818314824680299,0.6234898018587334,0.012921738182436096
1970-02-01 03:08:04.279014700,3,6,1,2,1,0,0,0,1,0.7071067811865475,0.7071067811865476,-0.7818314824680299,0.6234898018587334,0.007655973937402968
1970-02-01 03:09:54.300051187,3,6,1,2,1,0,0,0,1,0.7071067811865475,0.7071067811865476,-0.7818314824680299,0.6234898018587334,0.012384353121043811
1970-02-01 03:11:44.321087674,3,6,1,2,1,0,0,0,1,0.7071067811865475,0.7071067811865476,-0.7818314824680299,0.6234898018587334,0.00017880928413499097
1970-02-01 03:13:34.342124161,3,6,1,2,1,0,0,0,1,0.7071067811865475,0.7071067811865476,-0.7818314824680299,0.6234898018587334,0.013742568636937857
1970-02-01 03:15:24.363160648,3,6,1,2,1,0,0,0,1,0.7071067811865475,0.7071067811865476,-0.7818314824680299,0.6234898018587334,0.020742687538852417
1970-02-01 03:17:14.384197135,3,6,1,2,1,0,0,0,1,0.7071067811865475,0.7071067811865476,-0.7818314824680299,0.6234898018587334,0.007211237721949407
1970-02-01 03:19:04.405233622,3,6,1,2,1,0,0,0,1,0.7071067811865475,0.7071067811865476,-0.7818314824680299,0.6234898018587334,0.001767604580327235
1970-02-01 03:20:54.426270109,3,6,1,2,1,0,0,0,1,0.7071067811865475,0.7071067811865476,-0.7818314824680299,0.6234898018587334,0.0034952801434563387
1970-02-01 03:22:44.447306596,3,6,1,2,1,0,0,0,1,0.7071067811865475,0.7071067811865476,-0.7818314824680299,0.6234898018587334,0.004740991243757632
1970-02-01 03:24:34.468343083,3,6,1,2,1,0,0,0,1,0.7071067811865475,0.7071067811865476,-0.7818314824680299,0.6234898018587334,0.007665172792799436
1970-02-01 03:26:24.489379570,3,6,1,2,1,0,0,0,1,0.7071067811865475,0.7071067811865476,-0.7818314824680299,0.6234898018587334,0.002095624624016284
1970-02-01 03:28:14.510416057,3,6,1,2,1,0,0,0,1,0.7071067811865475,0.7071067811865476,-0.7818314824680299,0.6234898018587334,0.010718398897521415
1970-02-01 03:30:04.531452544,3,6,1,2,1,0,0,0,1,0.7071067811865475,0.7071067811865476,-0.7818314824680299,0.6234898018587334,0.0
1970-02-01 03:31:54.552489031,3,6,1,2,1,0,0,0,1,0.7071067811865475,0.7071067811865476,-0.7818314824680299,0.6234898018587334,0.010723871941151947
1970-02-01 03:33:44.573525518,3,6,1,2,1,0,0,0,1,0.7071067811865475,0.7071067811865476,-0.7818314824680299,0.6234898018587334,0.013203879715518502
1970-02-01 03:35:34.594562005,3,6,1,2,1,0,0,0,1,0.7071067811865475,0.7071067811865476,-0.7818314824680299,0.6234898018587334,0.0106226903508365
1970-02-01 03:37:24.615598492,3,6,1,2,1,0,0,0,1,0.7071067811865475,0.7071067811865476,-0.7818314824680299,0.6234898018587334,0.010972992944687529
1970-02-01 03:39:14.636634979,3,6,1,2,1,0,0,0,1,0.7071067811865475,0.7071067811865476,-0.7818314824680299,0.6234898018587334,0.013215375257362928
1970-02-01 03:41:04.657671466,3,6,1,2,1,0,0,0,1,0.7071067811865475,0.7071067811865476,-0.7818314824680299,0.6234898018587334,0.015795874785573174
1970-02-01 03:42:54.678707953,3,6,1,2,1,0,0,0,1,0.7071067811865475,0.7071067811865476,-0.7818314824680299,0.6234898018587334,0.010482653851815814
1970-02-01 03:44:44.699744440,3,6,1,2,1,0,0,0,1,0.7071067811865475,0.7071067811865476,-0.7818314824680299,0.6234898018587334,0.015054450500361905
1970-02-01 03:46:34.720780927,3,6,1,2,1,0,0,0,1,0.7071067811865475,0.7071067811865476,-0.7818314824680299,0.6234898018587334,0.013583195368036127
1970-02-01 03:48:24.741817414,3,6,1,2,1,0,0,0,1,0.7071067811865475,0.7071067811865476,-0.7818314824680299,0.6234898018587334,0.017194686586881575
1970-02-01 03:50:14.762853901,3,6,1,2,1,0,0,0,1,0.7071067811865475,0.7071067811865476,-0.7818314824680299,0.6234898018587334,0.017075677616149795
1970-02-01 03:52:04.783890388,3,6,1,2,1,0,0,0,1,0.7071067811865475,0.7071067811865476,-0.7818314824680299,0.6234898018587334,0.013670607725452947
1970-02-01 03:53:54.804926875,3,6,1,2,1,0,0,0,1,0.7071067811865475,0.7071067811865476,-0.7818314824680299,0.6234898018587334,0.007652176620436483
1970-02-01 03:55:44.825963362,3,6,1,2,1,0,0,0,1,0.7071067811865475,0.7071067811865476,-0.7818314824680299,0.6234898018587334,0.012558163250304151
1970-02-01 03:57:34.846999849,3,6,1,2,1,0,0,0,1,0.7071067811865475,0.7071067811865476,-0.7818314824680299,0.6234898018587334,0.007822939388834996
1970-02-01 03:59:24.868036336,3,6,1,2,1,0,0,0,1,0.7071067811865475,0.7071067811865476,-0.7818314824680299,0.6234898018587334,0.017546748124920325
1970-02-01 04:01:14.889072823,4,6,1,2,1,0,0,0,1,0.8660254037844386,0.5000000000000001,-0.7818314824680299,0.6234898018587334,0.006584052288184434
1970-02-01 04:03:04.910109310,4,6,1,2,1,0,0,0,1,0.8660254037844386,0.5000000000000001,-0.7818314824680299,0.6234898018587334,0.006726406447141933
1970-02-01 04:04:54.931145797,4,6,1,2,1,0,0,0,1,0.8660254037844386,0.5000000000000001,-0.7818314824680299,0.6234898018587334,0.005928198679372678
1970-02-01 04:06:44.952182284,4,6,1,2,1,0,0,0,1,0.8660254037844386,0.5000000000000001,-0.7818314824680299,0.6234898018587334,0.010972356269041424
1970-02-01 04:08:34.973218771,4,6,1,2,1,0,0,0,1,0.8660254037844386,0.5000000000000001,-0.7818314824680299,0.6234898018587334,0.0005243226283167968
1970-02-01 04:10:24.994255258,4,6,1,2,1,0,0,0,1,0.8660254037844386,0.5000000000000001,-0.7818314824680299,0.6234898018587334,0.014215188195971194
1970-02-01 04:12:15.015291745,4,6,1,2,1,0,0,0,1,0.8660254037844386,0.5000000000000001,-0.7818314824680299,0.6234898018587334,0.0
1970-02-01 04:14:05.036328232,4,6,1,2,1,0,0,0,1,0.8660254037844386,0.5000000000000001,-0.7818314824680299,0.6234898018587334,4.6723086962864244e-05
1970-02-01 04:15:55.057364719,4,6,1,2,1,0,0,0,1,0.8660254037844386,0.5000000000000001,-0.7818314824680299,0.6234898018587334,0.005605666425804212
1970-02-01 04:17:45.078401206,4,6,1,2,1,0,0,0,1,0.8660254037844386,0.5000000000000001,-0.7818314824680299,0.6234898018587334,0.01264338198732642
1970-02-01 04:19:35.099437693,4,6,1,2,1,0,0,0,1,0.8660254037844386,0.5000000000000001,-0.7818314824680299,0.6234898018587334,0.004058310486839123
1970-02-01 04:21:25.120474180,4,6,1,2,1,0,0,0,1,0.8660254037844386,0.5000000000000001,-0.7818314824680299,0.6234898018587334,0.011602371357463488
1970-02-01 04:23:15.141510667,4,6,1,2,1,0,0,0,1,0.8660254037844386,0.5000000000000001,-0.7818314824680299,0.6234898018587334,0.002082022607276756
1970-02-01 04:25:05.162547154,4,6,1,2,1,0,0,0,1,0.8660254037844386,0.5000000000000001,-0.7818314824680299,0.6234898018587334,0.016118392033867196
1970-02-01 04:26:55.183583641,4,6,1,2,1,0,0,0,1,0.8660254037844386,0.5000000000000001,-0.7818314824680299,0.6234898018587334,0.0006318703683777576
1970-02-01 04:28:45.204620128,4,6,1,2,1,0,0,0,1,0.8660254037844386,0.5000000000000001,-0.7818314824680299,0.6234898018587334,0.009628280866370763
1970-02-01 04:30:35.225656615,4,6,1,2,1,0,0,0,1,0.8660254037844386,0.5000000000000001,-0.7818314824680299,0.6234898018587334,0.008919714085804996
1970-02-01 04:32:25.246693102,4,6,1,2,1,0,0,0,1,0.8660254037844386,0.5000000000000001,-0.7818314824680299,0.6234898018587334,0.0
1970-02-01 04:34:15.267729589,4,6,1,2,1,0,0,0,1,0.8660254037844386,0.5000000000000001,-0.7818314824680299,0.6234898018587334,0.015091034694110406
1970-02-01 04:36:05.288766076,4,6,1,2,1,0,0,0,1,0.8660254037844386,0.5000000000000001,-0.7818314824680299,0.6234898018587334,0.00619189283281275
1970-02-01 04:37:55.309802563,4,6,1,2,1,0,0,0,1,0.8660254037844386,0.5000000000000001,-0.7818314824680299,0.6234898018587334,0.009065575979213491
1970-02-01 04:39:45.330839050,4,6,1,2,1,0,0,0,1,0.8660254037844386,0.5000000000000001,-0.7818314824680299,0.6234898018587334,0.0025878033248233753
1970-02-01 04:41:35.351875537,4,6,1,2,1,0,0,0,1,0.8660254037844386,0.5000000000000001,-0.7818314824680299,0.6234898018587334,0.0032358794148702407
1970-02-01 04:43:25.372912024,4,6,1,2,1,0,0,0,1,0.8660254037844386,0.5000000000000001,-0.7818314824680299,0.6234898018587334,0.010361777009079452
1970-02-01 04:45:15.393948511,4,6,1,2,1,0,0,0,1,0.8660254037844386,0.5000000000000001,-0.7818314824680299,0.6234898018587334,0.007930121632943111
1970-02-01 04:47:05.414984998,4,6,1,2,1,0,0,0,1,0.8660254037844386,0.5000000000000001,-0.7818314824680299,0.6234898018587334,0.0
1970-02-01 04:48:55.436021485,4,6,1,2,1,0,0,0,1,0.8660254037844386,0.5000000000000001,-0.7818314824680299,0.6234898018587334,0.0005024189933013987
1970-02-01 04:50:45.457057972,4,6,1,2,1,0,0,0,1,0.8660254037844386,0.5000000000000001,-0.7818314824680299,0.6234898018587334,0.0
1970-02-01 04:52:35.478094459,4,6,1,2,1,0,0,0,1,0.8660254037844386,0.5000000000000001,-0.7818314824680299,0.6234898018587334,0.011041097956866244
1970-02-01 04:54:25.499130946,4,6,1,2,1,0,0,0,1,0.8660254037844386,0.5000000000000001,-0.7818314824680299,0.6234898018587334,0.012981126061511684
1970-02-01 04:56:15.520167433,4,6,1,2,1,0,0,0,1,0.8660254037844386,0.5000000000000001,-0.7818314824680299,0.6234898018587334,0.005772574680468004
1970-02-01 04:58:05.541203920,4,6,1,2,1,0,0,0,1,0.8660254037844386,0.5000000000000001,-0.7818314824680299,0.6234898018587334,0.011711721115537728
1970-02-01 04:59:55.562240407,4,6,1,2,1,0,0,0,1,0.8660254037844386,0.5000000000000001,-0.7818314824680299,0.6234898018587334,0.0
1970-02-01 05:01:45.583276894,5,6,1,2,1,1,0,0,0,0.9659258262890683,0.25881904510252074,-0.7818314824680299,0.6234898018587334,0.009413779750083466
1970-02-01 05:03:35.604313381,5,6,1,2,1,1,0,0,0,0.9659258262890683,0.25881904510252074,-0.7818314824680299,0.6234898018587334,0.01004984924869166
1970-02-01 05:05:25.625349868,5,6,1,2,1,1,0,0,0,0.9659258262890683,0.25881904510252074,-0.7818314824680299,0.6234898018587334,0.017893894953412315
1970-02-01 05:07:15.646386355,5,6,1,2,1,1,0,0,0,0.9659258262890683,0.25881904510252074,-0.7818314824680299,0.6234898018587334,0.012533340892631077
1970-02-01 05:09:05.667422842,5,6,1,2,1,1,0,0,0,0.9659258262890683,0.25881904510252074,-0.7818314824680299,0.6234898018587334,0.011234433644725766
1970-02-01 05:10:55.688459329,5,6,1,2,1,1,0,0,0,0.9659258262890683,0.25881904510252074,-0.7818314824680299,0.6234898018587334,0.011834117460831885
1970-02-01 05:12:45.709495816,5,6,1,2,1,1,0,0,0,0.9659258262890683,0.25881904510252074,-0.7818314824680299,0.6234898018587334,0.006717179086048239
1970-02-01 05:14:35.730532303,5,6,1,2,1,1,0,0,0,0.9659258262890683,0.25881904510252074,-0.7818314824680299,0.6234898018587334,0.009887685680596866
1970-02-01 05:16:25.751568790,5,6,1,2,1,1,0,0,0,0.9659258262890683,0.25881904510252074,-0.7818314824680299,0.6234898018587334,0.0145049802983493
1970-02-01 05:18:15.772605277,5,6,1,2,1,1,0,0,0,0.9659258262890683,0.25881904510252074,-0.7818314824680299,0.6234898018587334,0.0012686563188231163
1970-02-01 05:20:05.793641764,5,6,1,2,1,1,0,0,0,0.9659258262890683,0.25881904510252074,-0.7818314824680299,0.6234898018587334,0.005355250814010873
1970-02-01 05:21:55.814678251,5,6,1,2,1,1,0,0,0,0.9659258262890683,0.25881904510252074,-0.7818314824680299,0.6234898018587334,0.002295997202954577
1970-02-01 05:23:45.835714738,5,6,1,2,1,1,0,0,0,0.9659258262890683,0.25881904510252074,-0.7818314824680299,0.6234898018587334,0.0004596061204254131
1970-02-01 05:25:35.856751225,5,6,1,2,1,1,0,0,0,0.9659258262890683,0.25881904510252074,-0.7818314824680299,0.6234898018587334,0.0
1970-02-01 05:27:25.877787712,5,6,1,2,1,1,0,0,0,0.9659258262890683,0.25881904510252074,-0.7818314824680299,0.6234898018587334,0.0
1970-02-01 05:29:15.898824199,5,6,1,2,1,1,0,0,0,0.9659258262890683,0.25881904510252074,-0.7818314824680299,0.6234898018587334,0.010356352890183683
1970-02-01 05:31:05.919860686,5,6,1,2,1,1,0,0,0,0.9659258262890683,0.25881904510252074,-0.7818314824680299,0.6234898018587334,0.012433638403076173
1970-02-01 05:32:55.940897173,5,6,1,2,1,1,0,0,0,0.9659258262890683,0.25881904510252074,-0.7818314824680299,0.6234898018587334,0.0
1970-02-01 05:34:45.961933660,5,6,1,2,1,1,0,0,0,0.9659258262890683,0.25881904510252074,-0.7818314824680299,0.6234898018587334,0.007034703608294991
1970-02-01 05:36:35.982970147,5,6,1,2,1,1,0,0,0,0.9659258262890683,0.25881904510252074,-0.7818314824680299,0.6234898018587334,0.0
1970-02-01 05:38:26.004006634,5,6,1,2,1,1,0,0,0,0.9659258262890683,0.25881904510252074,-0.7818314824680299,0.6234898018587334,0.01162423754069319
1970-02-01 05:40:16.025043121,5,6,1,2,1,1,0,0,0,0.9659258262890683,0.25881904510252074,-0.7818314824680299,0.6234898018587334,0.00818058968023335
1970-02-01 05:42:06.046079608,5,6,1,2,1,1,0,0,0,0.9659258262890683,0.25881904510252074,-0.7818314824680299,0.6234898018587334,0.008496694556060549
1970-02-01 05:43:56.067116095,5,6,1,2,1,1,0,0,0,0.9659258262890683,0.25881904510252074,-0.7818314824680299,0.6234898018587334,0.011542583362222528
1970-02-01 05:45:46.088152582,5,6,1,2,1,1,0,0,0,0.9659258262890683,0.25881904510252074,-0.7818314824680299,0.6234898018587334,0.010387021888883761
1970-02-01 05:47:36.109189069,5,6,1,2,1,1,0,0,0,0.9659258262890683,0.25881904510252074,-0.7818314824680299,0.6234898018587334,0.014737027902972294
1970-02-01 05:49:26.130225556,5,6,1,2,1,1,0,0,0,0.9659258262890683,0.25881904510252074,-0.7818314824680299,0.6234898018587334,0.017144642899268488
1970-02-01 05:51:16.151262043,5,6,1,2,1,1,0,0,0,0.9659258262890683,0.25881904510252074,-0.7818314824680299,0.6234898018587334,0.012967811720823038
1970-02-01 05:53:06.172298530,5,6,1,2,1,1,0,0,0,0.9659258262890683,0.25881904510252074,-0.7818314824680299,0.6234898018587334,0.011187481034716968
1970-02-01 05:54:56.193335017,5,6,1,2,1,1,0,0,0,0.9659258262890683,0.25881904510252074,-0.7818314824680299,0.6234898018587334,0.010587607094200258
1970-02-01 05:56:46.214371504,5,6,1,2,1,1,0,0,0,0.9659258262890683,0.25881904510252074,-0.7818314824680299,0.6234898018587334,0.017249526425204647
1970-02-01 05:58:36.235407991,5,6,1,2,1,1,0,0,0,0.9659258262890683,0.25881904510252074,-0.7818314824680299,0.6234898018587334,0.011253483362903865
1970-02-01 06:00:26.256444478,6,6,1,2,1,1,0,0,0,1.0,6.123233995736766e-17,-0.7818314824680299,0.6234898018587334,0.017027294219354366
1970-02-01 06:02:16.277480965,6,6,1,2,1,1,0,0,0,1.0,6.123233995736766e-17,-0.7818314824680299,0.6234898018587334,0.0043101267229658236
1970-02-01 06:04:06.298517452,6,6,1,2,1,1,0,0,0,1.0,6.123233995736766e-17,-0.7818314824680299,0.6234898018587334,0.0039382374789983954
1970-02-01 06:05:56.319553939,6,6,1,2,1,1,0,0,0,1.0,6.123233995736766e-17,-0.7818314824680299,0.6234898018587334,0.0007831891804395358
1970-02-01 06:07:46.340590426,6,6,1,2,1,1,0,0,0,1.0,6.123233995736766e-17,-0.7818314824680299,0.6234898018587334,0.006884745620442122
1970-02-01 06:09:36.361626913,6,6,1,2,1,1,0,0,0,1.0,6.123233995736766e-17,-0.7818314824680299,0.6234898018587334,0.01156738305273091
1970-02-01 06:11:26.382663400,6,6,1,2,1,1,0,0,0,1.0,6.123233995736766e-17,-0.7818314824680299,0.6234898018587334,0.009626547363531437
1970-02-01 06:13:16.403699887,6,6,1,2,1,1,0,0,0,1.0,6.123233995736766e-17,-0.7818314824680299,0.6234898018587334,0.00959580497998118
1970-02-01 06:15:06.424736374,6,6,1,2,1,1,0,0,0,1.0,6.123233995736766e-17,-0.7818314824680299,0.6234898018587334,0.011221217672849492
1970-02-01 06:16:56.445772861,6,6,1,2,1,1,0,0,0,1.0,6.123233995736766e-17,-0.7818314824680299,0.6234898018587334,0.01114995907134516
1970-02-01 06:18:46.466809348,6,6,1,2,1,1,0,0,0,1.0,6.123233995736766e-17,-0.7818314824680299,0.6234898018587334,0.0014543013349007546
1970-02-01 06:20:36.487845835,6,6,1,2,1,1,0,0,0,1.0,6.123233995736766e-17,-0.7818314824680299,0.6234898018587334,0.001402817912602541
1970-02-01 06:22:26.508882322,6,6,1,2,1,1,0,0,0,1.0,6.123233995736766e-17,-0.7818314824680299,0.6234898018587334,0.011094726599531562
1970-02-01 06:24:16.529918809,6,6,1,2,1,1,0,0,0,1.0,6.123233995736766e-17,-0.7818314824680299,0.6234898018587334,0.0
1970-02-01 06:26:06.550955296,6,6,1,2,1,1,0,0,0,1.0,6.123233995736766e-17,-0.7818314824680299,0.6234898018587334,0.0
1970-02-01 06:27:56.571991783,6,6,1,2,1,1,0,0,0,1.0,6.123233995736766e-17,-0.7818314824680299,0.6234898018587334,0.0008162456999559822
1970-02-01 06:29:46.593028270,6,6,1,2,1,1,0,0,0,1.0,6.123233995736766e-17,-0.7818314824680299,0.6234898018587334,0.003098362155559203
1970-02-01 06:31:36.614064757,6,6,1,2,1,1,0,0,0,1.0,6.123233995736766e-17,-0.7818314824680299,0.6234898018587334,0.00983068172586601
1970-02-01 06:33:26.635101244,6,6,1,2,1,1,0,0,0,1.0,6.123233995736766e-17,-0.7818314824680299,0.6234898018587334,0.003388154919732221
1970-02-01 06:35:16.656137731,6,6,1,2,1,1,0,0,0,1.0,6.123233995736766e-17,-0.7818314824680299,0.6234898018587334,0.0
1970-02-01 06:37:06.677174218,6,6,1,2,1,1,0,0,0,1.0,6.123233995736766e-17,-0.7818314824680299,0.6234898018587334,0.0
1970-02-01 06:38:56.698210705,6,6,1,2,1,1,0,0,0,1.0,6.123233995736766e-17,-0.7818314824680299,0.6234898018587334,0.0036282309342430172
1970-02-01 06:40:46.719247192,6,6,1,2,1,1,0,0,0,1.0,6.123233995736766e-17,-0.7818314824680299,0.6234898018587334,0.0034123257543999886
1970-02-01 06:42:36.740283679,6,6,1,2,1,1,0,0,0,1.0,6.123233995736766e-17,-0.7818314824680299,0.6234898018587334,0.01626494512207729
1970-02-01 06:44:26.761320166,6,6,1,2,1,1,0,0,0,1.0,6.123233995736766e-17,-0.7818314824680299,0.6234898018587334,0.0037100917884162984
1970-02-01 06:46:16.782356653,6,6,1,2,1,1,0,0,0,1.0,6.123233995736766e-17,-0.7818314824680299,0.6234898018587334,0.006312744770383711
1970-02-01 06:48:06.803393140,6,6,1,2,1,1,0,0,0,1.0,6.123233995736766e-17,-0.7818314824680299,0.6234898018587334,0.008926797934834592
1970-02-01 06:49:56.824429627,6,6,1,2,1,1,0,0,0,1.0,6.123233995736766e-17,-0.7818314824680299,0.6234898018587334,0.0009400170892274549
1970-02-01 06:51:46.845466114,6,6,1,2,1,1,0,0,0,1.0,6.123233995736766e-17,-0.7818314824680299,0.6234898018587334,0.00429078457512762
1970-02-01 06:53:36.866502601,6,6,1,2,1,1,0,0,0,1.0,6.123233995736766e-17,-0.7818314824680299,0.6234898018587334,0.0009302467934770306
1970-02-01 06:55:26.887539088,6,6,1,2,1,1,0,0,0,1.0,6.123233995736766e-17,-0.7818314824680299,0.6234898018587334,0.004426727110299739
1970-02-01 06:57:16.908575575,6,6,1,2,1,1,0,0,0,1.0,6.123233995736766e-17,-0.7818314824680299,0.6234898018587334,0.006762369428162912
1970-02-01 06:59:06.929612062,6,6,1,2,1,1,0,0,0,1.0,6.123233995736766e-17,-0.7818314824680299,0.6234898018587334,0.006539086545519112
1970-02-01 07:00:56.950648549,7,6,1,2,1,1,0,0,0,0.9659258262890683,-0.25881904510252063,-0.7818314824680299,0.6234898018587334,0.0072752873759262615
1970-02-01 07:02:46.971685036,7,6,1,2,1,1,0,0,0,0.9659258262890683,-0.25881904510252063,-0.7818314824680299,0.6234898018587334,0.0017002656881935632
1970-02-01 07:04:36.992721523,7,6,1,2,1,1,0,0,0,0.9659258262890683,-0.25881904510252063,-0.7818314824680299,0.6234898018587334,0.008211210180992152
1970-02-01 07:06:27.013758010,7,6,1,2,1,1,0,0,0,0.9659258262890683,-0.25881904510252063,-0.7818314824680299,0.6234898018587334,0.0
1970-02-01 07:08:17.034794497,7,6,1,2,1,1,0,0,0,0.9659258262890683,-0.25881904510252063,-0.7818314824680299,0.6234898018587334,0.008345816777693475
1970-02-01 07:10:07.055830984,7,6,1,2,1,1,0,0,0,0.9659258262890683,-0.25881904510252063,-0.7818314824680299,0.6234898018587334,0.007989519095620536
1970-02-01 07:11:57.076867471,7,6,1,2,1,1,0,0,0,0.9659258262890683,-0.25881904510252063,-0.7818314824680299,0.6234898018587334,0.0
1970-02-01 07:13:47.097903958,7,6,1,2,1,1,0,0,0,0.9659258262890683,-0.25881904510252063,-0.7818314824680299,0.6234898018587334,0.010854762109971198
1970-02-01 07:15:37.118940445,7,6,1,2,1,1,0,0,0,0.9659258262890683,-0.25881904510252063,-0.7818314824680299,0.6234898018587334,0.002689840336293682
1970-02-01 07:17:27.139976932,7,6,1,2,1,1,0,0,0,0.9659258262890683,-0.25881904510252063,-0.7818314824680299,0.6234898018587334,0.007461746918779529
1970-02-01 07:19:17.161013419,7,6,1,2,1,1,0,0,0,0.9659258262890683,-0.25881904510252063,-0.7818314824680299,0.6234898018587334,0.0016489912842888171
1970-02-01 07:21:07.182049906,7,6,1,2,1,1,0,0,0,0.9659258262890683,-0.25881904510252063,-0.7818314824680299,0.6234898018587334,0.00634013315338906
1970-02-01 07:22:57.203086393,7,6,1,2,1,1,0,0,0,0.9659258262890683,-0.25881904510252063,-0.7818314824680299,0.6234898018587334,0.0
1970-02-01 07:24:47.224122880,7,6,1,2,1,1,0,0,0,0.9659258262890683,-0.25881904510252063,-0.7818314824680299,0.6234898018587334,0.004332522174120652
