user,time_dt,start_time_dt,end_time_dt,resource_request_cpu,resource_request_memory,average_usage_cpu,average_usage_memory,maximum_usage_cpu,maximum_usage_memory,hour
QXNirTL84KUsi2ZGntOYA15Vauoi90aLnLoh/zXK7AY=,1970-01-05 02:13:09.146434,1970-01-05 02:19:55,1970-01-05 02:20:00,0.0043182373046875,0.0111541748046875,0.000492095947265625,0.001567840576171875,0.000614166259765625,0.0015716552734375,1970-01-05 02:00:00
QXNirTL84KUsi2ZGntOYA15Vauoi90aLnLoh/zXK7AY=,1970-01-05 02:13:09.157107,1970-01-05 02:19:55,1970-01-05 02:20:00,0.0043182373046875,0.0111541748046875,0.000492095947265625,0.001567840576171875,0.000614166259765625,0.0015716552734375,1970-01-05 02:00:00
QXNirTL84KUsi2ZGntOYA15Vauoi90aLnLoh/zXK7AY=,1970-01-05 02:13:28.591796,1970-01-05 13:10:00,1970-01-05 13:14:11,0.0043182373046875,0.0111541748046875,0.00603485107421875,0.00698089599609375,0.015045166015625,0.006988525390625,1970-01-05 02:00:00
QXNirTL84KUsi2ZGntOYA15Vauoi90aLnLoh/zXK7AY=,1970-01-05 02:13:28.593036,1970-01-05 13:10:00,1970-01-05 13:14:11,0.0043182373046875,0.0111541748046875,0.00603485107421875,0.00698089599609375,0.015045166015625,0.006988525390625,1970-01-05 02:00:00
QXNirTL84KUsi2ZGntOYA15Vauoi90aLnLoh/zXK7AY=,1970-01-05 02:13:28.593654,1970-01-05 13:10:00,1970-01-05 13:14:11,0.0043182373046875,0.0111541748046875,0.00603485107421875,0.00698089599609375,0.015045166015625,0.006988525390625,1970-01-05 02:00:00
QXNirTL84KUsi2ZGntOYA15Vauoi90aLnLoh/zXK7AY=,1970-01-05 02:13:28.593724,1970-01-05 13:10:00,1970-01-05 13:14:11,0.0043182373046875,0.0111541748046875,0.00603485107421875,0.00698089599609375,0.015045166015625,0.006988525390625,1970-01-05 02:00:00
QXNirTL84KUsi2ZGntOYA15Vauoi90aLnLoh/zXK7AY=,1970-01-05 02:13:28.593884,1970-01-05 13:10:00,1970-01-05 13:14:11,0.0043182373046875,0.0111541748046875,0.00603485107421875,0.00698089599609375,0.015045166015625,0.006988525390625,1970-01-05 02:00:00
QXNirTL84KUsi2ZGntOYA15Vauoi90aLnLoh/zXK7AY=,1970-01-05 02:13:28.594028,1970-01-05 13:10:00,1970-01-05 13:14:11,0.0043182373046875,0.0111541748046875,0.00603485107421875,0.00698089599609375,0.015045166015625,0.006988525390625,1970-01-05 02:00:00
QXNirTL84KUsi2ZGntOYA15Vauoi90aLnLoh/zXK7AY=,1970-01-05 02:13:28.594124,1970-01-05 13:10:00,1970-01-05 13:14:11,0.0043182373046875,0.0111541748046875,0.00603485107421875,0.00698089599609375,0.015045166015625,0.006988525390625,1970-01-05 02:00:00
QXNirTL84KUsi2ZGntOYA15Vauoi90aLnLoh/zXK7AY=,1970-01-05 02:13:28.595452,1970-01-05 13:10:00,1970-01-05 13:14:11,0.0043182373046875,0.0111541748046875,0.00603485107421875,0.00698089599609375,0.015045166015625,0.006988525390625,1970-01-05 02:00:00
QXNirTL84KUsi2ZGntOYA15Vauoi90aLnLoh/zXK7AY=,1970-01-05 02:13:28.595560,1970-01-05 13:10:00,1970-01-05 13:14:11,0.0043182373046875,0.0111541748046875,0.00603485107421875,0.00698089599609375,0.015045166015625,0.006988525390625,1970-01-05 02:00:00
QXNirTL84KUsi2ZGntOYA15Vauoi90aLnLoh/zXK7AY=,1970-01-05 02:13:28.595664,1970-01-05 13:10:00,1970-01-05 13:14:11,0.0043182373046875,0.0111541748046875,0.00603485107421875,0.00698089599609375,0.015045166015625,0.006988525390625,1970-01-05 02:00:00
QXNirTL84KUsi2ZGntOYA15Vauoi90aLnLoh/zXK7AY=,1970-01-05 02:13:28.595966,1970-01-05 13:10:00,1970-01-05 13:14:11,0.0043182373046875,0.0111541748046875,0.00603485107421875,0.00698089599609375,0.015045166015625,0.006988525390625,1970-01-05 02:00:00
QXNirTL84KUsi2ZGntOYA15Vauoi90aLnLoh/zXK7AY=,1970-01-05 02:13:28.596350,1970-01-05 13:10:00,1970-01-05 13:14:11,0.0043182373046875,0.0111541748046875,0.00603485107421875,0.00698089599609375,0.015045166015625,0.006988525390625,1970-01-05 02:00:00
QXNirTL84KUsi2ZGntOYA15Vauoi90aLnLoh/zXK7AY=,1970-01-05 02:13:28.596400,1970-01-05 13:10:00,1970-01-05 13:14:11,0.0043182373046875,0.0111541748046875,0.00603485107421875,0.00698089599609375,0.015045166015625,0.006988525390625,1970-01-05 02:00:00
QXNirTL84KUsi2ZGntOYA15Vauoi90aLnLoh/zXK7AY=,1970-01-05 02:13:28.596612,1970-01-05 13:10:00,1970-01-05 13:14:11,0.0043182373046875,0.0111541748046875,0.00603485107421875,0.00698089599609375,0.015045166015625,0.006988525390625,1970-01-05 02:00:00
QXNirTL84KUsi2ZGntOYA15Vauoi90aLnLoh/zXK7AY=,1970-01-05 02:13:28.597018,1970-01-05 13:10:00,1970-01-05 13:14:11,0.0043182373046875,0.0111541748046875,0.00603485107421875,0.00698089599609375,0.015045166015625,0.006988525390625,1970-01-05 02:00:00
QXNirTL84KUsi2ZGntOYA15Vauoi90aLnLoh/zXK7AY=,1970-01-05 02:13:28.597342,1970-01-05 13:10:00,1970-01-05 13:14:11,0.0043182373046875,0.0111541748046875,0.00603485107421875,0.00698089599609375,0.015045166015625,0.006988525390625,1970-01-05 02:00:00
QXNirTL84KUsi2ZGntOYA15Vauoi90aLnLoh/zXK7AY=,1970-01-05 02:13:28.598038,1970-01-05 13:10:00,1970-01-05 13:14:11,0.0043182373046875,0.0111541748046875,0.00603485107421875,0.00698089599609375,0.015045166015625,0.006988525390625,1970-01-05 02:00:00
QXNirTL84KUsi2ZGntOYA15Vauoi90aLnLoh/zXK7AY=,1970-01-05 02:13:28.598350,1970-01-05 13:10:00,1970-01-05 13:14:11,0.0043182373046875,0.0111541748046875,0.00603485107421875,0.00698089599609375,0.015045166015625,0.006988525390625,1970-01-05 02:00:00
QXNirTL84KUsi2ZGntOYA15Vauoi90aLnLoh/zXK7AY=,1970-01-05 02:13:28.615471,1970-01-05 13:10:00,1970-01-05 13:14:11,0.0043182373046875,0.0111541748046875,0.00603485107421875,0.00698089599609375,0.015045166015625,0.006988525390625,1970-01-05 02:00:00
QXNirTL84KUsi2ZGntOYA15Vauoi90aLnLoh/zXK7AY=,1970-01-05 02:13:28.615654,1970-01-05 13:10:00,1970-01-05 13:14:11,0.0043182373046875,0.0111541748046875,0.00603485107421875,0.00698089599609375,0.015045166015625,0.006988525390625,1970-01-05 02:00:00
QXNirTL84KUsi2ZGntOYA15Vauoi90aLnLoh/zXK7AY=,1970-01-05 02:13:28.615918,1970-01-05 13:10:00,1970-01-05 13:14:11,0.0043182373046875,0.0111541748046875,0.00603485107421875,0.00698089599609375,0.015045166015625,0.006988525390625,1970-01-05 02:00:00
QXNirTL84KUsi2ZGntOYA15Vauoi90aLnLoh/zXK7AY=,1970-01-05 02:13:28.616635,1970-01-05 13:10:00,1970-01-05 13:14:11,0.0043182373046875,0.0111541748046875,0.00603485107421875,0.00698089599609375,0.015045166015625,0.006988525390625,1970-01-05 02:00:00
QXNirTL84KUsi2ZGntOYA15Vauoi90aLnLoh/zXK7AY=,1970-01-05 02:13:28.616674,1970-01-05 13:10:00,1970-01-05 13:14:11,0.0043182373046875,0.0111541748046875,0.00603485107421875,0.00698089599609375,0.015045166015625,0.006988525390625,1970-01-05 02:00:00
QXNirTL84KUsi2ZGntOYA15Vauoi90aLnLoh/zXK7AY=,1970-01-05 02:13:28.617127,1970-01-05 13:10:00,1970-01-05 13:14:11,0.0043182373046875,0.0111541748046875,0.00603485107421875,0.00698089599609375,0.015045166015625,0.006988525390625,1970-01-05 02:00:00
QXNirTL84KUsi2ZGntOYA15Vauoi90aLnLoh/zXK7AY=,1970-01-05 02:13:28.625199,1970-01-05 13:10:00,1970-01-05 13:14:11,0.0043182373046875,0.0111541748046875,0.00603485107421875,0.00698089599609375,0.015045166015625,0.006988525390625,1970-01-05 02:00:00
QXNirTL84KUsi2ZGntOYA15Vauoi90aLnLoh/zXK7AY=,1970-01-05 02:13:39.994381,1970-01-05 13:10:00,1970-01-05 13:14:11,0.0043182373046875,0.0111541748046875,0.00603485107421875,0.00698089599609375,0.015045166015625,0.006988525390625,1970-01-05 02:00:00
QXNirTL84KUsi2ZGntOYA15Vauoi90aLnLoh/zXK7AY=,1970-01-05 02:14:36.715044,1970-01-05 02:19:55,1970-01-05 02:20:00,0.0043182373046875,0.0111541748046875,0.000492095947265625,0.001567840576171875,0.000614166259765625,0.0015716552734375,1970-01-05 02:00:00
QXNirTL84KUsi2ZGntOYA15Vauoi90aLnLoh/zXK7AY=,1970-01-05 02:15:56.345644,1970-01-05 17:05:00,1970-01-05 17:10:00,0.0043182373046875,0.0111541748046875,0.0074920654296875,0.00743865966796875,0.03338623046875,0.00762176513671875,1970-01-05 02:00:00
QXNirTL84KUsi2ZGntOYA15Vauoi90aLnLoh/zXK7AY=,1970-01-05 02:20:24.420047,1970-01-05 13:10:00,1970-01-05 13:14:11,0.0043182373046875,0.017608642578125,0.00603485107421875,0.00698089599609375,0.015045166015625,0.006988525390625,1970-01-05 02:00:00
QXNirTL84KUsi2ZGntOYA15Vauoi90aLnLoh/zXK7AY=,1970-01-05 02:20:46.317309,1970-01-05 13:10:00,1970-01-05 13:14:11,0.0043182373046875,0.017608642578125,0.00603485107421875,0.00698089599609375,0.015045166015625,0.006988525390625,1970-01-05 02:00:00
QXNirTL84KUsi2ZGntOYA15Vauoi90aLnLoh/zXK7AY=,1970-01-05 02:20:46.318057,1970-01-05 13:10:00,1970-01-05 13:14:11,0.0043182373046875,0.017608642578125,0.00603485107421875,0.00698089599609375,0.015045166015625,0.006988525390625,1970-01-05 02:00:00
QXNirTL84KUsi2ZGntOYA15Vauoi90aLnLoh/zXK7AY=,1970-01-05 02:20:46.318125,1970-01-05 13:10:00,1970-01-05 13:14:11,0.0043182373046875,0.017608642578125,0.00603485107421875,0.00698089599609375,0.015045166015625,0.006988525390625,1970-01-05 02:00:00
QXNirTL84KUsi2ZGntOYA15Vauoi90aLnLoh/zXK7AY=,1970-01-05 02:20:56.295846,1970-01-05 13:10:00,1970-01-05 13:14:11,0.0043182373046875,0.017608642578125,0.00603485107421875,0.00698089599609375,0.015045166015625,0.006988525390625,1970-01-05 02:00:00
QXNirTL84KUsi2ZGntOYA15Vauoi90aLnLoh/zXK7AY=,1970-01-05 02:20:56.295978,1970-01-05 13:10:00,1970-01-05 13:14:11,0.0043182373046875,0.017608642578125,0.00603485107421875,0.00698089599609375,0.015045166015625,0.006988525390625,1970-01-05 02:00:00
QXNirTL84KUsi2ZGntOYA15Vauoi90aLnLoh/zXK7AY=,1970-01-05 02:22:50.824482,1970-01-05 17:05:00,1970-01-05 17:10:00,0.0043182373046875,0.026824951171875,0.0074920654296875,0.00743865966796875,0.03338623046875,0.00762176513671875,1970-01-05 02:00:00
QXNirTL84KUsi2ZGntOYA15Vauoi90aLnLoh/zXK7AY=,1970-01-05 02:25:45.235280,1970-01-05 17:05:00,1970-01-05 17:10:00,0.0043182373046875,0.026824951171875,0.0074920654296875,0.00743865966796875,0.03338623046875,0.00762176513671875,1970-01-05 02:00:00
QXNirTL84KUsi2ZGntOYA15Vauoi90aLnLoh/zXK7AY=,1970-01-05 02:25:45.236066,1970-01-05 17:05:00,1970-01-05 17:10:00,0.0043182373046875,0.026824951171875,0.0074920654296875,0.00743865966796875,0.03338623046875,0.00762176513671875,1970-01-05 02:00:00
QXNirTL84KUsi2ZGntOYA15Vauoi90aLnLoh/zXK7AY=,1970-01-05 02:31:40.957900,1970-01-05 13:10:00,1970-01-05 13:14:11,0.0043182373046875,0.029205322265625,0.00603485107421875,0.00698089599609375,0.015045166015625,0.006988525390625,1970-01-05 02:00:00
QXNirTL84KUsi2ZGntOYA15Vauoi90aLnLoh/zXK7AY=,1970-01-05 02:39:17.156204,1970-01-05 13:10:00,1970-01-05 13:14:11,0.00519561767578125,0.029205322265625,0.00603485107421875,0.00698089599609375,0.015045166015625,0.006988525390625,1970-01-05 02:00:00
QXNirTL84KUsi2ZGntOYA15Vauoi90aLnLoh/zXK7AY=,1970-01-05 02:40:23.244118,1970-01-05 13:10:00,1970-01-05 13:14:11,0.00519561767578125,0.029205322265625,0.00603485107421875,0.00698089599609375,0.015045166015625,0.006988525390625,1970-01-05 02:00:00
QXNirTL84KUsi2ZGntOYA15Vauoi90aLnLoh/zXK7AY=,1970-01-05 09:37:57.920265,1970-01-05 17:05:00,1970-01-05 17:10:00,0.0065155029296875,0.023712158203125,0.0074920654296875,0.00743865966796875,0.03338623046875,0.00762176513671875,1970-01-05 09:00:00
QXNirTL84KUsi2ZGntOYA15Vauoi90aLnLoh/zXK7AY=,1970-01-05 09:37:57.924045,1970-01-05 17:05:00,1970-01-05 17:10:00,0.0065155029296875,0.023712158203125,0.0074920654296875,0.00743865966796875,0.03338623046875,0.00762176513671875,1970-01-05 09:00:00
QXNirTL84KUsi2ZGntOYA15Vauoi90aLnLoh/zXK7AY=,1970-01-05 11:08:21.732479,1970-01-05 17:05:00,1970-01-05 17:10:00,0.0080108642578125,0.01580810546875,0.0074920654296875,0.00743865966796875,0.03338623046875,0.00762176513671875,1970-01-05 11:00:00
QXNirTL84KUsi2ZGntOYA15Vauoi90aLnLoh/zXK7AY=,1970-01-05 11:26:19.160890,1970-01-05 13:10:00,1970-01-05 13:14:11,0.00624847412109375,0.05462646484375,0.00603485107421875,0.00698089599609375,0.015045166015625,0.006988525390625,1970-01-05 11:00:00
QXNirTL84KUsi2ZGntOYA15Vauoi90aLnLoh/zXK7AY=,1970-01-05 11:48:22.102594,1970-01-05 13:10:00,1970-01-05 13:14:11,0.00624847412109375,0.05462646484375,0.00603485107421875,0.00698089599609375,0.015045166015625,0.006988525390625,1970-01-05 11:00:00
QXNirTL84KUsi2ZGntOYA15Vauoi90aLnLoh/zXK7AY=,1970-01-05 11:52:13.177436,1970-01-05 13:10:00,1970-01-05 13:14:11,0.00624847412109375,0.05462646484375,0.00603485107421875,0.00698089599609375,0.015045166015625,0.006988525390625,1970-01-05 11:00:00
QXNirTL84KUsi2ZGntOYA15Vauoi90aLnLoh/zXK7AY=,1970-01-05 12:10:25.637490,1970-01-05 17:05:00,1970-01-05 17:10:00,0.012237548828125,0.01495361328125,0.0074920654296875,0.00743865966796875,0.03338623046875,0.00762176513671875,1970-01-05 12:00:00
QXNirTL84KUsi2ZGntOYA15Vauoi90aLnLoh/zXK7AY=,1970-01-05 12:10:25.652960,1970-01-05 17:05:00,1970-01-05 17:10:00,0.012237548828125,0.01495361328125,0.0074920654296875,0.00743865966796875,0.03338623046875,0.00762176513671875,1970-01-05 12:00:00
QXNirTL84KUsi2ZGntOYA15Vauoi90aLnLoh/zXK7AY=,1970-01-05 12:36:22.951345,1970-01-05 13:10:00,1970-01-05 13:14:11,0.00624847412109375,0.05462646484375,0.00603485107421875,0.00698089599609375,0.015045166015625,0.006988525390625,1970-01-05 12:00:00
QXNirTL84KUsi2ZGntOYA15Vauoi90aLnLoh/zXK7AY=,1970-01-05 12:47:54.907254,1970-01-05 13:10:00,1970-01-05 13:14:11,0.00624847412109375,0.040771484375,0.00603485107421875,0.00698089599609375,0.015045166015625,0.006988525390625,1970-01-05 12:00:00
QXNirTL84KUsi2ZGntOYA15Vauoi90aLnLoh/zXK7AY=,1970-01-05 13:13:50.546043,1970-01-05 13:10:00,1970-01-05 13:14:11,0.00563812255859375,0.040771484375,0.00603485107421875,0.00698089599609375,0.015045166015625,0.006988525390625,1970-01-05 13:00:00
QXNirTL84KUsi2ZGntOYA15Vauoi90aLnLoh/zXK7AY=,1970-01-05 13:13:50.546943,1970-01-05 13:10:00,1970-01-05 13:14:11,0.00563812255859375,0.040771484375,0.00603485107421875,0.00698089599609375,0.015045166015625,0.006988525390625,1970-01-05 13:00:00
QXNirTL84KUsi2ZGntOYA15Vauoi90aLnLoh/zXK7AY=,1970-01-05 13:18:48.598071,1970-01-05 13:10:00,1970-01-05 13:14:11,0.00563812255859375,0.040771484375,0.00603485107421875,0.00698089599609375,0.015045166015625,0.006988525390625,1970-01-05 13:00:00
QXNirTL84KUsi2ZGntOYA15Vauoi90aLnLoh/zXK7AY=,1970-01-05 13:18:48.598775,1970-01-05 13:10:00,1970-01-05 13:14:11,0.00563812255859375,0.040771484375,0.00603485107421875,0.00698089599609375,0.015045166015625,0.006988525390625,1970-01-05 13:00:00
QXNirTL84KUsi2ZGntOYA15Vauoi90aLnLoh/zXK7AY=,1970-01-05 13:18:48.599023,1970-01-05 13:10:00,1970-01-05 13:14:11,0.00563812255859375,0.040771484375,0.00603485107421875,0.00698089599609375,0.015045166015625,0.006988525390625,1970-01-05 13:00:00
QXNirTL84KUsi2ZGntOYA15Vauoi90aLnLoh/zXK7AY=,1970-01-05 13:18:48.599387,1970-01-05 13:10:00,1970-01-05 13:14:11,0.00563812255859375,0.040771484375,0.00603485107421875,0.00698089599609375,0.015045166015625,0.006988525390625,1970-01-05 13:00:00
QXNirTL84KUsi2ZGntOYA15Vauoi90aLnLoh/zXK7AY=,1970-01-05 13:45:51.460188,1970-01-05 13:10:00,1970-01-05 13:14:11,0.00563812255859375,0.040771484375,0.00603485107421875,0.00698089599609375,0.015045166015625,0.006988525390625,1970-01-05 13:00:00
QXNirTL84KUsi2ZGntOYA15Vauoi90aLnLoh/zXK7AY=,1970-01-05 13:45:51.461392,1970-01-05 13:10:00,1970-01-05 13:14:11,0.00563812255859375,0.040771484375,0.00603485107421875,0.00698089599609375,0.015045166015625,0.006988525390625,1970-01-05 13:00:00
QXNirTL84KUsi2ZGntOYA15Vauoi90aLnLoh/zXK7AY=,1970-01-05 13:45:51.462384,1970-01-05 13:10:00,1970-01-05 13:14:11,0.00563812255859375,0.040771484375,0.00603485107421875,0.00698089599609375,0.015045166015625,0.006988525390625,1970-01-05 13:00:00
QXNirTL84KUsi2ZGntOYA15Vauoi90aLnLoh/zXK7AY=,1970-01-05 13:45:51.462556,1970-01-05 13:10:00,1970-01-05 13:14:11,0.00563812255859375,0.040771484375,0.00603485107421875,0.00698089599609375,0.015045166015625,0.006988525390625,1970-01-05 13:00:00
QXNirTL84KUsi2ZGntOYA15Vauoi90aLnLoh/zXK7AY=,1970-01-05 13:45:51.463168,1970-01-05 13:10:00,1970-01-05 13:14:11,0.00563812255859375,0.040771484375,0.00603485107421875,0.00698089599609375,0.015045166015625,0.006988525390625,1970-01-05 13:00:00
QXNirTL84KUsi2ZGntOYA15Vauoi90aLnLoh/zXK7AY=,1970-01-05 13:45:51.463928,1970-01-05 13:10:00,1970-01-05 13:14:11,0.00563812255859375,0.040771484375,0.00603485107421875,0.00698089599609375,0.015045166015625,0.006988525390625,1970-01-05 13:00:00
QXNirTL84KUsi2ZGntOYA15Vauoi90aLnLoh/zXK7AY=,1970-01-05 13:45:51.463996,1970-01-05 13:10:00,1970-01-05 13:14:11,0.00563812255859375,0.040771484375,0.00603485107421875,0.00698089599609375,0.015045166015625,0.006988525390625,1970-01-05 13:00:00
QXNirTL84KUsi2ZGntOYA15Vauoi90aLnLoh/zXK7AY=,1970-01-05 13:50:49.388514,1970-01-05 13:10:00,1970-01-05 13:14:11,0.00563812255859375,0.040771484375,0.00603485107421875,0.00698089599609375,0.015045166015625,0.006988525390625,1970-01-05 13:00:00
QXNirTL84KUsi2ZGntOYA15Vauoi90aLnLoh/zXK7AY=,1970-01-05 13:50:49.388534,1970-01-05 13:10:00,1970-01-05 13:14:11,0.00563812255859375,0.040771484375,0.00603485107421875,0.00698089599609375,0.015045166015625,0.006988525390625,1970-01-05 13:00:00
QXNirTL84KUsi2ZGntOYA15Vauoi90aLnLoh/zXK7AY=,1970-01-05 13:50:49.389086,1970-01-05 13:10:00,1970-01-05 13:14:11,0.00563812255859375,0.040771484375,0.00603485107421875,0.00698089599609375,0.015045166015625,0.006988525390625,1970-01-05 13:00:00
QXNirTL84KUsi2ZGntOYA15Vauoi90aLnLoh/zXK7AY=,1970-01-05 15:58:59.294676,1970-01-05 13:10:00,1970-01-05 13:14:11,0.00510406494140625,0.04498291015625,0.00603485107421875,0.00698089599609375,0.015045166015625,0.006988525390625,1970-01-05 15:00:00
QXNirTL84KUsi2ZGntOYA15Vauoi90aLnLoh/zXK7AY=,1970-01-05 16:52:47.182909,1970-01-05 13:10:00,1970-01-05 13:14:11,0.004669189453125,0.04498291015625,0.00603485107421875,0.00698089599609375,0.015045166015625,0.006988525390625,1970-01-05 16:00:00
QXNirTL84KUsi2ZGntOYA15Vauoi90aLnLoh/zXK7AY=,1970-01-05 21:23:49.648140,1970-01-05 13:10:00,1970-01-05 13:14:11,0.0034332275390625,0.04498291015625,0.00603485107421875,0.00698089599609375,0.015045166015625,0.006988525390625,1970-01-05 21:00:00
QXNirTL84KUsi2ZGntOYA15Vauoi90aLnLoh/zXK7AY=,1970-01-05 21:27:50.519925,1970-01-05 13:10:00,1970-01-05 13:14:11,0.003082275390625,0.04498291015625,0.00603485107421875,0.00698089599609375,0.015045166015625,0.006988525390625,1970-01-05 21:00:00
QXNirTL84KUsi2ZGntOYA15Vauoi90aLnLoh/zXK7AY=,1970-01-05 21:27:50.519949,1970-01-05 13:10:00,1970-01-05 13:14:11,0.003082275390625,0.04498291015625,0.00603485107421875,0.00698089599609375,0.015045166015625,0.006988525390625,1970-01-05 21:00:00
QXNirTL84KUsi2ZGntOYA15Vauoi90aLnLoh/zXK7AY=,1970-01-05 21:29:17.497484,1970-01-05 13:10:00,1970-01-05 13:14:11,0.003082275390625,0.04498291015625,0.00603485107421875,0.00698089599609375,0.015045166015625,0.006988525390625,1970-01-05 21:00:00
QXNirTL84KUsi2ZGntOYA15Vauoi90aLnLoh/zXK7AY=,1970-01-05 22:11:00.961676,1970-01-05 13:10:00,1970-01-05 13:14:11,0.003082275390625,0.04498291015625,0.00603485107421875,0.00698089599609375,0.015045166015625,0.006988525390625,1970-01-05 22:00:00
QXNirTL84KUsi2ZGntOYA15Vauoi90aLnLoh/zXK7AY=,1970-01-05 22:11:00.963448,1970-01-05 13:10:00,1970-01-05 13:14:11,0.003082275390625,0.04498291015625,0.00603485107421875,0.00698089599609375,0.015045166015625,0.006988525390625,1970-01-05 22:00:00
QXNirTL84KUsi2ZGntOYA15Vauoi90aLnLoh/zXK7AY=,1970-01-05 22:11:00.963944,1970-01-05 13:10:00,1970-01-05 13:14:11,0.003082275390625,0.04498291015625,0.00603485107421875,0.00698089599609375,0.015045166015625,0.006988525390625,1970-01-05 22:00:00
QXNirTL84KUsi2ZGntOYA15Vauoi90aLnLoh/zXK7AY=,1970-01-05 22:11:00.964112,1970-01-05 13:10:00,1970-01-05 13:14:11,0.003082275390625,0.04498291015625,0.00603485107421875,0.00698089599609375,0.015045166015625,0.006988525390625,1970-01-05 22:00:00
QXNirTL84KUsi2ZGntOYA15Vauoi90aLnLoh/zXK7AY=,1970-01-05 22:11:00.964488,1970-01-05 13:10:00,1970-01-05 13:14:11,0.003082275390625,0.04498291015625,0.00603485107421875,0.00698089599609375,0.015045166015625,0.006988525390625,1970-01-05 22:00:00
QXNirTL84KUsi2ZGntOYA15Vauoi90aLnLoh/zXK7AY=,1970-01-05 22:11:00.965244,1970-01-05 13:10:00,1970-01-05 13:14:11,0.003082275390625,0.04498291015625,0.00603485107421875,0.00698089599609375,0.015045166015625,0.006988525390625,1970-01-05 22:00:00
QXNirTL84KUsi2ZGntOYA15Vauoi90aLnLoh/zXK7AY=,1970-01-05 22:11:01.736321,1970-01-05 13:10:00,1970-01-05 13:14:11,0.003082275390625,0.0201416015625,0.00603485107421875,0.00698089599609375,0.015045166015625,0.006988525390625,1970-01-05 22:00:00
QXNirTL84KUsi2ZGntOYA15Vauoi90aLnLoh/zXK7AY=,1970-01-05 22:11:01.736509,1970-01-05 13:10:00,1970-01-05 13:14:11,0.003082275390625,0.0201416015625,0.00603485107421875,0.00698089599609375,0.015045166015625,0.006988525390625,1970-01-05 22:00:00
QXNirTL84KUsi2ZGntOYA15Vauoi90aLnLoh/zXK7AY=,1970-01-05 22:11:11.677553,1970-01-05 13:10:00,1970-01-05 13:14:11,0.003082275390625,0.04498291015625,0.00603485107421875,0.00698089599609375,0.015045166015625,0.006988525390625,1970-01-05 22:00:00
QXNirTL84KUsi2ZGntOYA15Vauoi90aLnLoh/zXK7AY=,1970-01-05 22:11:11.677609,1970-01-05 13:10:00,1970-01-05 13:14:11,0.003082275390625,0.04498291015625,0.00603485107421875,0.00698089599609375,0.015045166015625,0.006988525390625,1970-01-05 22:00:00
QXNirTL84KUsi2ZGntOYA15Vauoi90aLnLoh/zXK7AY=,1970-01-05 22:11:11.677921,1970-01-05 13:10:00,1970-01-05 13:14:11,0.003082275390625,0.04498291015625,0.00603485107421875,0.00698089599609375,0.015045166015625,0.006988525390625,1970-01-05 22:00:00
QXNirTL84KUsi2ZGntOYA15Vauoi90aLnLoh/zXK7AY=,1970-01-05 22:11:11.678293,1970-01-05 13:10:00,1970-01-05 13:14:11,0.003082275390625,0.04498291015625,0.00603485107421875,0.00698089599609375,0.015045166015625,0.006988525390625,1970-01-05 22:00:00
QXNirTL84KUsi2ZGntOYA15Vauoi90aLnLoh/zXK7AY=,1970-01-05 22:11:11.678801,1970-01-05 13:10:00,1970-01-05 13:14:11,0.003082275390625,0.04498291015625,0.00603485107421875,0.00698089599609375,0.015045166015625,0.006988525390625,1970-01-05 22:00:00
QXNirTL84KUsi2ZGntOYA15Vauoi90aLnLoh/zXK7AY=,1970-01-05 22:11:11.679497,1970-01-05 13:10:00,1970-01-05 13:14:11,0.003082275390625,0.04498291015625,0.00603485107421875,0.00698089599609375,0.015045166015625,0.006988525390625,1970-01-05 22:00:00
QXNirTL84KUsi2ZGntOYA15Vauoi90aLnLoh/zXK7AY=,1970-01-05 22:11:11.679505,1970-01-05 13:10:00,1970-01-05 13:14:11,0.003082275390625,0.04498291015625,0.00603485107421875,0.00698089599609375,0.015045166015625,0.006988525390625,1970-01-05 22:00:00
QXNirTL84KUsi2ZGntOYA15Vauoi90aLnLoh/zXK7AY=,1970-01-05 22:11:11.679641,1970-01-05 13:10:00,1970-01-05 13:14:11,0.003082275390625,0.04498291015625,0.00603485107421875,0.00698089599609375,0.015045166015625,0.006988525390625,1970-01-05 22:00:00
QXNirTL84KUsi2ZGntOYA15Vauoi90aLnLoh/zXK7AY=,1970-01-05 22:11:11.680405,1970-01-05 13:10:00,1970-01-05 13:14:11,0.003082275390625,0.04498291015625,0.00603485107421875,0.00698089599609375,0.015045166015625,0.006988525390625,1970-01-05 22:00:00
QXNirTL84KUsi2ZGntOYA15Vauoi90aLnLoh/zXK7AY=,1970-01-05 22:11:11.680577,1970-01-05 13:10:00,1970-01-05 13:14:11,0.003082275390625,0.04498291015625,0.00603485107421875,0.00698089599609375,0.015045166015625,0.006988525390625,1970-01-05 22:00:00
QXNirTL84KUsi2ZGntOYA15Vauoi90aLnLoh/zXK7AY=,1970-01-05 22:26:52.476077,1970-01-05 13:10:00,1970-01-05 13:14:11,0.003082275390625,0.0201416015625,0.00603485107421875,0.00698089599609375,0.015045166015625,0.006988525390625,1970-01-05 22:00:00
QXNirTL84KUsi2ZGntOYA15Vauoi90aLnLoh/zXK7AY=,1970-01-05 22:32:22.451955,1970-01-05 13:10:00,1970-01-05 13:14:11,0.003082275390625,0.0201416015625,0.00603485107421875,0.00698089599609375,0.015045166015625,0.006988525390625,1970-01-05 22:00:00
QXNirTL84KUsi2ZGntOYA15Vauoi90aLnLoh/zXK7AY=,1970-01-05 22:32:22.452471,1970-01-05 13:10:00,1970-01-05 13:14:11,0.003082275390625,0.0201416015625,0.00603485107421875,0.00698089599609375,0.015045166015625,0.006988525390625,1970-01-05 22:00:00
QXNirTL84KUsi2ZGntOYA15Vauoi90aLnLoh/zXK7AY=,1970-01-05 23:01:54.155812,1970-01-05 13:10:00,1970-01-05 13:14:11,0.003082275390625,0.0201416015625,0.00603485107421875,0.00698089599609375,0.015045166015625,0.006988525390625,1970-01-05 23:00:00
QXNirTL84KUsi2ZGntOYA15Vauoi90aLnLoh/zXK7AY=,1970-01-05 23:01:54.155880,1970-01-05 13:10:00,1970-01-05 13:14:11,0.003082275390625,0.0201416015625,0.00603485107421875,0.00698089599609375,0.015045166015625,0.006988525390625,1970-01-05 23:00:00
QXNirTL84KUsi2ZGntOYA15Vauoi90aLnLoh/zXK7AY=,1970-01-05 23:01:54.155912,1970-01-05 13:10:00,1970-01-05 13:14:11,0.003082275390625,0.0201416015625,0.00603485107421875,0.00698089599609375,0.015045166015625,0.006988525390625,1970-01-05 23:00:00
QXNirTL84KUsi2ZGntOYA15Vauoi90aLnLoh/zXK7AY=,1970-01-05 23:02:57.307550,1970-01-05 13:10:00,1970-01-05 13:14:11,0.003082275390625,0.0201416015625,0.00603485107421875,0.00698089599609375,0.015045166015625,0.006988525390625,1970-01-05 23:00:00
QXNirTL84KUsi2ZGntOYA15Vauoi90aLnLoh/zXK7AY=,1970-01-06 11:51:07.839227,1970-01-05 17:05:00,1970-01-05 17:10:00,0.00395965576171875,0.030426025390625,0.0074920654296875,0.00743865966796875,0.03338623046875,0.00762176513671875,1970-01-06 11:00:00
QXNirTL84KUsi2ZGntOYA15Vauoi90aLnLoh/zXK7AY=,1970-01-06 11:51:07.839744,1970-01-05 17:05:00,1970-01-05 17:10:00,0.00395965576171875,0.030426025390625,0.0074920654296875,0.00743865966796875,0.03338623046875,0.00762176513671875,1970-01-06 11:00:00
QXNirTL84KUsi2ZGntOYA15Vauoi90aLnLoh/zXK7AY=,1970-01-06 13:17:36.746102,1970-01-05 17:05:00,1970-01-05 17:10:00,0.00395965576171875,0.030426025390625,0.0074920654296875,0.00743865966796875,0.03338623046875,0.00762176513671875,1970-01-06 13:00:00
QXNirTL84KUsi2ZGntOYA15Vauoi90aLnLoh/zXK7AY=,1970-01-06 14:38:06.576811,1970-01-05 17:05:00,1970-01-05 17:10:00,0.003520965576171875,0.030426025390625,0.0074920654296875,0.00743865966796875,0.03338623046875,0.00762176513671875,1970-01-06 14:00:00
QXNirTL84KUsi2ZGntOYA15Vauoi90aLnLoh/zXK7AY=,1970-01-06 14:43:36.186082,1970-01-05 17:05:00,1970-01-05 17:10:00,0.003520965576171875,0.030426025390625,0.0074920654296875,0.00743865966796875,0.03338623046875,0.00762176513671875,1970-01-06 14:00:00
QXNirTL84KUsi2ZGntOYA15Vauoi90aLnLoh/zXK7AY=,1970-01-06 17:30:08.588548,1970-01-05 17:05:00,1970-01-05 17:10:00,0.00325775146484375,0.030426025390625,0.0074920654296875,0.00743865966796875,0.03338623046875,0.00762176513671875,1970-01-06 17:00:00
QXNirTL84KUsi2ZGntOYA15Vauoi90aLnLoh/zXK7AY=,1970-01-06 23:20:12.234274,1970-01-05 17:05:00,1970-01-05 17:10:00,0.00290679931640625,0.030426025390625,0.0074920654296875,0.00743865966796875,0.03338623046875,0.00762176513671875,1970-01-06 23:00:00
QXNirTL84KUsi2ZGntOYA15Vauoi90aLnLoh/zXK7AY=,1970-01-07 02:17:39.443025,1970-01-05 17:05:00,1970-01-05 17:10:00,0.0026397705078125,0.030426025390625,0.0074920654296875,0.00743865966796875,0.03338623046875,0.00762176513671875,1970-01-07 02:00:00
QXNirTL84KUsi2ZGntOYA15Vauoi90aLnLoh/zXK7AY=,1970-01-07 02:18:13.536009,1970-01-05 17:05:00,1970-01-05 17:10:00,0.0026397705078125,0.030426025390625,0.0074920654296875,0.00743865966796875,0.03338623046875,0.00762176513671875,1970-01-07 02:00:00
QXNirTL84KUsi2ZGntOYA15Vauoi90aLnLoh/zXK7AY=,1970-01-07 03:49:10.305476,1970-01-05 17:05:00,1970-01-05 17:10:00,0.0026397705078125,0.030426025390625,0.0074920654296875,0.00743865966796875,0.03338623046875,0.00762176513671875,1970-01-07 03:00:00
QXNirTL84KUsi2ZGntOYA15Vauoi90aLnLoh/zXK7AY=,1970-01-07 05:21:10.769121,1970-01-05 17:05:00,1970-01-05 17:10:00,0.0026397705078125,0.01702880859375,0.0074920654296875,0.00743865966796875,0.03338623046875,0.00762176513671875,1970-01-07 05:00:00
QXNirTL84KUsi2ZGntOYA15Vauoi90aLnLoh/zXK7AY=,1970-01-07 06:53:39.959386,1970-01-05 17:05:00,1970-01-05 17:10:00,0.002376556396484375,0.01702880859375,0.0074920654296875,0.00743865966796875,0.03338623046875,0.00762176513671875,1970-01-07 06:00:00
QXNirTL84KUsi2ZGntOYA15Vauoi90aLnLoh/zXK7AY=,1970-01-07 07:31:18.939240,1970-01-07 08:40:00,1970-01-07 08:45:00,0.005279541015625,0.01995849609375,0.0002117156982421875,0.0041046142578125,0.00156402587890625,0.00411224365234375,1970-01-07 07:00:00
QXNirTL84KUsi2ZGntOYA15Vauoi90aLnLoh/zXK7AY=,1970-01-07 07:31:18.939462,1970-01-07 08:40:00,1970-01-07 08:45:00,0.005279541015625,0.01995849609375,0.0002117156982421875,0.0041046142578125,0.00156402587890625,0.00411224365234375,1970-01-07 07:00:00
QXNirTL84KUsi2ZGntOYA15Vauoi90aLnLoh/zXK7AY=,1970-01-07 07:31:18.939628,1970-01-07 08:40:00,1970-01-07 08:45:00,0.005279541015625,0.01995849609375,0.0002117156982421875,0.0041046142578125,0.00156402587890625,0.00411224365234375,1970-01-07 07:00:00
QXNirTL84KUsi2ZGntOYA15Vauoi90aLnLoh/zXK7AY=,1970-01-07 07:31:18.940756,1970-01-07 08:40:00,1970-01-07 08:45:00,0.005279541015625,0.01995849609375,0.0002117156982421875,0.0041046142578125,0.00156402587890625,0.00411224365234375,1970-01-07 07:00:00
QXNirTL84KUsi2ZGntOYA15Vauoi90aLnLoh/zXK7AY=,1970-01-07 07:31:18.940922,1970-01-07 08:40:00,1970-01-07 08:45:00,0.005279541015625,0.01995849609375,0.0002117156982421875,0.0041046142578125,0.00156402587890625,0.00411224365234375,1970-01-07 07:00:00
QXNirTL84KUsi2ZGntOYA15Vauoi90aLnLoh/zXK7AY=,1970-01-07 07:31:18.941014,1970-01-07 08:40:00,1970-01-07 08:45:00,0.005279541015625,0.01995849609375,0.0002117156982421875,0.0041046142578125,0.00156402587890625,0.00411224365234375,1970-01-07 07:00:00
QXNirTL84KUsi2ZGntOYA15Vauoi90aLnLoh/zXK7AY=,1970-01-07 07:31:18.942594,1970-01-07 08:40:00,1970-01-07 08:45:00,0.005279541015625,0.01995849609375,0.0002117156982421875,0.0041046142578125,0.00156402587890625,0.00411224365234375,1970-01-07 07:00:00
QXNirTL84KUsi2ZGntOYA15Vauoi90aLnLoh/zXK7AY=,1970-01-07 07:31:18.943712,1970-01-07 08:40:00,1970-01-07 08:45:00,0.005279541015625,0.01995849609375,0.0002117156982421875,0.0041046142578125,0.00156402587890625,0.00411224365234375,1970-01-07 07:00:00
QXNirTL84KUsi2ZGntOYA15Vauoi90aLnLoh/zXK7AY=,1970-01-07 07:31:18.943742,1970-01-07 08:40:00,1970-01-07 08:45:00,0.005279541015625,0.01995849609375,0.0002117156982421875,0.0041046142578125,0.00156402587890625,0.00411224365234375,1970-01-07 07:00:00
QXNirTL84KUsi2ZGntOYA15Vauoi90aLnLoh/zXK7AY=,1970-01-07 07:31:18.944010,1970-01-07 08:40:00,1970-01-07 08:45:00,0.005279541015625,0.01995849609375,0.0002117156982421875,0.0041046142578125,0.00156402587890625,0.00411224365234375,1970-01-07 07:00:00
QXNirTL84KUsi2ZGntOYA15Vauoi90aLnLoh/zXK7AY=,1970-01-07 07:31:18.944656,1970-01-07 08:40:00,1970-01-07 08:45:00,0.005279541015625,0.01995849609375,0.0002117156982421875,0.0041046142578125,0.00156402587890625,0.00411224365234375,1970-01-07 07:00:00
QXNirTL84KUsi2ZGntOYA15Vauoi90aLnLoh/zXK7AY=,1970-01-07 07:31:18.945244,1970-01-07 08:40:00,1970-01-07 08:45:00,0.005279541015625,0.01995849609375,0.0002117156982421875,0.0041046142578125,0.00156402587890625,0.00411224365234375,1970-01-07 07:00:00
QXNirTL84KUsi2ZGntOYA15Vauoi90aLnLoh/zXK7AY=,1970-01-07 07:31:18.956319,1970-01-07 08:40:00,1970-01-07 08:45:00,0.005279541015625,0.01995849609375,0.0002117156982421875,0.0041046142578125,0.00156402587890625,0.00411224365234375,1970-01-07 07:00:00
QXNirTL84KUsi2ZGntOYA15Vauoi90aLnLoh/zXK7AY=,1970-01-07 07:31:18.956343,1970-01-07 08:40:00,1970-01-07 08:45:00,0.005279541015625,0.01995849609375,0.0002117156982421875,0.0041046142578125,0.00156402587890625,0.00411224365234375,1970-01-07 07:00:00
QXNirTL84KUsi2ZGntOYA15Vauoi90aLnLoh/zXK7AY=,1970-01-07 07:31:18.956733,1970-01-07 08:40:00,1970-01-07 08:45:00,0.005279541015625,0.01995849609375,0.0002117156982421875,0.0041046142578125,0.00156402587890625,0.00411224365234375,1970-01-07 07:00:00
QXNirTL84KUsi2ZGntOYA15Vauoi90aLnLoh/zXK7AY=,1970-01-07 07:31:18.958314,1970-01-07 08:40:00,1970-01-07 08:45:00,0.005279541015625,0.01995849609375,0.0002117156982421875,0.0041046142578125,0.00156402587890625,0.00411224365234375,1970-01-07 07:00:00
QXNirTL84KUsi2ZGntOYA15Vauoi90aLnLoh/zXK7AY=,1970-01-07 07:31:18.965251,1970-01-07 08:40:00,1970-01-07 08:45:00,0.005279541015625,0.01995849609375,0.0002117156982421875,0.0041046142578125,0.00156402587890625,0.00411224365234375,1970-01-07 07:00:00
QXNirTL84KUsi2ZGntOYA15Vauoi90aLnLoh/zXK7AY=,1970-01-07 07:31:18.965814,1970-01-07 08:40:00,1970-01-07 08:45:00,0.005279541015625,0.01995849609375,0.0002117156982421875,0.0041046142578125,0.00156402587890625,0.00411224365234375,1970-01-07 07:00:00
QXNirTL84KUsi2ZGntOYA15Vauoi90aLnLoh/zXK7AY=,1970-01-07 07:31:21.211800,1970-01-07 08:40:00,1970-01-07 08:45:00,0.005279541015625,0.01995849609375,0.0002117156982421875,0.0041046142578125,0.00156402587890625,0.00411224365234375,1970-01-07 07:00:00
QXNirTL84KUsi2ZGntOYA15Vauoi90aLnLoh/zXK7AY=,1970-01-07 08:26:39.706267,1970-01-05 17:05:00,1970-01-05 17:10:00,0.002376556396484375,0.01702880859375,0.0074920654296875,0.00743865966796875,0.03338623046875,0.00762176513671875,1970-01-07 08:00:00
QXNirTL84KUsi2ZGntOYA15Vauoi90aLnLoh/zXK7AY=,1970-01-07 09:59:39.007599,1970-01-05 17:05:00,1970-01-05 17:10:00,0.002376556396484375,0.01702880859375,0.0074920654296875,0.00743865966796875,0.03338623046875,0.00762176513671875,1970-01-07 09:00:00
QXNirTL84KUsi2ZGntOYA15Vauoi90aLnLoh/zXK7AY=,1970-01-07 11:32:38.661843,1970-01-05 17:05:00,1970-01-05 17:10:00,0.002376556396484375,0.01702880859375,0.0074920654296875,0.00743865966796875,0.03338623046875,0.00762176513671875,1970-01-07 11:00:00
QXNirTL84KUsi2ZGntOYA15Vauoi90aLnLoh/zXK7AY=,1970-01-07 13:05:38.497032,1970-01-05 17:05:00,1970-01-05 17:10:00,0.002376556396484375,0.01702880859375,0.0074920654296875,0.00743865966796875,0.03338623046875,0.00762176513671875,1970-01-07 13:00:00
QXNirTL84KUsi2ZGntOYA15Vauoi90aLnLoh/zXK7AY=,1970-01-07 16:13:09.236053,1970-01-05 17:05:00,1970-01-05 17:10:00,0.002201080322265625,0.01702880859375,0.0074920654296875,0.00743865966796875,0.03338623046875,0.00762176513671875,1970-01-07 16:00:00
QXNirTL84KUsi2ZGntOYA15Vauoi90aLnLoh/zXK7AY=,1970-01-07 19:24:10.035027,1970-01-05 17:05:00,1970-01-05 17:10:00,0.002201080322265625,0.01702880859375,0.0074920654296875,0.00743865966796875,0.03338623046875,0.00762176513671875,1970-01-07 19:00:00
QXNirTL84KUsi2ZGntOYA15Vauoi90aLnLoh/zXK7AY=,1970-01-07 21:00:10.725931,1970-01-05 17:05:00,1970-01-05 17:10:00,0.002201080322265625,0.01702880859375,0.0074920654296875,0.00743865966796875,0.03338623046875,0.00762176513671875,1970-01-07 21:00:00
QXNirTL84KUsi2ZGntOYA15Vauoi90aLnLoh/zXK7AY=,1970-01-13 11:28:30.627721,1970-01-13 23:05:00,1970-01-13 23:10:00,0.00704193115234375,0.0181884765625,0.00022602081298828125,0.00238800048828125,0.001186370849609375,0.0023956298828125,1970-01-13 11:00:00
QXNirTL84KUsi2ZGntOYA15Vauoi90aLnLoh/zXK7AY=,1970-01-13 11:28:30.628281,1970-01-13 23:05:00,1970-01-13 23:10:00,0.00704193115234375,0.0181884765625,0.00022602081298828125,0.00238800048828125,0.001186370849609375,0.0023956298828125,1970-01-13 11:00:00
QXNirTL84KUsi2ZGntOYA15Vauoi90aLnLoh/zXK7AY=,1970-01-13 11:28:30.628555,1970-01-13 23:05:00,1970-01-13 23:10:00,0.00704193115234375,0.0181884765625,0.00022602081298828125,0.00238800048828125,0.001186370849609375,0.0023956298828125,1970-01-13 11:00:00
QXNirTL84KUsi2ZGntOYA15Vauoi90aLnLoh/zXK7AY=,1970-01-13 11:28:30.628667,1970-01-13 23:05:00,1970-01-13 23:10:00,0.00704193115234375,0.0181884765625,0.00022602081298828125,0.00238800048828125,0.001186370849609375,0.0023956298828125,1970-01-13 11:00:00
QXNirTL84KUsi2ZGntOYA15Vauoi90aLnLoh/zXK7AY=,1970-01-13 11:28:30.629739,1970-01-13 23:05:00,1970-01-13 23:10:00,0.00704193115234375,0.0181884765625,0.00022602081298828125,0.00238800048828125,0.001186370849609375,0.0023956298828125,1970-01-13 11:00:00
QXNirTL84KUsi2ZGntOYA15Vauoi90aLnLoh/zXK7AY=,1970-01-13 11:28:30.630827,1970-01-13 23:05:00,1970-01-13 23:10:00,0.00704193115234375,0.0181884765625,0.00022602081298828125,0.00238800048828125,0.001186370849609375,0.0023956298828125,1970-01-13 11:00:00
QXNirTL84KUsi2ZGntOYA15Vauoi90aLnLoh/zXK7AY=,1970-01-13 11:28:30.631039,1970-01-13 23:05:00,1970-01-13 23:10:00,0.00704193115234375,0.0181884765625,0.00022602081298828125,0.00238800048828125,0.001186370849609375,0.0023956298828125,1970-01-13 11:00:00
QXNirTL84KUsi2ZGntOYA15Vauoi90aLnLoh/zXK7AY=,1970-01-13 11:28:30.632213,1970-01-13 23:05:00,1970-01-13 23:10:00,0.00704193115234375,0.0181884765625,0.00022602081298828125,0.00238800048828125,0.001186370849609375,0.0023956298828125,1970-01-13 11:00:00
QXNirTL84KUsi2ZGntOYA15Vauoi90aLnLoh/zXK7AY=,1970-01-13 11:28:30.632573,1970-01-13 23:05:00,1970-01-13 23:10:00,0.00704193115234375,0.0181884765625,0.00022602081298828125,0.00238800048828125,0.001186370849609375,0.0023956298828125,1970-01-13 11:00:00
QXNirTL84KUsi2ZGntOYA15Vauoi90aLnLoh/zXK7AY=,1970-01-13 11:28:30.632869,1970-01-13 23:05:00,1970-01-13 23:10:00,0.00704193115234375,0.0181884765625,0.00022602081298828125,0.00238800048828125,0.001186370849609375,0.0023956298828125,1970-01-13 11:00:00
QXNirTL84KUsi2ZGntOYA15Vauoi90aLnLoh/zXK7AY=,1970-01-13 11:28:30.633095,1970-01-13 23:05:00,1970-01-13 23:10:00,0.00704193115234375,0.0181884765625,0.00022602081298828125,0.00238800048828125,0.001186370849609375,0.0023956298828125,1970-01-13 11:00:00
QXNirTL84KUsi2ZGntOYA15Vauoi90aLnLoh/zXK7AY=,1970-01-13 11:28:30.633229,1970-01-13 23:05:00,1970-01-13 23:10:00,0.00704193115234375,0.0181884765625,0.00022602081298828125,0.00238800048828125,0.001186370849609375,0.0023956298828125,1970-01-13 11:00:00
QXNirTL84KUsi2ZGntOYA15Vauoi90aLnLoh/zXK7AY=,1970-01-13 11:28:30.645076,1970-01-13 23:05:00,1970-01-13 23:10:00,0.00704193115234375,0.0181884765625,0.00022602081298828125,0.00238800048828125,0.001186370849609375,0.0023956298828125,1970-01-13 11:00:00
QXNirTL84KUsi2ZGntOYA15Vauoi90aLnLoh/zXK7AY=,1970-01-13 11:28:30.645163,1970-01-13 23:05:00,1970-01-13 23:10:00,0.00704193115234375,0.0181884765625,0.00022602081298828125,0.00238800048828125,0.001186370849609375,0.0023956298828125,1970-01-13 11:00:00
QXNirTL84KUsi2ZGntOYA15Vauoi90aLnLoh/zXK7AY=,1970-01-13 11:28:30.646780,1970-01-13 23:05:00,1970-01-13 23:10:00,0.00704193115234375,0.0181884765625,0.00022602081298828125,0.00238800048828125,0.001186370849609375,0.0023956298828125,1970-01-13 11:00:00
QXNirTL84KUsi2ZGntOYA15Vauoi90aLnLoh/zXK7AY=,1970-01-15 19:43:27.476466,1970-01-16 22:55:00,1970-01-16 23:00:00,0.0042266845703125,0.02069091796875,0.00022792816162109375,0.001331329345703125,0.0013427734375,0.001331329345703125,1970-01-15 19:00:00
QXNirTL84KUsi2ZGntOYA15Vauoi90aLnLoh/zXK7AY=,1970-01-15 19:43:33.759703,1970-01-16 22:55:00,1970-01-16 23:00:00,0.0042266845703125,0.02069091796875,0.00022792816162109375,0.001331329345703125,0.0013427734375,0.001331329345703125,1970-01-15 19:00:00
QXNirTL84KUsi2ZGntOYA15Vauoi90aLnLoh/zXK7AY=,1970-01-15 19:43:33.760081,1970-01-16 22:55:00,1970-01-16 23:00:00,0.0042266845703125,0.02069091796875,0.00022792816162109375,0.001331329345703125,0.0013427734375,0.001331329345703125,1970-01-15 19:00:00
QXNirTL84KUsi2ZGntOYA15Vauoi90aLnLoh/zXK7AY=,1970-01-15 19:43:33.760579,1970-01-16 22:55:00,1970-01-16 23:00:00,0.0042266845703125,0.02069091796875,0.00022792816162109375,0.001331329345703125,0.0013427734375,0.001331329345703125,1970-01-15 19:00:00
QXNirTL84KUsi2ZGntOYA15Vauoi90aLnLoh/zXK7AY=,1970-01-15 19:43:33.760723,1970-01-16 22:55:00,1970-01-16 23:00:00,0.0042266845703125,0.02069091796875,0.00022792816162109375,0.001331329345703125,0.0013427734375,0.001331329345703125,1970-01-15 19:00:00
QXNirTL84KUsi2ZGntOYA15Vauoi90aLnLoh/zXK7AY=,1970-01-15 19:43:33.760813,1970-01-16 22:55:00,1970-01-16 23:00:00,0.0042266845703125,0.02069091796875,0.00022792816162109375,0.001331329345703125,0.0013427734375,0.001331329345703125,1970-01-15 19:00:00
QXNirTL84KUsi2ZGntOYA15Vauoi90aLnLoh/zXK7AY=,1970-01-15 19:43:33.762907,1970-01-16 22:55:00,1970-01-16 23:00:00,0.0042266845703125,0.02069091796875,0.00022792816162109375,0.001331329345703125,0.0013427734375,0.001331329345703125,1970-01-15 19:00:00
QXNirTL84KUsi2ZGntOYA15Vauoi90aLnLoh/zXK7AY=,1970-01-15 19:43:33.762952,1970-01-16 22:55:00,1970-01-16 23:00:00,0.0042266845703125,0.02069091796875,0.00022792816162109375,0.001331329345703125,0.0013427734375,0.001331329345703125,1970-01-15 19:00:00
QXNirTL84KUsi2ZGntOYA15Vauoi90aLnLoh/zXK7AY=,1970-01-15 19:43:33.763681,1970-01-16 22:55:00,1970-01-16 23:00:00,0.0042266845703125,0.02069091796875,0.00022792816162109375,0.001331329345703125,0.0013427734375,0.001331329345703125,1970-01-15 19:00:00
QXNirTL84KUsi2ZGntOYA15Vauoi90aLnLoh/zXK7AY=,1970-01-15 19:43:33.764110,1970-01-16 22:55:00,1970-01-16 23:00:00,0.0042266845703125,0.02069091796875,0.00022792816162109375,0.001331329345703125,0.0013427734375,0.001331329345703125,1970-01-15 19:00:00
QXNirTL84KUsi2ZGntOYA15Vauoi90aLnLoh/zXK7AY=,1970-01-15 19:43:33.764512,1970-01-16 22:55:00,1970-01-16 23:00:00,0.0042266845703125,0.02069091796875,0.00022792816162109375,0.001331329345703125,0.0013427734375,0.001331329345703125,1970-01-15 19:00:00
QXNirTL84KUsi2ZGntOYA15Vauoi90aLnLoh/zXK7AY=,1970-01-15 19:43:33.764581,1970-01-16 22:55:00,1970-01-16 23:00:00,0.0042266845703125,0.02069091796875,0.00022792816162109375,0.001331329345703125,0.0013427734375,0.001331329345703125,1970-01-15 19:00:00
QXNirTL84KUsi2ZGntOYA15Vauoi90aLnLoh/zXK7AY=,1970-01-15 19:43:33.764870,1970-01-16 22:55:00,1970-01-16 23:00:00,0.0042266845703125,0.02069091796875,0.00022792816162109375,0.001331329345703125,0.0013427734375,0.001331329345703125,1970-01-15 19:00:00
QXNirTL84KUsi2ZGntOYA15Vauoi90aLnLoh/zXK7AY=,1970-01-15 19:43:33.765167,1970-01-16 22:55:00,1970-01-16 23:00:00,0.0042266845703125,0.02069091796875,0.00022792816162109375,0.001331329345703125,0.0013427734375,0.001331329345703125,1970-01-15 19:00:00
QXNirTL84KUsi2ZGntOYA15Vauoi90aLnLoh/zXK7AY=,1970-01-15 19:43:33.770149,1970-01-16 22:55:00,1970-01-16 23:00:00,0.0042266845703125,0.02069091796875,0.00022792816162109375,0.001331329345703125,0.0013427734375,0.001331329345703125,1970-01-15 19:00:00
QXNirTL84KUsi2ZGntOYA15Vauoi90aLnLoh/zXK7AY=,1970-01-15 19:43:35.905004,1970-01-16 22:55:00,1970-01-16 23:00:00,0.0042266845703125,0.02069091796875,0.00022792816162109375,0.001331329345703125,0.0013427734375,0.001331329345703125,1970-01-15 19:00:00
QXNirTL84KUsi2ZGntOYA15Vauoi90aLnLoh/zXK7AY=,1970-01-15 19:43:42.858132,1970-01-16 22:55:00,1970-01-16 23:00:00,0.0042266845703125,0.02069091796875,0.00022792816162109375,0.001331329345703125,0.0013427734375,0.001331329345703125,1970-01-15 19:00:00
QXNirTL84KUsi2ZGntOYA15Vauoi90aLnLoh/zXK7AY=,1970-01-15 19:50:32.134552,1970-01-16 22:55:00,1970-01-16 23:00:00,0.0042266845703125,0.02069091796875,0.00022792816162109375,0.001331329345703125,0.0013427734375,0.001331329345703125,1970-01-15 19:00:00
QXNirTL84KUsi2ZGntOYA15Vauoi90aLnLoh/zXK7AY=,1970-01-15 19:50:32.134908,1970-01-16 22:55:00,1970-01-16 23:00:00,0.0042266845703125,0.02069091796875,0.00022792816162109375,0.001331329345703125,0.0013427734375,0.001331329345703125,1970-01-15 19:00:00
QXNirTL84KUsi2ZGntOYA15Vauoi90aLnLoh/zXK7AY=,1970-01-15 19:50:32.134916,1970-01-16 22:55:00,1970-01-16 23:00:00,0.0042266845703125,0.02069091796875,0.00022792816162109375,0.001331329345703125,0.0013427734375,0.001331329345703125,1970-01-15 19:00:00
QXNirTL84KUsi2ZGntOYA15Vauoi90aLnLoh/zXK7AY=,1970-01-15 19:57:35.472887,1970-01-16 22:55:00,1970-01-16 23:00:00,0.0042266845703125,0.02069091796875,0.00022792816162109375,0.001331329345703125,0.0013427734375,0.001331329345703125,1970-01-15 19:00:00
QXNirTL84KUsi2ZGntOYA15Vauoi90aLnLoh/zXK7AY=,1970-01-15 20:08:11.102345,1970-01-16 22:55:00,1970-01-16 23:00:00,0.0042266845703125,0.02069091796875,0.00022792816162109375,0.001331329345703125,0.0013427734375,0.001331329345703125,1970-01-15 20:00:00
QXNirTL84KUsi2ZGntOYA15Vauoi90aLnLoh/zXK7AY=,1970-01-15 20:21:07.710834,1970-01-16 22:55:00,1970-01-16 23:00:00,0.0042266845703125,0.02069091796875,0.00022792816162109375,0.001331329345703125,0.0013427734375,0.001331329345703125,1970-01-15 20:00:00
QXNirTL84KUsi2ZGntOYA15Vauoi90aLnLoh/zXK7AY=,1970-01-15 21:06:41.508281,1970-01-16 22:55:00,1970-01-16 23:00:00,0.00510406494140625,0.02069091796875,0.00022792816162109375,0.001331329345703125,0.0013427734375,0.001331329345703125,1970-01-15 21:00:00
QXNirTL84KUsi2ZGntOYA15Vauoi90aLnLoh/zXK7AY=,1970-01-15 21:06:41.508884,1970-01-16 22:55:00,1970-01-16 23:00:00,0.00510406494140625,0.02069091796875,0.00022792816162109375,0.001331329345703125,0.0013427734375,0.001331329345703125,1970-01-15 21:00:00
QXNirTL84KUsi2ZGntOYA15Vauoi90aLnLoh/zXK7AY=,1970-01-15 21:06:41.509055,1970-01-16 22:55:00,1970-01-16 23:00:00,0.00510406494140625,0.02069091796875,0.00022792816162109375,0.001331329345703125,0.0013427734375,0.001331329345703125,1970-01-15 21:00:00
QXNirTL84KUsi2ZGntOYA15Vauoi90aLnLoh/zXK7AY=,1970-01-15 21:06:41.509754,1970-01-16 22:55:00,1970-01-16 23:00:00,0.00510406494140625,0.02069091796875,0.00022792816162109375,0.001331329345703125,0.0013427734375,0.001331329345703125,1970-01-15 21:00:00
QXNirTL84KUsi2ZGntOYA15Vauoi90aLnLoh/zXK7AY=,1970-01-15 21:06:41.510202,1970-01-16 22:55:00,1970-01-16 23:00:00,0.00510406494140625,0.02069091796875,0.00022792816162109375,0.001331329345703125,0.0013427734375,0.001331329345703125,1970-01-15 21:00:00
QXNirTL84KUsi2ZGntOYA15Vauoi90aLnLoh/zXK7AY=,1970-01-15 21:06:41.511582,1970-01-16 22:55:00,1970-01-16 23:00:00,0.00510406494140625,0.02069091796875,0.00022792816162109375,0.001331329345703125,0.0013427734375,0.001331329345703125,1970-01-15 21:00:00
QXNirTL84KUsi2ZGntOYA15Vauoi90aLnLoh/zXK7AY=,1970-01-15 21:06:41.511642,1970-01-16 22:55:00,1970-01-16 23:00:00,0.00510406494140625,0.02069091796875,0.00022792816162109375,0.001331329345703125,0.0013427734375,0.001331329345703125,1970-01-15 21:00:00
QXNirTL84KUsi2ZGntOYA15Vauoi90aLnLoh/zXK7AY=,1970-01-15 21:06:41.512498,1970-01-16 22:55:00,1970-01-16 23:00:00,0.00510406494140625,0.02069091796875,0.00022792816162109375,0.001331329345703125,0.0013427734375,0.001331329345703125,1970-01-15 21:00:00
QXNirTL84KUsi2ZGntOYA15Vauoi90aLnLoh/zXK7AY=,1970-01-15 21:06:41.514438,1970-01-16 22:55:00,1970-01-16 23:00:00,0.00510406494140625,0.02069091796875,0.00022792816162109375,0.001331329345703125,0.0013427734375,0.001331329345703125,1970-01-15 21:00:00
QXNirTL84KUsi2ZGntOYA15Vauoi90aLnLoh/zXK7AY=,1970-01-15 21:06:41.514558,1970-01-16 22:55:00,1970-01-16 23:00:00,0.00510406494140625,0.02069091796875,0.00022792816162109375,0.001331329345703125,0.0013427734375,0.001331329345703125,1970-01-15 21:00:00
QXNirTL84KUsi2ZGntOYA15Vauoi90aLnLoh/zXK7AY=,1970-01-15 21:06:44.932714,1970-01-16 22:55:00,1970-01-16 23:00:00,0.00510406494140625,0.02069091796875,0.00022792816162109375,0.001331329345703125,0.0013427734375,0.001331329345703125,1970-01-15 21:00:00
QXNirTL84KUsi2ZGntOYA15Vauoi90aLnLoh/zXK7AY=,1970-01-15 21:06:44.933081,1970-01-16 22:55:00,1970-01-16 23:00:00,0.00510406494140625,0.02069091796875,0.00022792816162109375,0.001331329345703125,0.0013427734375,0.001331329345703125,1970-01-15 21:00:00
QXNirTL84KUsi2ZGntOYA15Vauoi90aLnLoh/zXK7AY=,1970-01-15 21:06:44.933830,1970-01-16 22:55:00,1970-01-16 23:00:00,0.00510406494140625,0.02069091796875,0.00022792816162109375,0.001331329345703125,0.0013427734375,0.001331329345703125,1970-01-15 21:00:00
QXNirTL84KUsi2ZGntOYA15Vauoi90aLnLoh/zXK7AY=,1970-01-15 21:06:44.934118,1970-01-16 22:55:00,1970-01-16 23:00:00,0.00510406494140625,0.02069091796875,0.00022792816162109375,0.001331329345703125,0.0013427734375,0.001331329345703125,1970-01-15 21:00:00
QXNirTL84KUsi2ZGntOYA15Vauoi90aLnLoh/zXK7AY=,1970-01-15 21:06:44.934338,1970-01-16 22:55:00,1970-01-16 23:00:00,0.00510406494140625,0.02069091796875,0.00022792816162109375,0.001331329345703125,0.0013427734375,0.001331329345703125,1970-01-15 21:00:00
QXNirTL84KUsi2ZGntOYA15Vauoi90aLnLoh/zXK7AY=,1970-01-15 21:06:44.937334,1970-01-16 22:55:00,1970-01-16 23:00:00,0.00510406494140625,0.02069091796875,0.00022792816162109375,0.001331329345703125,0.0013427734375,0.001331329345703125,1970-01-15 21:00:00
QXNirTL84KUsi2ZGntOYA15Vauoi90aLnLoh/zXK7AY=,1970-01-15 21:06:44.937526,1970-01-16 22:55:00,1970-01-16 23:00:00,0.00510406494140625,0.02069091796875,0.00022792816162109375,0.001331329345703125,0.0013427734375,0.001331329345703125,1970-01-15 21:00:00
QXNirTL84KUsi2ZGntOYA15Vauoi90aLnLoh/zXK7AY=,1970-01-15 21:06:44.938461,1970-01-16 22:55:00,1970-01-16 23:00:00,0.00510406494140625,0.02069091796875,0.00022792816162109375,0.001331329345703125,0.0013427734375,0.001331329345703125,1970-01-15 21:00:00
QXNirTL84KUsi2ZGntOYA15Vauoi90aLnLoh/zXK7AY=,1970-01-15 21:06:44.938521,1970-01-16 22:55:00,1970-01-16 23:00:00,0.00510406494140625,0.02069091796875,0.00022792816162109375,0.001331329345703125,0.0013427734375,0.001331329345703125,1970-01-15 21:00:00
QXNirTL84KUsi2ZGntOYA15Vauoi90aLnLoh/zXK7AY=,1970-01-15 21:06:44.939220,1970-01-16 22:55:00,1970-01-16 23:00:00,0.00510406494140625,0.02069091796875,0.00022792816162109375,0.001331329345703125,0.0013427734375,0.001331329345703125,1970-01-15 21:00:00
QXNirTL84KUsi2ZGntOYA15Vauoi90aLnLoh/zXK7AY=,1970-01-15 21:06:44.939688,1970-01-16 22:55:00,1970-01-16 23:00:00,0.00510406494140625,0.02069091796875,0.00022792816162109375,0.001331329345703125,0.0013427734375,0.001331329345703125,1970-01-15 21:00:00
QXNirTL84KUsi2ZGntOYA15Vauoi90aLnLoh/zXK7AY=,1970-01-15 21:06:44.940084,1970-01-16 22:55:00,1970-01-16 23:00:00,0.00510406494140625,0.02069091796875,0.00022792816162109375,0.001331329345703125,0.0013427734375,0.001331329345703125,1970-01-15 21:00:00
QXNirTL84KUsi2ZGntOYA15Vauoi90aLnLoh/zXK7AY=,1970-01-15 21:06:44.940196,1970-01-16 22:55:00,1970-01-16 23:00:00,0.00510406494140625,0.02069091796875,0.00022792816162109375,0.001331329345703125,0.0013427734375,0.001331329345703125,1970-01-15 21:00:00
QXNirTL84KUsi2ZGntOYA15Vauoi90aLnLoh/zXK7AY=,1970-01-15 21:06:44.940627,1970-01-16 22:55:00,1970-01-16 23:00:00,0.00510406494140625,0.02069091796875,0.00022792816162109375,0.001331329345703125,0.0013427734375,0.001331329345703125,1970-01-15 21:00:00
QXNirTL84KUsi2ZGntOYA15Vauoi90aLnLoh/zXK7AY=,1970-01-15 21:06:44.940756,1970-01-16 22:55:00,1970-01-16 23:00:00,0.00510406494140625,0.02069091796875,0.00022792816162109375,0.001331329345703125,0.0013427734375,0.001331329345703125,1970-01-15 21:00:00
QXNirTL84KUsi2ZGntOYA15Vauoi90aLnLoh/zXK7AY=,1970-01-15 21:06:44.941359,1970-01-16 22:55:00,1970-01-16 23:00:00,0.00510406494140625,0.02069091796875,0.00022792816162109375,0.001331329345703125,0.0013427734375,0.001331329345703125,1970-01-15 21:00:00
QXNirTL84KUsi2ZGntOYA15Vauoi90aLnLoh/zXK7AY=,1970-01-15 21:06:44.941553,1970-01-16 22:55:00,1970-01-16 23:00:00,0.00510406494140625,0.02069091796875,0.00022792816162109375,0.001331329345703125,0.0013427734375,0.001331329345703125,1970-01-15 21:00:00
QXNirTL84KUsi2ZGntOYA15Vauoi90aLnLoh/zXK7AY=,1970-01-15 21:06:44.941678,1970-01-16 22:55:00,1970-01-16 23:00:00,0.00510406494140625,0.02069091796875,0.00022792816162109375,0.001331329345703125,0.0013427734375,0.001331329345703125,1970-01-15 21:00:00
QXNirTL84KUsi2ZGntOYA15Vauoi90aLnLoh/zXK7AY=,1970-01-15 21:06:44.942588,1970-01-16 22:55:00,1970-01-16 23:00:00,0.00510406494140625,0.02069091796875,0.00022792816162109375,0.001331329345703125,0.0013427734375,0.001331329345703125,1970-01-15 21:00:00
QXNirTL84KUsi2ZGntOYA15Vauoi90aLnLoh/zXK7AY=,1970-01-15 21:06:44.944536,1970-01-16 22:55:00,1970-01-16 23:00:00,0.00510406494140625,0.02069091796875,0.00022792816162109375,0.001331329345703125,0.0013427734375,0.001331329345703125,1970-01-15 21:00:00
QXNirTL84KUsi2ZGntOYA15Vauoi90aLnLoh/zXK7AY=,1970-01-15 22:36:41.894310,1970-01-16 22:55:00,1970-01-16 23:00:00,0.00510406494140625,0.02069091796875,0.00022792816162109375,0.001331329345703125,0.0013427734375,0.001331329345703125,1970-01-15 22:00:00
QXNirTL84KUsi2ZGntOYA15Vauoi90aLnLoh/zXK7AY=,1970-01-15 22:36:41.894837,1970-01-16 22:55:00,1970-01-16 23:00:00,0.00510406494140625,0.02069091796875,0.00022792816162109375,0.001331329345703125,0.0013427734375,0.001331329345703125,1970-01-15 22:00:00
QXNirTL84KUsi2ZGntOYA15Vauoi90aLnLoh/zXK7AY=,1970-01-15 22:46:44.403112,1970-01-16 22:55:00,1970-01-16 23:00:00,0.00510406494140625,0.02069091796875,0.00022792816162109375,0.001331329345703125,0.0013427734375,0.001331329345703125,1970-01-15 22:00:00
QXNirTL84KUsi2ZGntOYA15Vauoi90aLnLoh/zXK7AY=,1970-01-15 22:51:12.508278,1970-01-16 22:55:00,1970-01-16 23:00:00,0.00510406494140625,0.02069091796875,0.00022792816162109375,0.001331329345703125,0.0013427734375,0.001331329345703125,1970-01-15 22:00:00
QXNirTL84KUsi2ZGntOYA15Vauoi90aLnLoh/zXK7AY=,1970-01-15 22:51:12.508459,1970-01-16 22:55:00,1970-01-16 23:00:00,0.00510406494140625,0.02069091796875,0.00022792816162109375,0.001331329345703125,0.0013427734375,0.001331329345703125,1970-01-15 22:00:00
QXNirTL84KUsi2ZGntOYA15Vauoi90aLnLoh/zXK7AY=,1970-01-15 22:51:12.508798,1970-01-16 22:55:00,1970-01-16 23:00:00,0.00510406494140625,0.02069091796875,0.00022792816162109375,0.001331329345703125,0.0013427734375,0.001331329345703125,1970-01-15 22:00:00
QXNirTL84KUsi2ZGntOYA15Vauoi90aLnLoh/zXK7AY=,1970-01-15 22:51:12.508804,1970-01-16 22:55:00,1970-01-16 23:00:00,0.00510406494140625,0.02069091796875,0.00022792816162109375,0.001331329345703125,0.0013427734375,0.001331329345703125,1970-01-15 22:00:00
QXNirTL84KUsi2ZGntOYA15Vauoi90aLnLoh/zXK7AY=,1970-01-15 22:51:16.548023,1970-01-16 22:55:00,1970-01-16 23:00:00,0.00510406494140625,0.02069091796875,0.00022792816162109375,0.001331329345703125,0.0013427734375,0.001331329345703125,1970-01-15 22:00:00
QXNirTL84KUsi2ZGntOYA15Vauoi90aLnLoh/zXK7AY=,1970-01-15 23:22:10.192906,1970-01-16 22:55:00,1970-01-16 23:00:00,0.00510406494140625,0.02069091796875,0.00022792816162109375,0.001331329345703125,0.0013427734375,0.001331329345703125,1970-01-15 23:00:00
QXNirTL84KUsi2ZGntOYA15Vauoi90aLnLoh/zXK7AY=,1970-01-15 23:27:41.131191,1970-01-16 22:55:00,1970-01-16 23:00:00,0.00510406494140625,0.02069091796875,0.00022792816162109375,0.001331329345703125,0.0013427734375,0.001331329345703125,1970-01-15 23:00:00
QXNirTL84KUsi2ZGntOYA15Vauoi90aLnLoh/zXK7AY=,1970-01-15 23:43:08.701257,1970-01-16 22:55:00,1970-01-16 23:00:00,0.00510406494140625,0.01654052734375,0.00022792816162109375,0.001331329345703125,0.0013427734375,0.001331329345703125,1970-01-15 23:00:00
QXNirTL84KUsi2ZGntOYA15Vauoi90aLnLoh/zXK7AY=,1970-01-15 23:48:06.338530,1970-01-16 22:55:00,1970-01-16 23:00:00,0.00510406494140625,0.01654052734375,0.00022792816162109375,0.001331329345703125,0.0013427734375,0.001331329345703125,1970-01-15 23:00:00
QXNirTL84KUsi2ZGntOYA15Vauoi90aLnLoh/zXK7AY=,1970-01-16 00:13:37.917388,1970-01-16 22:55:00,1970-01-16 23:00:00,0.00510406494140625,0.01654052734375,0.00022792816162109375,0.001331329345703125,0.0013427734375,0.001331329345703125,1970-01-16 00:00:00
QXNirTL84KUsi2ZGntOYA15Vauoi90aLnLoh/zXK7AY=,1970-01-16 02:09:02.545273,1970-01-16 19:00:00,1970-01-16 19:05:00,0.00510406494140625,0.0118255615234375,0.0003833770751953125,0.0029754638671875,0.001613616943359375,0.0029754638671875,1970-01-16 02:00:00
QXNirTL84KUsi2ZGntOYA15Vauoi90aLnLoh/zXK7AY=,1970-01-16 13:12:43.345037,1970-01-16 19:00:00,1970-01-16 19:05:00,0.00457763671875,0.0416259765625,0.0003833770751953125,0.0029754638671875,0.001613616943359375,0.0029754638671875,1970-01-16 13:00:00
QXNirTL84KUsi2ZGntOYA15Vauoi90aLnLoh/zXK7AY=,1970-01-16 14:12:28.353788,1970-01-16 19:00:00,1970-01-16 19:05:00,0.00457763671875,0.0416259765625,0.0003833770751953125,0.0029754638671875,0.001613616943359375,0.0029754638671875,1970-01-16 14:00:00
QXNirTL84KUsi2ZGntOYA15Vauoi90aLnLoh/zXK7AY=,1970-01-16 14:33:26.037845,1970-01-16 19:00:00,1970-01-16 19:05:00,0.00457763671875,0.0516357421875,0.0003833770751953125,0.0029754638671875,0.001613616943359375,0.0029754638671875,1970-01-16 14:00:00
QXNirTL84KUsi2ZGntOYA15Vauoi90aLnLoh/zXK7AY=,1970-01-16 14:37:05.077332,1970-01-16 19:00:00,1970-01-16 19:05:00,0.00457763671875,0.0516357421875,0.0003833770751953125,0.0029754638671875,0.001613616943359375,0.0029754638671875,1970-01-16 14:00:00
QXNirTL84KUsi2ZGntOYA15Vauoi90aLnLoh/zXK7AY=,1970-01-16 14:44:45.561802,1970-01-16 19:00:00,1970-01-16 19:05:00,0.00457763671875,0.0516357421875,0.0003833770751953125,0.0029754638671875,0.001613616943359375,0.0029754638671875,1970-01-16 14:00:00
QXNirTL84KUsi2ZGntOYA15Vauoi90aLnLoh/zXK7AY=,1970-01-16 14:56:13.811743,1970-01-16 19:00:00,1970-01-16 19:05:00,0.00457763671875,0.0516357421875,0.0003833770751953125,0.0029754638671875,0.001613616943359375,0.0029754638671875,1970-01-16 14:00:00
QXNirTL84KUsi2ZGntOYA15Vauoi90aLnLoh/zXK7AY=,1970-01-16 15:25:31.184148,1970-01-16 19:00:00,1970-01-16 19:05:00,0.00457763671875,0.0516357421875,0.0003833770751953125,0.0029754638671875,0.001613616943359375,0.0029754638671875,1970-01-16 15:00:00
QXNirTL84KUsi2ZGntOYA15Vauoi90aLnLoh/zXK7AY=,1970-01-16 15:25:31.631185,1970-01-16 19:00:00,1970-01-16 19:05:00,0.00457763671875,0.0516357421875,0.0003833770751953125,0.0029754638671875,0.001613616943359375,0.0029754638671875,1970-01-16 15:00:00
QXNirTL84KUsi2ZGntOYA15Vauoi90aLnLoh/zXK7AY=,1970-01-16 15:35:22.718044,1970-01-16 19:00:00,1970-01-16 19:05:00,0.00457763671875,0.0516357421875,0.0003833770751953125,0.0029754638671875,0.001613616943359375,0.0029754638671875,1970-01-16 15:00:00
QXNirTL84KUsi2ZGntOYA15Vauoi90aLnLoh/zXK7AY=,1970-01-16 15:37:37.444302,1970-01-16 19:00:00,1970-01-16 19:05:00,0.00457763671875,0.0516357421875,0.0003833770751953125,0.0029754638671875,0.001613616943359375,0.0029754638671875,1970-01-16 15:00:00
QXNirTL84KUsi2ZGntOYA15Vauoi90aLnLoh/zXK7AY=,1970-01-16 15:44:24.531577,1970-01-16 19:00:00,1970-01-16 19:05:00,0.00457763671875,0.0516357421875,0.0003833770751953125,0.0029754638671875,0.001613616943359375,0.0029754638671875,1970-01-16 15:00:00
QXNirTL84KUsi2ZGntOYA15Vauoi90aLnLoh/zXK7AY=,1970-01-16 15:49:32.611228,1970-01-16 19:00:00,1970-01-16 19:05:00,0.00457763671875,0.0516357421875,0.0003833770751953125,0.0029754638671875,0.001613616943359375,0.0029754638671875,1970-01-16 15:00:00
QXNirTL84KUsi2ZGntOYA15Vauoi90aLnLoh/zXK7AY=,1970-01-16 16:01:49.596128,1970-01-16 19:00:00,1970-01-16 19:05:00,0.00457763671875,0.0516357421875,0.0003833770751953125,0.0029754638671875,0.001613616943359375,0.0029754638671875,1970-01-16 16:00:00
QXNirTL84KUsi2ZGntOYA15Vauoi90aLnLoh/zXK7AY=,1970-01-16 16:29:37.832744,1970-01-16 22:55:00,1970-01-16 23:00:00,0.0041351318359375,0.0516357421875,0.00022792816162109375,0.001331329345703125,0.0013427734375,0.001331329345703125,1970-01-16 16:00:00
QXNirTL84KUsi2ZGntOYA15Vauoi90aLnLoh/zXK7AY=,1970-01-16 16:29:37.833136,1970-01-16 22:55:00,1970-01-16 23:00:00,0.0041351318359375,0.0516357421875,0.00022792816162109375,0.001331329345703125,0.0013427734375,0.001331329345703125,1970-01-16 16:00:00
QXNirTL84KUsi2ZGntOYA15Vauoi90aLnLoh/zXK7AY=,1970-01-16 16:29:37.833308,1970-01-16 22:55:00,1970-01-16 23:00:00,0.0041351318359375,0.0516357421875,0.00022792816162109375,0.001331329345703125,0.0013427734375,0.001331329345703125,1970-01-16 16:00:00
QXNirTL84KUsi2ZGntOYA15Vauoi90aLnLoh/zXK7AY=,1970-01-16 16:29:37.833604,1970-01-16 22:55:00,1970-01-16 23:00:00,0.0041351318359375,0.0516357421875,0.00022792816162109375,0.001331329345703125,0.0013427734375,0.001331329345703125,1970-01-16 16:00:00
QXNirTL84KUsi2ZGntOYA15Vauoi90aLnLoh/zXK7AY=,1970-01-16 16:29:37.833780,1970-01-16 22:55:00,1970-01-16 23:00:00,0.0041351318359375,0.0516357421875,0.00022792816162109375,0.001331329345703125,0.0013427734375,0.001331329345703125,1970-01-16 16:00:00
QXNirTL84KUsi2ZGntOYA15Vauoi90aLnLoh/zXK7AY=,1970-01-16 16:29:37.833960,1970-01-16 22:55:00,1970-01-16 23:00:00,0.0041351318359375,0.0516357421875,0.00022792816162109375,0.001331329345703125,0.0013427734375,0.001331329345703125,1970-01-16 16:00:00
QXNirTL84KUsi2ZGntOYA15Vauoi90aLnLoh/zXK7AY=,1970-01-16 16:29:37.835435,1970-01-16 22:55:00,1970-01-16 23:00:00,0.0041351318359375,0.0516357421875,0.00022792816162109375,0.001331329345703125,0.0013427734375,0.001331329345703125,1970-01-16 16:00:00
QXNirTL84KUsi2ZGntOYA15Vauoi90aLnLoh/zXK7AY=,1970-01-16 16:29:37.835751,1970-01-16 22:55:00,1970-01-16 23:00:00,0.0041351318359375,0.0516357421875,0.00022792816162109375,0.001331329345703125,0.0013427734375,0.001331329345703125,1970-01-16 16:00:00
QXNirTL84KUsi2ZGntOYA15Vauoi90aLnLoh/zXK7AY=,1970-01-16 16:29:37.836641,1970-01-16 22:55:00,1970-01-16 23:00:00,0.0041351318359375,0.0516357421875,0.00022792816162109375,0.001331329345703125,0.0013427734375,0.001331329345703125,1970-01-16 16:00:00
QXNirTL84KUsi2ZGntOYA15Vauoi90aLnLoh/zXK7AY=,1970-01-16 16:29:37.836647,1970-01-16 22:55:00,1970-01-16 23:00:00,0.0041351318359375,0.0516357421875,0.00022792816162109375,0.001331329345703125,0.0013427734375,0.001331329345703125,1970-01-16 16:00:00
QXNirTL84KUsi2ZGntOYA15Vauoi90aLnLoh/zXK7AY=,1970-01-16 16:29:37.838425,1970-01-16 22:55:00,1970-01-16 23:00:00,0.0041351318359375,0.0516357421875,0.00022792816162109375,0.001331329345703125,0.0013427734375,0.001331329345703125,1970-01-16 16:00:00
QXNirTL84KUsi2ZGntOYA15Vauoi90aLnLoh/zXK7AY=,1970-01-16 20:15:38.009614,1970-01-16 22:55:00,1970-01-16 23:00:00,0.003787994384765625,0.03802490234375,0.00022792816162109375,0.001331329345703125,0.0013427734375,0.001331329345703125,1970-01-16 20:00:00
QXNirTL84KUsi2ZGntOYA15Vauoi90aLnLoh/zXK7AY=,1970-01-17 01:11:06.395054,1970-01-16 22:55:00,1970-01-16 23:00:00,0.003082275390625,0.015899658203125,0.00022792816162109375,0.001331329345703125,0.0013427734375,0.001331329345703125,1970-01-17 01:00:00
QXNirTL84KUsi2ZGntOYA15Vauoi90aLnLoh/zXK7AY=,1970-01-17 01:11:06.395559,1970-01-16 22:55:00,1970-01-16 23:00:00,0.003082275390625,0.015899658203125,0.00022792816162109375,0.001331329345703125,0.0013427734375,0.001331329345703125,1970-01-17 01:00:00
QXNirTL84KUsi2ZGntOYA15Vauoi90aLnLoh/zXK7AY=,1970-01-17 01:11:06.395749,1970-01-16 22:55:00,1970-01-16 23:00:00,0.003082275390625,0.015899658203125,0.00022792816162109375,0.001331329345703125,0.0013427734375,0.001331329345703125,1970-01-17 01:00:00
QXNirTL84KUsi2ZGntOYA15Vauoi90aLnLoh/zXK7AY=,1970-01-17 01:11:06.395847,1970-01-16 22:55:00,1970-01-16 23:00:00,0.003082275390625,0.015899658203125,0.00022792816162109375,0.001331329345703125,0.0013427734375,0.001331329345703125,1970-01-17 01:00:00
QXNirTL84KUsi2ZGntOYA15Vauoi90aLnLoh/zXK7AY=,1970-01-17 01:11:06.396000,1970-01-16 22:55:00,1970-01-16 23:00:00,0.003082275390625,0.015899658203125,0.00022792816162109375,0.001331329345703125,0.0013427734375,0.001331329345703125,1970-01-17 01:00:00
QXNirTL84KUsi2ZGntOYA15Vauoi90aLnLoh/zXK7AY=,1970-01-17 01:11:06.396190,1970-01-16 22:55:00,1970-01-16 23:00:00,0.003082275390625,0.015899658203125,0.00022792816162109375,0.001331329345703125,0.0013427734375,0.001331329345703125,1970-01-17 01:00:00
QXNirTL84KUsi2ZGntOYA15Vauoi90aLnLoh/zXK7AY=,1970-01-17 01:11:06.397451,1970-01-16 22:55:00,1970-01-16 23:00:00,0.003082275390625,0.015899658203125,0.00022792816162109375,0.001331329345703125,0.0013427734375,0.001331329345703125,1970-01-17 01:00:00
QXNirTL84KUsi2ZGntOYA15Vauoi90aLnLoh/zXK7AY=,1970-01-17 01:11:06.397666,1970-01-16 22:55:00,1970-01-16 23:00:00,0.003082275390625,0.015899658203125,0.00022792816162109375,0.001331329345703125,0.0013427734375,0.001331329345703125,1970-01-17 01:00:00
QXNirTL84KUsi2ZGntOYA15Vauoi90aLnLoh/zXK7AY=,1970-01-17 01:11:06.397911,1970-01-16 22:55:00,1970-01-16 23:00:00,0.003082275390625,0.015899658203125,0.00022792816162109375,0.001331329345703125,0.0013427734375,0.001331329345703125,1970-01-17 01:00:00
QXNirTL84KUsi2ZGntOYA15Vauoi90aLnLoh/zXK7AY=,1970-01-17 01:11:06.398581,1970-01-16 22:55:00,1970-01-16 23:00:00,0.003082275390625,0.015899658203125,0.00022792816162109375,0.001331329345703125,0.0013427734375,0.001331329345703125,1970-01-17 01:00:00
QXNirTL84KUsi2ZGntOYA15Vauoi90aLnLoh/zXK7AY=,1970-01-17 01:11:06.399580,1970-01-16 22:55:00,1970-01-16 23:00:00,0.003082275390625,0.015899658203125,0.00022792816162109375,0.001331329345703125,0.0013427734375,0.001331329345703125,1970-01-17 01:00:00
QXNirTL84KUsi2ZGntOYA15Vauoi90aLnLoh/zXK7AY=,1970-01-17 01:30:15.006752,1970-01-16 22:55:00,1970-01-16 23:00:00,0.002819061279296875,0.015899658203125,0.00022792816162109375,0.001331329345703125,0.0013427734375,0.001331329345703125,1970-01-17 01:00:00
QXNirTL84KUsi2ZGntOYA15Vauoi90aLnLoh/zXK7AY=,1970-01-17 01:30:15.006798,1970-01-16 22:55:00,1970-01-16 23:00:00,0.002819061279296875,0.015899658203125,0.00022792816162109375,0.001331329345703125,0.0013427734375,0.001331329345703125,1970-01-17 01:00:00
QXNirTL84KUsi2ZGntOYA15Vauoi90aLnLoh/zXK7AY=,1970-01-17 01:30:15.006959,1970-01-16 22:55:00,1970-01-16 23:00:00,0.002819061279296875,0.015899658203125,0.00022792816162109375,0.001331329345703125,0.0013427734375,0.001331329345703125,1970-01-17 01:00:00
QXNirTL84KUsi2ZGntOYA15Vauoi90aLnLoh/zXK7AY=,1970-01-17 01:30:15.006963,1970-01-16 22:55:00,1970-01-16 23:00:00,0.002819061279296875,0.015899658203125,0.00022792816162109375,0.001331329345703125,0.0013427734375,0.001331329345703125,1970-01-17 01:00:00
QXNirTL84KUsi2ZGntOYA15Vauoi90aLnLoh/zXK7AY=,1970-01-17 01:30:15.007092,1970-01-16 22:55:00,1970-01-16 23:00:00,0.002819061279296875,0.015899658203125,0.00022792816162109375,0.001331329345703125,0.0013427734375,0.001331329345703125,1970-01-17 01:00:00
QXNirTL84KUsi2ZGntOYA15Vauoi90aLnLoh/zXK7AY=,1970-01-17 01:30:15.008361,1970-01-16 22:55:00,1970-01-16 23:00:00,0.002819061279296875,0.015899658203125,0.00022792816162109375,0.001331329345703125,0.0013427734375,0.001331329345703125,1970-01-17 01:00:00
QXNirTL84KUsi2ZGntOYA15Vauoi90aLnLoh/zXK7AY=,1970-01-17 01:30:15.008624,1970-01-16 22:55:00,1970-01-16 23:00:00,0.002819061279296875,0.015899658203125,0.00022792816162109375,0.001331329345703125,0.0013427734375,0.001331329345703125,1970-01-17 01:00:00
QXNirTL84KUsi2ZGntOYA15Vauoi90aLnLoh/zXK7AY=,1970-01-17 01:30:15.008877,1970-01-16 22:55:00,1970-01-16 23:00:00,0.002819061279296875,0.015899658203125,0.00022792816162109375,0.001331329345703125,0.0013427734375,0.001331329345703125,1970-01-17 01:00:00
QXNirTL84KUsi2ZGntOYA15Vauoi90aLnLoh/zXK7AY=,1970-01-17 01:30:15.009452,1970-01-16 22:55:00,1970-01-16 23:00:00,0.002819061279296875,0.015899658203125,0.00022792816162109375,0.001331329345703125,0.0013427734375,0.001331329345703125,1970-01-17 01:00:00
QXNirTL84KUsi2ZGntOYA15Vauoi90aLnLoh/zXK7AY=,1970-01-17 01:30:15.009498,1970-01-16 22:55:00,1970-01-16 23:00:00,0.002819061279296875,0.015899658203125,0.00022792816162109375,0.001331329345703125,0.0013427734375,0.001331329345703125,1970-01-17 01:00:00
QXNirTL84KUsi2ZGntOYA15Vauoi90aLnLoh/zXK7AY=,1970-01-17 01:30:15.010380,1970-01-16 22:55:00,1970-01-16 23:00:00,0.002819061279296875,0.015899658203125,0.00022792816162109375,0.001331329345703125,0.0013427734375,0.001331329345703125,1970-01-17 01:00:00
QXNirTL84KUsi2ZGntOYA15Vauoi90aLnLoh/zXK7AY=,1970-01-17 01:30:16.733880,1970-01-16 22:55:00,1970-01-16 23:00:00,0.002819061279296875,0.015899658203125,0.00022792816162109375,0.001331329345703125,0.0013427734375,0.001331329345703125,1970-01-17 01:00:00
QXNirTL84KUsi2ZGntOYA15Vauoi90aLnLoh/zXK7AY=,1970-01-17 01:41:11.687703,1970-01-16 22:55:00,1970-01-16 23:00:00,0.002819061279296875,0.015899658203125,0.00022792816162109375,0.001331329345703125,0.0013427734375,0.001331329345703125,1970-01-17 01:00:00
QXNirTL84KUsi2ZGntOYA15Vauoi90aLnLoh/zXK7AY=,1970-01-17 01:41:11.687995,1970-01-16 22:55:00,1970-01-16 23:00:00,0.002819061279296875,0.015899658203125,0.00022792816162109375,0.001331329345703125,0.0013427734375,0.001331329345703125,1970-01-17 01:00:00
QXNirTL84KUsi2ZGntOYA15Vauoi90aLnLoh/zXK7AY=,1970-01-17 01:41:11.688366,1970-01-16 22:55:00,1970-01-16 23:00:00,0.002819061279296875,0.015899658203125,0.00022792816162109375,0.001331329345703125,0.0013427734375,0.001331329345703125,1970-01-17 01:00:00
QXNirTL84KUsi2ZGntOYA15Vauoi90aLnLoh/zXK7AY=,1970-01-17 01:41:11.688376,1970-01-16 22:55:00,1970-01-16 23:00:00,0.002819061279296875,0.015899658203125,0.00022792816162109375,0.001331329345703125,0.0013427734375,0.001331329345703125,1970-01-17 01:00:00
QXNirTL84KUsi2ZGntOYA15Vauoi90aLnLoh/zXK7AY=,1970-01-17 01:41:11.688413,1970-01-16 22:55:00,1970-01-16 23:00:00,0.002819061279296875,0.015899658203125,0.00022792816162109375,0.001331329345703125,0.0013427734375,0.001331329345703125,1970-01-17 01:00:00
QXNirTL84KUsi2ZGntOYA15Vauoi90aLnLoh/zXK7AY=,1970-01-17 01:41:11.688539,1970-01-16 22:55:00,1970-01-16 23:00:00,0.002819061279296875,0.015899658203125,0.00022792816162109375,0.001331329345703125,0.0013427734375,0.001331329345703125,1970-01-17 01:00:00
QXNirTL84KUsi2ZGntOYA15Vauoi90aLnLoh/zXK7AY=,1970-01-17 01:41:11.689912,1970-01-16 22:55:00,1970-01-16 23:00:00,0.002819061279296875,0.015899658203125,0.00022792816162109375,0.001331329345703125,0.0013427734375,0.001331329345703125,1970-01-17 01:00:00
QXNirTL84KUsi2ZGntOYA15Vauoi90aLnLoh/zXK7AY=,1970-01-17 01:41:11.689975,1970-01-16 22:55:00,1970-01-16 23:00:00,0.002819061279296875,0.015899658203125,0.00022792816162109375,0.001331329345703125,0.0013427734375,0.001331329345703125,1970-01-17 01:00:00
QXNirTL84KUsi2ZGntOYA15Vauoi90aLnLoh/zXK7AY=,1970-01-17 01:41:11.690449,1970-01-16 22:55:00,1970-01-16 23:00:00,0.002819061279296875,0.015899658203125,0.00022792816162109375,0.001331329345703125,0.0013427734375,0.001331329345703125,1970-01-17 01:00:00
QXNirTL84KUsi2ZGntOYA15Vauoi90aLnLoh/zXK7AY=,1970-01-17 01:41:11.690873,1970-01-16 22:55:00,1970-01-16 23:00:00,0.002819061279296875,0.015899658203125,0.00022792816162109375,0.001331329345703125,0.0013427734375,0.001331329345703125,1970-01-17 01:00:00
QXNirTL84KUsi2ZGntOYA15Vauoi90aLnLoh/zXK7AY=,1970-01-17 01:41:11.690893,1970-01-16 22:55:00,1970-01-16 23:00:00,0.002819061279296875,0.015899658203125,0.00022792816162109375,0.001331329345703125,0.0013427734375,0.001331329345703125,1970-01-17 01:00:00
QXNirTL84KUsi2ZGntOYA15Vauoi90aLnLoh/zXK7AY=,1970-01-17 01:41:11.691836,1970-01-16 22:55:00,1970-01-16 23:00:00,0.002819061279296875,0.015899658203125,0.00022792816162109375,0.001331329345703125,0.0013427734375,0.001331329345703125,1970-01-17 01:00:00
QXNirTL84KUsi2ZGntOYA15Vauoi90aLnLoh/zXK7AY=,1970-01-17 01:54:08.470523,1970-01-16 22:55:00,1970-01-16 23:00:00,0.002819061279296875,0.015899658203125,0.00022792816162109375,0.001331329345703125,0.0013427734375,0.001331329345703125,1970-01-17 01:00:00
QXNirTL84KUsi2ZGntOYA15Vauoi90aLnLoh/zXK7AY=,1970-01-17 01:54:08.470885,1970-01-16 22:55:00,1970-01-16 23:00:00,0.002819061279296875,0.015899658203125,0.00022792816162109375,0.001331329345703125,0.0013427734375,0.001331329345703125,1970-01-17 01:00:00
QXNirTL84KUsi2ZGntOYA15Vauoi90aLnLoh/zXK7AY=,1970-01-17 01:54:08.470907,1970-01-16 22:55:00,1970-01-16 23:00:00,0.002819061279296875,0.015899658203125,0.00022792816162109375,0.001331329345703125,0.0013427734375,0.001331329345703125,1970-01-17 01:00:00
QXNirTL84KUsi2ZGntOYA15Vauoi90aLnLoh/zXK7AY=,1970-01-17 01:54:08.471167,1970-01-16 22:55:00,1970-01-16 23:00:00,0.002819061279296875,0.015899658203125,0.00022792816162109375,0.001331329345703125,0.0013427734375,0.001331329345703125,1970-01-17 01:00:00
QXNirTL84KUsi2ZGntOYA15Vauoi90aLnLoh/zXK7AY=,1970-01-17 01:54:08.471185,1970-01-16 22:55:00,1970-01-16 23:00:00,0.002819061279296875,0.015899658203125,0.00022792816162109375,0.001331329345703125,0.0013427734375,0.001331329345703125,1970-01-17 01:00:00
QXNirTL84KUsi2ZGntOYA15Vauoi90aLnLoh/zXK7AY=,1970-01-17 01:54:08.471207,1970-01-16 22:55:00,1970-01-16 23:00:00,0.002819061279296875,0.015899658203125,0.00022792816162109375,0.001331329345703125,0.0013427734375,0.001331329345703125,1970-01-17 01:00:00
QXNirTL84KUsi2ZGntOYA15Vauoi90aLnLoh/zXK7AY=,1970-01-17 01:54:08.472479,1970-01-16 22:55:00,1970-01-16 23:00:00,0.002819061279296875,0.015899658203125,0.00022792816162109375,0.001331329345703125,0.0013427734375,0.001331329345703125,1970-01-17 01:00:00
QXNirTL84KUsi2ZGntOYA15Vauoi90aLnLoh/zXK7AY=,1970-01-17 01:54:08.472630,1970-01-16 22:55:00,1970-01-16 23:00:00,0.002819061279296875,0.015899658203125,0.00022792816162109375,0.001331329345703125,0.0013427734375,0.001331329345703125,1970-01-17 01:00:00
QXNirTL84KUsi2ZGntOYA15Vauoi90aLnLoh/zXK7AY=,1970-01-17 01:54:08.472936,1970-01-16 22:55:00,1970-01-16 23:00:00,0.002819061279296875,0.015899658203125,0.00022792816162109375,0.001331329345703125,0.0013427734375,0.001331329345703125,1970-01-17 01:00:00
QXNirTL84KUsi2ZGntOYA15Vauoi90aLnLoh/zXK7AY=,1970-01-17 01:54:08.473577,1970-01-16 22:55:00,1970-01-16 23:00:00,0.002819061279296875,0.015899658203125,0.00022792816162109375,0.001331329345703125,0.0013427734375,0.001331329345703125,1970-01-17 01:00:00
QXNirTL84KUsi2ZGntOYA15Vauoi90aLnLoh/zXK7AY=,1970-01-17 01:54:08.473639,1970-01-16 22:55:00,1970-01-16 23:00:00,0.002819061279296875,0.015899658203125,0.00022792816162109375,0.001331329345703125,0.0013427734375,0.001331329345703125,1970-01-17 01:00:00
QXNirTL84KUsi2ZGntOYA15Vauoi90aLnLoh/zXK7AY=,1970-01-17 01:54:08.474429,1970-01-16 22:55:00,1970-01-16 23:00:00,0.002819061279296875,0.015899658203125,0.00022792816162109375,0.001331329345703125,0.0013427734375,0.001331329345703125,1970-01-17 01:00:00
QXNirTL84KUsi2ZGntOYA15Vauoi90aLnLoh/zXK7AY=,1970-01-17 02:09:39.230413,1970-01-16 22:55:00,1970-01-16 23:00:00,0.002819061279296875,0.015899658203125,0.00022792816162109375,0.001331329345703125,0.0013427734375,0.001331329345703125,1970-01-17 02:00:00
QXNirTL84KUsi2ZGntOYA15Vauoi90aLnLoh/zXK7AY=,1970-01-17 02:09:39.230834,1970-01-16 22:55:00,1970-01-16 23:00:00,0.002819061279296875,0.015899658203125,0.00022792816162109375,0.001331329345703125,0.0013427734375,0.001331329345703125,1970-01-17 02:00:00
QXNirTL84KUsi2ZGntOYA15Vauoi90aLnLoh/zXK7AY=,1970-01-17 02:09:39.230958,1970-01-16 22:55:00,1970-01-16 23:00:00,0.002819061279296875,0.015899658203125,0.00022792816162109375,0.001331329345703125,0.0013427734375,0.001331329345703125,1970-01-17 02:00:00
QXNirTL84KUsi2ZGntOYA15Vauoi90aLnLoh/zXK7AY=,1970-01-17 02:09:39.231058,1970-01-16 22:55:00,1970-01-16 23:00:00,0.002819061279296875,0.015899658203125,0.00022792816162109375,0.001331329345703125,0.0013427734375,0.001331329345703125,1970-01-17 02:00:00
QXNirTL84KUsi2ZGntOYA15Vauoi90aLnLoh/zXK7AY=,1970-01-17 02:09:39.231205,1970-01-16 22:55:00,1970-01-16 23:00:00,0.002819061279296875,0.015899658203125,0.00022792816162109375,0.001331329345703125,0.0013427734375,0.001331329345703125,1970-01-17 02:00:00
QXNirTL84KUsi2ZGntOYA15Vauoi90aLnLoh/zXK7AY=,1970-01-17 02:09:39.231304,1970-01-16 22:55:00,1970-01-16 23:00:00,0.002819061279296875,0.015899658203125,0.00022792816162109375,0.001331329345703125,0.0013427734375,0.001331329345703125,1970-01-17 02:00:00
QXNirTL84KUsi2ZGntOYA15Vauoi90aLnLoh/zXK7AY=,1970-01-17 02:09:39.232710,1970-01-16 22:55:00,1970-01-16 23:00:00,0.002819061279296875,0.015899658203125,0.00022792816162109375,0.001331329345703125,0.0013427734375,0.001331329345703125,1970-01-17 02:00:00
QXNirTL84KUsi2ZGntOYA15Vauoi90aLnLoh/zXK7AY=,1970-01-17 02:09:39.232730,1970-01-16 22:55:00,1970-01-16 23:00:00,0.002819061279296875,0.015899658203125,0.00022792816162109375,0.001331329345703125,0.0013427734375,0.001331329345703125,1970-01-17 02:00:00
QXNirTL84KUsi2ZGntOYA15Vauoi90aLnLoh/zXK7AY=,1970-01-17 02:09:39.233524,1970-01-16 22:55:00,1970-01-16 23:00:00,0.002819061279296875,0.015899658203125,0.00022792816162109375,0.001331329345703125,0.0013427734375,0.001331329345703125,1970-01-17 02:00:00
QXNirTL84KUsi2ZGntOYA15Vauoi90aLnLoh/zXK7AY=,1970-01-17 02:09:39.237089,1970-01-16 22:55:00,1970-01-16 23:00:00,0.002819061279296875,0.015899658203125,0.00022792816162109375,0.001331329345703125,0.0013427734375,0.001331329345703125,1970-01-17 02:00:00
QXNirTL84KUsi2ZGntOYA15Vauoi90aLnLoh/zXK7AY=,1970-01-17 02:09:39.238019,1970-01-16 22:55:00,1970-01-16 23:00:00,0.002819061279296875,0.015899658203125,0.00022792816162109375,0.001331329345703125,0.0013427734375,0.001331329345703125,1970-01-17 02:00:00
QXNirTL84KUsi2ZGntOYA15Vauoi90aLnLoh/zXK7AY=,1970-01-17 02:09:40.990053,1970-01-16 22:55:00,1970-01-16 23:00:00,0.002819061279296875,0.015899658203125,0.00022792816162109375,0.001331329345703125,0.0013427734375,0.001331329345703125,1970-01-17 02:00:00
QXNirTL84KUsi2ZGntOYA15Vauoi90aLnLoh/zXK7AY=,1970-01-17 02:38:39.072211,1970-01-16 22:55:00,1970-01-16 23:00:00,0.002819061279296875,0.015899658203125,0.00022792816162109375,0.001331329345703125,0.0013427734375,0.001331329345703125,1970-01-17 02:00:00
QXNirTL84KUsi2ZGntOYA15Vauoi90aLnLoh/zXK7AY=,1970-01-17 02:38:39.072651,1970-01-16 22:55:00,1970-01-16 23:00:00,0.002819061279296875,0.015899658203125,0.00022792816162109375,0.001331329345703125,0.0013427734375,0.001331329345703125,1970-01-17 02:00:00
QXNirTL84KUsi2ZGntOYA15Vauoi90aLnLoh/zXK7AY=,1970-01-17 02:38:39.072839,1970-01-16 22:55:00,1970-01-16 23:00:00,0.002819061279296875,0.015899658203125,0.00022792816162109375,0.001331329345703125,0.0013427734375,0.001331329345703125,1970-01-17 02:00:00
QXNirTL84KUsi2ZGntOYA15Vauoi90aLnLoh/zXK7AY=,1970-01-17 02:38:39.073091,1970-01-16 22:55:00,1970-01-16 23:00:00,0.002819061279296875,0.015899658203125,0.00022792816162109375,0.001331329345703125,0.0013427734375,0.001331329345703125,1970-01-17 02:00:00
QXNirTL84KUsi2ZGntOYA15Vauoi90aLnLoh/zXK7AY=,1970-01-17 02:38:39.073143,1970-01-16 22:55:00,1970-01-16 23:00:00,0.002819061279296875,0.015899658203125,0.00022792816162109375,0.001331329345703125,0.0013427734375,0.001331329345703125,1970-01-17 02:00:00
QXNirTL84KUsi2ZGntOYA15Vauoi90aLnLoh/zXK7AY=,1970-01-17 02:38:39.073387,1970-01-16 22:55:00,1970-01-16 23:00:00,0.002819061279296875,0.015899658203125,0.00022792816162109375,0.001331329345703125,0.0013427734375,0.001331329345703125,1970-01-17 02:00:00
QXNirTL84KUsi2ZGntOYA15Vauoi90aLnLoh/zXK7AY=,1970-01-17 02:38:39.074838,1970-01-16 22:55:00,1970-01-16 23:00:00,0.002819061279296875,0.015899658203125,0.00022792816162109375,0.001331329345703125,0.0013427734375,0.001331329345703125,1970-01-17 02:00:00
QXNirTL84KUsi2ZGntOYA15Vauoi90aLnLoh/zXK7AY=,1970-01-17 02:38:39.075140,1970-01-16 22:55:00,1970-01-16 23:00:00,0.002819061279296875,0.015899658203125,0.00022792816162109375,0.001331329345703125,0.0013427734375,0.001331329345703125,1970-01-17 02:00:00
QXNirTL84KUsi2ZGntOYA15Vauoi90aLnLoh/zXK7AY=,1970-01-17 02:38:39.075366,1970-01-16 22:55:00,1970-01-16 23:00:00,0.002819061279296875,0.015899658203125,0.00022792816162109375,0.001331329345703125,0.0013427734375,0.001331329345703125,1970-01-17 02:00:00
QXNirTL84KUsi2ZGntOYA15Vauoi90aLnLoh/zXK7AY=,1970-01-17 02:38:39.075984,1970-01-16 22:55:00,1970-01-16 23:00:00,0.002819061279296875,0.015899658203125,0.00022792816162109375,0.001331329345703125,0.0013427734375,0.001331329345703125,1970-01-17 02:00:00
QXNirTL84KUsi2ZGntOYA15Vauoi90aLnLoh/zXK7AY=,1970-01-17 02:38:39.076945,1970-01-16 22:55:00,1970-01-16 23:00:00,0.002819061279296875,0.015899658203125,0.00022792816162109375,0.001331329345703125,0.0013427734375,0.001331329345703125,1970-01-17 02:00:00
QXNirTL84KUsi2ZGntOYA15Vauoi90aLnLoh/zXK7AY=,1970-01-17 02:38:39.078549,1970-01-16 22:55:00,1970-01-16 23:00:00,0.002819061279296875,0.015899658203125,0.00022792816162109375,0.001331329345703125,0.0013427734375,0.001331329345703125,1970-01-17 02:00:00
QXNirTL84KUsi2ZGntOYA15Vauoi90aLnLoh/zXK7AY=,1970-01-17 06:38:08.798038,1970-01-16 22:55:00,1970-01-16 23:00:00,0.002552032470703125,0.015899658203125,0.00022792816162109375,0.001331329345703125,0.0013427734375,0.001331329345703125,1970-01-17 06:00:00
QXNirTL84KUsi2ZGntOYA15Vauoi90aLnLoh/zXK7AY=,1970-01-17 06:38:08.798366,1970-01-16 22:55:00,1970-01-16 23:00:00,0.002552032470703125,0.015899658203125,0.00022792816162109375,0.001331329345703125,0.0013427734375,0.001331329345703125,1970-01-17 06:00:00
QXNirTL84KUsi2ZGntOYA15Vauoi90aLnLoh/zXK7AY=,1970-01-17 06:38:08.798690,1970-01-16 22:55:00,1970-01-16 23:00:00,0.002552032470703125,0.015899658203125,0.00022792816162109375,0.001331329345703125,0.0013427734375,0.001331329345703125,1970-01-17 06:00:00
QXNirTL84KUsi2ZGntOYA15Vauoi90aLnLoh/zXK7AY=,1970-01-17 06:38:08.798782,1970-01-16 22:55:00,1970-01-16 23:00:00,0.002552032470703125,0.015899658203125,0.00022792816162109375,0.001331329345703125,0.0013427734375,0.001331329345703125,1970-01-17 06:00:00
QXNirTL84KUsi2ZGntOYA15Vauoi90aLnLoh/zXK7AY=,1970-01-17 06:38:08.798850,1970-01-16 22:55:00,1970-01-16 23:00:00,0.002552032470703125,0.015899658203125,0.00022792816162109375,0.001331329345703125,0.0013427734375,0.001331329345703125,1970-01-17 06:00:00
QXNirTL84KUsi2ZGntOYA15Vauoi90aLnLoh/zXK7AY=,1970-01-17 06:38:08.800546,1970-01-16 22:55:00,1970-01-16 23:00:00,0.002552032470703125,0.015899658203125,0.00022792816162109375,0.001331329345703125,0.0013427734375,0.001331329345703125,1970-01-17 06:00:00
QXNirTL84KUsi2ZGntOYA15Vauoi90aLnLoh/zXK7AY=,1970-01-17 06:38:08.800814,1970-01-16 22:55:00,1970-01-16 23:00:00,0.002552032470703125,0.015899658203125,0.00022792816162109375,0.001331329345703125,0.0013427734375,0.001331329345703125,1970-01-17 06:00:00
QXNirTL84KUsi2ZGntOYA15Vauoi90aLnLoh/zXK7AY=,1970-01-17 06:38:08.802006,1970-01-16 22:55:00,1970-01-16 23:00:00,0.002552032470703125,0.015899658203125,0.00022792816162109375,0.001331329345703125,0.0013427734375,0.001331329345703125,1970-01-17 06:00:00
QXNirTL84KUsi2ZGntOYA15Vauoi90aLnLoh/zXK7AY=,1970-01-17 06:38:08.802073,1970-01-16 22:55:00,1970-01-16 23:00:00,0.002552032470703125,0.015899658203125,0.00022792816162109375,0.001331329345703125,0.0013427734375,0.001331329345703125,1970-01-17 06:00:00
QXNirTL84KUsi2ZGntOYA15Vauoi90aLnLoh/zXK7AY=,1970-01-17 06:38:08.803148,1970-01-16 22:55:00,1970-01-16 23:00:00,0.002552032470703125,0.015899658203125,0.00022792816162109375,0.001331329345703125,0.0013427734375,0.001331329345703125,1970-01-17 06:00:00
QXNirTL84KUsi2ZGntOYA15Vauoi90aLnLoh/zXK7AY=,1970-01-17 06:49:08.849458,1970-01-16 22:55:00,1970-01-16 23:00:00,0.002552032470703125,0.015899658203125,0.00022792816162109375,0.001331329345703125,0.0013427734375,0.001331329345703125,1970-01-17 06:00:00
QXNirTL84KUsi2ZGntOYA15Vauoi90aLnLoh/zXK7AY=,1970-01-17 06:49:08.850022,1970-01-16 22:55:00,1970-01-16 23:00:00,0.002552032470703125,0.015899658203125,0.00022792816162109375,0.001331329345703125,0.0013427734375,0.001331329345703125,1970-01-17 06:00:00
QXNirTL84KUsi2ZGntOYA15Vauoi90aLnLoh/zXK7AY=,1970-01-17 06:49:08.850153,1970-01-16 22:55:00,1970-01-16 23:00:00,0.002552032470703125,0.015899658203125,0.00022792816162109375,0.001331329345703125,0.0013427734375,0.001331329345703125,1970-01-17 06:00:00
QXNirTL84KUsi2ZGntOYA15Vauoi90aLnLoh/zXK7AY=,1970-01-17 06:49:08.850458,1970-01-16 22:55:00,1970-01-16 23:00:00,0.002552032470703125,0.015899658203125,0.00022792816162109375,0.001331329345703125,0.0013427734375,0.001331329345703125,1970-01-17 06:00:00
QXNirTL84KUsi2ZGntOYA15Vauoi90aLnLoh/zXK7AY=,1970-01-17 06:49:08.850462,1970-01-16 22:55:00,1970-01-16 23:00:00,0.002552032470703125,0.015899658203125,0.00022792816162109375,0.001331329345703125,0.0013427734375,0.001331329345703125,1970-01-17 06:00:00
QXNirTL84KUsi2ZGntOYA15Vauoi90aLnLoh/zXK7AY=,1970-01-17 06:49:08.850513,1970-01-16 22:55:00,1970-01-16 23:00:00,0.002552032470703125,0.015899658203125,0.00022792816162109375,0.001331329345703125,0.0013427734375,0.001331329345703125,1970-01-17 06:00:00
QXNirTL84KUsi2ZGntOYA15Vauoi90aLnLoh/zXK7AY=,1970-01-17 06:49:08.851921,1970-01-16 22:55:00,1970-01-16 23:00:00,0.002552032470703125,0.015899658203125,0.00022792816162109375,0.001331329345703125,0.0013427734375,0.001331329345703125,1970-01-17 06:00:00
QXNirTL84KUsi2ZGntOYA15Vauoi90aLnLoh/zXK7AY=,1970-01-17 06:49:08.852395,1970-01-16 22:55:00,1970-01-16 23:00:00,0.002552032470703125,0.015899658203125,0.00022792816162109375,0.001331329345703125,0.0013427734375,0.001331329345703125,1970-01-17 06:00:00
QXNirTL84KUsi2ZGntOYA15Vauoi90aLnLoh/zXK7AY=,1970-01-17 06:49:08.852592,1970-01-16 22:55:00,1970-01-16 23:00:00,0.002552032470703125,0.015899658203125,0.00022792816162109375,0.001331329345703125,0.0013427734375,0.001331329345703125,1970-01-17 06:00:00
QXNirTL84KUsi2ZGntOYA15Vauoi90aLnLoh/zXK7AY=,1970-01-17 06:49:08.853229,1970-01-16 22:55:00,1970-01-16 23:00:00,0.002552032470703125,0.015899658203125,0.00022792816162109375,0.001331329345703125,0.0013427734375,0.001331329345703125,1970-01-17 06:00:00
QXNirTL84KUsi2ZGntOYA15Vauoi90aLnLoh/zXK7AY=,1970-01-17 06:49:08.853286,1970-01-16 22:55:00,1970-01-16 23:00:00,0.002552032470703125,0.015899658203125,0.00022792816162109375,0.001331329345703125,0.0013427734375,0.001331329345703125,1970-01-17 06:00:00
QXNirTL84KUsi2ZGntOYA15Vauoi90aLnLoh/zXK7AY=,1970-01-17 06:49:08.854183,1970-01-16 22:55:00,1970-01-16 23:00:00,0.002552032470703125,0.015899658203125,0.00022792816162109375,0.001331329345703125,0.0013427734375,0.001331329345703125,1970-01-17 06:00:00
QXNirTL84KUsi2ZGntOYA15Vauoi90aLnLoh/zXK7AY=,1970-01-17 07:08:40.627693,1970-01-16 22:55:00,1970-01-16 23:00:00,0.002552032470703125,0.015899658203125,0.00022792816162109375,0.001331329345703125,0.0013427734375,0.001331329345703125,1970-01-17 07:00:00
QXNirTL84KUsi2ZGntOYA15Vauoi90aLnLoh/zXK7AY=,1970-01-17 07:23:37.736373,1970-01-16 22:55:00,1970-01-16 23:00:00,0.002288818359375,0.015899658203125,0.00022792816162109375,0.001331329345703125,0.0013427734375,0.001331329345703125,1970-01-17 07:00:00
QXNirTL84KUsi2ZGntOYA15Vauoi90aLnLoh/zXK7AY=,1970-01-17 07:23:37.736829,1970-01-16 22:55:00,1970-01-16 23:00:00,0.002288818359375,0.015899658203125,0.00022792816162109375,0.001331329345703125,0.0013427734375,0.001331329345703125,1970-01-17 07:00:00
QXNirTL84KUsi2ZGntOYA15Vauoi90aLnLoh/zXK7AY=,1970-01-17 07:23:37.736950,1970-01-16 22:55:00,1970-01-16 23:00:00,0.002288818359375,0.015899658203125,0.00022792816162109375,0.001331329345703125,0.0013427734375,0.001331329345703125,1970-01-17 07:00:00
QXNirTL84KUsi2ZGntOYA15Vauoi90aLnLoh/zXK7AY=,1970-01-17 07:23:37.737317,1970-01-16 22:55:00,1970-01-16 23:00:00,0.002288818359375,0.015899658203125,0.00022792816162109375,0.001331329345703125,0.0013427734375,0.001331329345703125,1970-01-17 07:00:00
QXNirTL84KUsi2ZGntOYA15Vauoi90aLnLoh/zXK7AY=,1970-01-17 07:23:37.737398,1970-01-16 22:55:00,1970-01-16 23:00:00,0.002288818359375,0.015899658203125,0.00022792816162109375,0.001331329345703125,0.0013427734375,0.001331329345703125,1970-01-17 07:00:00
QXNirTL84KUsi2ZGntOYA15Vauoi90aLnLoh/zXK7AY=,1970-01-17 07:23:37.739035,1970-01-16 22:55:00,1970-01-16 23:00:00,0.002288818359375,0.015899658203125,0.00022792816162109375,0.001331329345703125,0.0013427734375,0.001331329345703125,1970-01-17 07:00:00
QXNirTL84KUsi2ZGntOYA15Vauoi90aLnLoh/zXK7AY=,1970-01-17 07:23:37.739197,1970-01-16 22:55:00,1970-01-16 23:00:00,0.002288818359375,0.015899658203125,0.00022792816162109375,0.001331329345703125,0.0013427734375,0.001331329345703125,1970-01-17 07:00:00
QXNirTL84KUsi2ZGntOYA15Vauoi90aLnLoh/zXK7AY=,1970-01-17 07:23:37.739624,1970-01-16 22:55:00,1970-01-16 23:00:00,0.002288818359375,0.015899658203125,0.00022792816162109375,0.001331329345703125,0.0013427734375,0.001331329345703125,1970-01-17 07:00:00
QXNirTL84KUsi2ZGntOYA15Vauoi90aLnLoh/zXK7AY=,1970-01-17 07:23:37.740167,1970-01-16 22:55:00,1970-01-16 23:00:00,0.002288818359375,0.015899658203125,0.00022792816162109375,0.001331329345703125,0.0013427734375,0.001331329345703125,1970-01-17 07:00:00
QXNirTL84KUsi2ZGntOYA15Vauoi90aLnLoh/zXK7AY=,1970-01-17 07:23:37.740307,1970-01-16 22:55:00,1970-01-16 23:00:00,0.002288818359375,0.015899658203125,0.00022792816162109375,0.001331329345703125,0.0013427734375,0.001331329345703125,1970-01-17 07:00:00
QXNirTL84KUsi2ZGntOYA15Vauoi90aLnLoh/zXK7AY=,1970-01-17 07:23:37.741715,1970-01-16 22:55:00,1970-01-16 23:00:00,0.002288818359375,0.015899658203125,0.00022792816162109375,0.001331329345703125,0.0013427734375,0.001331329345703125,1970-01-17 07:00:00
QXNirTL84KUsi2ZGntOYA15Vauoi90aLnLoh/zXK7AY=,1970-01-17 07:23:37.742573,1970-01-16 22:55:00,1970-01-16 23:00:00,0.002288818359375,0.015899658203125,0.00022792816162109375,0.001331329345703125,0.0013427734375,0.001331329345703125,1970-01-17 07:00:00
QXNirTL84KUsi2ZGntOYA15Vauoi90aLnLoh/zXK7AY=,1970-01-17 09:08:39.371429,1970-01-16 22:55:00,1970-01-16 23:00:00,0.002288818359375,0.012176513671875,0.00022792816162109375,0.001331329345703125,0.0013427734375,0.001331329345703125,1970-01-17 09:00:00
QXNirTL84KUsi2ZGntOYA15Vauoi90aLnLoh/zXK7AY=,1970-01-17 09:08:39.371789,1970-01-16 22:55:00,1970-01-16 23:00:00,0.002288818359375,0.012176513671875,0.00022792816162109375,0.001331329345703125,0.0013427734375,0.001331329345703125,1970-01-17 09:00:00
QXNirTL84KUsi2ZGntOYA15Vauoi90aLnLoh/zXK7AY=,1970-01-17 09:08:39.371935,1970-01-16 22:55:00,1970-01-16 23:00:00,0.002288818359375,0.012176513671875,0.00022792816162109375,0.001331329345703125,0.0013427734375,0.001331329345703125,1970-01-17 09:00:00
QXNirTL84KUsi2ZGntOYA15Vauoi90aLnLoh/zXK7AY=,1970-01-17 09:08:39.372117,1970-01-16 22:55:00,1970-01-16 23:00:00,0.002288818359375,0.012176513671875,0.00022792816162109375,0.001331329345703125,0.0013427734375,0.001331329345703125,1970-01-17 09:00:00
QXNirTL84KUsi2ZGntOYA15Vauoi90aLnLoh/zXK7AY=,1970-01-17 09:08:39.372232,1970-01-16 22:55:00,1970-01-16 23:00:00,0.002288818359375,0.012176513671875,0.00022792816162109375,0.001331329345703125,0.0013427734375,0.001331329345703125,1970-01-17 09:00:00
QXNirTL84KUsi2ZGntOYA15Vauoi90aLnLoh/zXK7AY=,1970-01-17 09:08:39.372388,1970-01-16 22:55:00,1970-01-16 23:00:00,0.002288818359375,0.012176513671875,0.00022792816162109375,0.001331329345703125,0.0013427734375,0.001331329345703125,1970-01-17 09:00:00
QXNirTL84KUsi2ZGntOYA15Vauoi90aLnLoh/zXK7AY=,1970-01-17 09:08:39.373883,1970-01-16 22:55:00,1970-01-16 23:00:00,0.002288818359375,0.012176513671875,0.00022792816162109375,0.001331329345703125,0.0013427734375,0.001331329345703125,1970-01-17 09:00:00
QXNirTL84KUsi2ZGntOYA15Vauoi90aLnLoh/zXK7AY=,1970-01-17 09:08:39.374089,1970-01-16 22:55:00,1970-01-16 23:00:00,0.002288818359375,0.012176513671875,0.00022792816162109375,0.001331329345703125,0.0013427734375,0.001331329345703125,1970-01-17 09:00:00
QXNirTL84KUsi2ZGntOYA15Vauoi90aLnLoh/zXK7AY=,1970-01-17 09:08:39.374436,1970-01-16 22:55:00,1970-01-16 23:00:00,0.002288818359375,0.012176513671875,0.00022792816162109375,0.001331329345703125,0.0013427734375,0.001331329345703125,1970-01-17 09:00:00
QXNirTL84KUsi2ZGntOYA15Vauoi90aLnLoh/zXK7AY=,1970-01-17 09:08:39.375102,1970-01-16 22:55:00,1970-01-16 23:00:00,0.002288818359375,0.012176513671875,0.00022792816162109375,0.001331329345703125,0.0013427734375,0.001331329345703125,1970-01-17 09:00:00
QXNirTL84KUsi2ZGntOYA15Vauoi90aLnLoh/zXK7AY=,1970-01-17 09:08:39.375142,1970-01-16 22:55:00,1970-01-16 23:00:00,0.002288818359375,0.012176513671875,0.00022792816162109375,0.001331329345703125,0.0013427734375,0.001331329345703125,1970-01-17 09:00:00
QXNirTL84KUsi2ZGntOYA15Vauoi90aLnLoh/zXK7AY=,1970-01-17 09:08:39.376597,1970-01-16 22:55:00,1970-01-16 23:00:00,0.002288818359375,0.012176513671875,0.00022792816162109375,0.001331329345703125,0.0013427734375,0.001331329345703125,1970-01-17 09:00:00
QXNirTL84KUsi2ZGntOYA15Vauoi90aLnLoh/zXK7AY=,1970-01-17 09:08:39.377781,1970-01-16 22:55:00,1970-01-16 23:00:00,0.002288818359375,0.012176513671875,0.00022792816162109375,0.001331329345703125,0.0013427734375,0.001331329345703125,1970-01-17 09:00:00
QXNirTL84KUsi2ZGntOYA15Vauoi90aLnLoh/zXK7AY=,1970-01-17 10:20:13.226069,1970-01-16 22:55:00,1970-01-16 23:00:00,0.00211334228515625,0.012176513671875,0.00022792816162109375,0.001331329345703125,0.0013427734375,0.001331329345703125,1970-01-17 10:00:00
QXNirTL84KUsi2ZGntOYA15Vauoi90aLnLoh/zXK7AY=,1970-01-17 10:20:13.226525,1970-01-16 22:55:00,1970-01-16 23:00:00,0.00211334228515625,0.012176513671875,0.00022792816162109375,0.001331329345703125,0.0013427734375,0.001331329345703125,1970-01-17 10:00:00
QXNirTL84KUsi2ZGntOYA15Vauoi90aLnLoh/zXK7AY=,1970-01-17 10:20:13.226689,1970-01-16 22:55:00,1970-01-16 23:00:00,0.00211334228515625,0.012176513671875,0.00022792816162109375,0.001331329345703125,0.0013427734375,0.001331329345703125,1970-01-17 10:00:00
QXNirTL84KUsi2ZGntOYA15Vauoi90aLnLoh/zXK7AY=,1970-01-17 10:20:13.226841,1970-01-16 22:55:00,1970-01-16 23:00:00,0.00211334228515625,0.012176513671875,0.00022792816162109375,0.001331329345703125,0.0013427734375,0.001331329345703125,1970-01-17 10:00:00
QXNirTL84KUsi2ZGntOYA15Vauoi90aLnLoh/zXK7AY=,1970-01-17 10:20:13.226961,1970-01-16 22:55:00,1970-01-16 23:00:00,0.00211334228515625,0.012176513671875,0.00022792816162109375,0.001331329345703125,0.0013427734375,0.001331329345703125,1970-01-17 10:00:00
QXNirTL84KUsi2ZGntOYA15Vauoi90aLnLoh/zXK7AY=,1970-01-17 10:20:13.227137,1970-01-16 22:55:00,1970-01-16 23:00:00,0.00211334228515625,0.012176513671875,0.00022792816162109375,0.001331329345703125,0.0013427734375,0.001331329345703125,1970-01-17 10:00:00
QXNirTL84KUsi2ZGntOYA15Vauoi90aLnLoh/zXK7AY=,1970-01-17 10:20:13.228575,1970-01-16 22:55:00,1970-01-16 23:00:00,0.00211334228515625,0.012176513671875,0.00022792816162109375,0.001331329345703125,0.0013427734375,0.001331329345703125,1970-01-17 10:00:00
QXNirTL84KUsi2ZGntOYA15Vauoi90aLnLoh/zXK7AY=,1970-01-17 10:20:13.228887,1970-01-16 22:55:00,1970-01-16 23:00:00,0.00211334228515625,0.012176513671875,0.00022792816162109375,0.001331329345703125,0.0013427734375,0.001331329345703125,1970-01-17 10:00:00
QXNirTL84KUsi2ZGntOYA15Vauoi90aLnLoh/zXK7AY=,1970-01-17 10:20:13.229395,1970-01-16 22:55:00,1970-01-16 23:00:00,0.00211334228515625,0.012176513671875,0.00022792816162109375,0.001331329345703125,0.0013427734375,0.001331329345703125,1970-01-17 10:00:00
QXNirTL84KUsi2ZGntOYA15Vauoi90aLnLoh/zXK7AY=,1970-01-17 10:20:13.230062,1970-01-16 22:55:00,1970-01-16 23:00:00,0.00211334228515625,0.012176513671875,0.00022792816162109375,0.001331329345703125,0.0013427734375,0.001331329345703125,1970-01-17 10:00:00
QXNirTL84KUsi2ZGntOYA15Vauoi90aLnLoh/zXK7AY=,1970-01-17 10:20:13.230112,1970-01-16 22:55:00,1970-01-16 23:00:00,0.00211334228515625,0.012176513671875,0.00022792816162109375,0.001331329345703125,0.0013427734375,0.001331329345703125,1970-01-17 10:00:00
QXNirTL84KUsi2ZGntOYA15Vauoi90aLnLoh/zXK7AY=,1970-01-17 10:20:13.231187,1970-01-16 22:55:00,1970-01-16 23:00:00,0.00211334228515625,0.012176513671875,0.00022792816162109375,0.001331329345703125,0.0013427734375,0.001331329345703125,1970-01-17 10:00:00
QXNirTL84KUsi2ZGntOYA15Vauoi90aLnLoh/zXK7AY=,1970-01-17 10:20:13.231699,1970-01-16 22:55:00,1970-01-16 23:00:00,0.00211334228515625,0.012176513671875,0.00022792816162109375,0.001331329345703125,0.0013427734375,0.001331329345703125,1970-01-17 10:00:00
QXNirTL84KUsi2ZGntOYA15Vauoi90aLnLoh/zXK7AY=,1970-01-17 12:26:18.227001,1970-01-16 22:55:00,1970-01-16 23:00:00,0.00211334228515625,0.012176513671875,0.00022792816162109375,0.001331329345703125,0.0013427734375,0.001331329345703125,1970-01-17 12:00:00
QXNirTL84KUsi2ZGntOYA15Vauoi90aLnLoh/zXK7AY=,1970-01-17 13:26:13.776532,1970-01-16 22:55:00,1970-01-16 23:00:00,0.00211334228515625,0.012176513671875,0.00022792816162109375,0.001331329345703125,0.0013427734375,0.001331329345703125,1970-01-17 13:00:00
QXNirTL84KUsi2ZGntOYA15Vauoi90aLnLoh/zXK7AY=,1970-01-18 04:09:41.051105,1970-01-18 02:32:46,1970-01-18 02:35:00,0.00537109375,0.03179931640625,0.010650634765625,0.00576019287109375,0.03741455078125,0.005889892578125,1970-01-18 04:00:00
QXNirTL84KUsi2ZGntOYA15Vauoi90aLnLoh/zXK7AY=,1970-01-18 04:15:56.472458,1970-01-18 02:32:46,1970-01-18 02:35:00,0.00537109375,0.04364013671875,0.010650634765625,0.00576019287109375,0.03741455078125,0.005889892578125,1970-01-18 04:00:00
